0000	|
0000	
0000	|
0000	HOW TO BUILD YOUR OWN |
0000	| SELF-PROGRAMMING ROBOT |
0000	i |
0000	| |
0001	i, No. 1244
0001	$12.95
0001	Dedication
0001	This book is dedicated to three personalities that have had the most |
0001	influence on the project: my wife Judy, my son Paul, and my robot 1
0001	us : HOW TO BUILD YOUR OWN
0001	; SELF-PROGRAMMING ROBOT
0001	Other TAB books by the author: | BY DAVID l HEISERMAN
0001	No. 714 Radio Astronomy for the Amateur
0001	No. 841 Build Your Own Working Robot
0001	No. 971 Miniprocessors: From Calculators to Computers
0001	No. 1101 How to Design & Build Your Own Custom TV Games
0001	BLUE RIDGE SUMMIT, PA. 17214 |
0002	Preface f
0002	FIRST EDITION
0002	Tomy knowledge, this is the first practical, how-to book dealing with
0002	FIRST PRINTING—SEPTEMBER 1979 machine intelligence. Specifically, the book shows how to build a
0002	machine that learns to adapt to changing circumstances in its own
0002	Copyright © 1979 by TAB BOOKS environment. It is about a machine that programs itself to deal with
0002	Printed in the United Slates bl America problems of the moment and devise theories for dealing with similar
0002	problems in the future.
0002	Reproduction or publication of the content in any manner, without express This little creature, dubbed Rodney, is a most remarkable
0002	permission of the publisher, is prohibited. No liability is assumed with respect ] machine in the present scheme of things. To be sure, there are a
0002	to the use of the information herein. mule : : :
0002	number of fascinating, robot-like machines roaming the workshops
0002	of amateur experimenters these days, but Rodney is in a class by
0002	Library of Congress Cataloging in Publication Data | himself.
0002	Heiserman, David L. 1940- ' Rodney is a self-programming machine, and as such, he de-
0002	How to build your own self-programming robot. velops a unique personality. No two Rodney machines behave
0002	: exactly the same way. Wipe out the self-generated memory, and
0002	Includes index. E Fi
0002	4 Anomats & We: Rodney will develop another one that is bound to be somehow
0002	TJ211.H36 629.892 79-16855 different from the first.
0002	aan Perel hk | ___ Rodney can exist quite well without any sort of direct human
0002	intervention. One exciting experiment with this machine is to wipe
0002	out its memory, roll it into a room with its battery charger, and close
0002	the door for a couple of days. Leave him alone in there for a month, if
0002	you want, but the machine won't be idle.
0002	It will be snooping around its environment, building up its own
0002	' impressions of what the world is like and developing ways to cope
0002	with it. When you finally open that door and step into the room, you
0002	; will be facing a unique little personality.
0002	q Maybe you won't like certain aspects of that personality. Play
0002	with him for a while, though, and you can develop some theories on
0002	how to mold that personality into a more suitable format. Rodney is
0002	self-programmable, but he is trainable.
0002	
0002	Building Rodney is, in itself, a valuable learning experience, but
0002	even that pales when compared with the opportunity to work with an |
0002	intelligent little machine personality.
0002	
0002	David L. Heiserman
0003	Contents f |
0003	1 Robots, Machine Intelligence, and Rodney ..........c0ssccssseereeeD
0003	} What’s So Tough About This Project?—A Critical Turning
0003	Point—What Is A Robot?—Is Rodney A Real Robot?—The Evolu-
0003	' tion of Machine Intelligence—Is This For Real?—How To Answer
0003	Questions About Your Rodney Robot
0003	2 The Rodney System—An Overall View............csscsssssecsseere ZO
0003	A Few Comments About the Microprocessor—Rodney’s Micro-
0003	: processor System—Origin of the Busses—A Block Diagram
0003	; View—Memories and I/O Ports on the Data Bus—Memories and
0003	Function-Select on the Address Bus—More About the Role of the
0003	Microprocessor—The Front-Panel Assembly—Rodney Main-
0003	frame and Nest
0003	3 Before We Get Started icsccssesisesesiernssacdnensecsrcectansohannconcapesosiiO
0003	{ Read the Book Before You Start Building—Keep Track As You Go
0003	| Along—Gathering Parts and Materials—Test and Troubleshoot as
0003	You Go Along—Justifying the Cost of the Project
0003	| 4 Robot Mainframe and Auxiliary Power Supply... 44
0003	2 Mainframe Considerations—Auxiliary Power Supply
0003	5 Front Panel Program/Test Assembly............s:ssssscssesesssressers OD
0003	' Theory of Operation—Electrical Components of the Front-Panel
0003	System—Constructing and Testing the Front Panel—Wiring the
0003	; Data and Address Section of the !/O Board—Front-Panel System
0003	Tests—Testing and Troubleshooting
0003	| 6 Function-And 1/0-Select Circuitry ...........0sessesesessssscsenns OS
0003	Theory of Operation-An Overall View—Detailed Theory of
0003	4 Operation—Assembling the Select Circuitry—Testing and Trou- |
0003	bleshooting the System
0003	7 Installing and Testing the Program RAM and Primary Ports..100
0003	Additions to the CPU Board—Additions to the I/O Board—Testing
0003	the Program RAM, Port 0, and Port 2
0100	8 Motor Drive and Power-Distribution AssemblieS ........s00021 17 :
0100	Motor Control Circuit Theory—Rodney’s Responses to Motor-
0100	Control Signals—Motor Speed Sense Circuit—Power-Distribution
0100	Section—Assembling the Motor Control and Power Panel— j
0100	Installing and Testing the Motor-Control System—installing and
0100	Testing the Motor Speed Sense Circuit—Adding Circuitry for '
0100	“Feed” Sensing
0100	
0100	Q Adding the Microprocessor and Building the Nest...............140 Robots, Machine
0100	The Microprocessor and Buffer Se ee ae othith intel li ence an d Rodne
0100	and Microprocessor—Solving the Noise Problem—Installing
0100	Rodney’s Bieber and Charge Rings—The Nest Assembly—The g ) y
0100	Battery-Charger System
0100	
0100	1 0 Running Alpha POM GY sec ccsccdacccipecoutcccestrececncpesestioannanasneenss OPE
0100	Alpha Rodney-One-The Simplest System—The Alpha Rodney-
0100	
0100	One Program—Firing Up Alpha Rodney-One I would really like to know the answer to one question; why are you
0100	Adding Main Memory and a Look at Beta Rodney......175 | reading this book? I will probably never know your answer; and, at
0100	
0100	1 1 The Main Memory System—Adding Main Memory to the CPU this point, you might not know the answer yourself.
0100	Board—Checking the Main Memory System—Running Beta It is important to determine a good reason for reading this book,
0100	Rodney—Beta Rodney-One Programs | because your answer will most likely determine whether or not you
0100	
0100	will finish reading it. This is a tough book to read, and if your own
0100	SUITIA ROUMNOY .icssccecsresesceresce stacsererersssoscans | ee ad,
0100	
0100	1 2 otter riety SanitkeOiss Baoees Gamma-Rodney curiosity about real robots and your own desire to build one for
0100	Scheme—Gamma Program Fiowcharts—The Gamma yourself aren’t strong enough, you are likely to become discouraged
0100	Programs—Reverting Back to Beta with all the technical matters crammed between these two covers.
0100	
0100	_ I’m not trying to discourage you from reading the book—
0100	
0100	1 3 Adding a Cassette aoe an late heaven forbid! Rather, I’m hoping to help set the stage for a big
0100	Cassette Tape Interface Circuit—Adding the PROM to the CPU : ae : :
0100	
0100	Board—Using the Tape Interface—The Tape Interface Program project, and get you thinking along some lines that will help you do
0100	{ the job successfully.
0100	
0100	14 Expanding the Rodney SYStOM ..sscsvsscccssssesecrsseenersstensennseenses 227 This book does not make good armchair reading. There is too
0100	Low-Battery Sensing Ce ee ee much to learn, think about, and do. A casual reader is bound to get
0100	penises a o pre Man hemor Andree i lost or discouraged early in the going. So if you are hoping to find
0100	
0100	some casual reading about robots, you would do well to look around
0100	HANS cesede eecrate eet ctdesmecieeneanssentoescnaaceantneate SORE 7 for’a diferent lind) of Book on the sibiect
0100	1 But, if you are honestly interested in learning something truly
0100	significant about robots, or if you are interested in getting in on the
0100	ground floor of a new technology that promises to have some impact
0100	! on all our lives in the near future, this is the right book for you.
0100	WHAT'S SO TOUGH ABOUT THIS PROJECT? |
0100	There are two phases to this project: studying and understand-
0100	ing the material in this book and building the Rodney robot system
0100	: itself. Both phases demand a certain kind of discipline that isn’t
0100	altogether common these days. While I do attempt to make it all
0100	seem as simple and logical as possible, the real burden of understand-
0100	ing and carrying out the instructions is on your shoulders.
0100	; 9
0101	starting out with some preconceived ideas about what artificial
0101	The study and understanding of this book will be difficult for intelligence ought to be.
0101	many readers because it demands a certain level of acquaintance | It is a good idea to read through the book first—all the way
0101	with digital electronics, microprocessors and related IC devices, and through. If nothing else, this first reading will point out what you
0101	microprocessor programming. I am not saying you must have a | must learn from other sources before getting really serious about
0101	college degree in electrical engineering and computer science to the job. Then pick up any of the necessary aids and use them to help
0101	understand this book; but, if you aren’t acquainted with the funda- | you understand the circuit theory and principles and the program-
0101	mental subjects I have listed here, you will have to find a few other _ ming end of the job. Forget anything you might have learned about
0101	books to help you. Such a book would be TAB’s Understanding artificial intelligence, and study the book more thoroughly a second
0101	Electronics. f time. Only then will you be adequately prepared to start building the
0101	I would suggest finding a good book describing the fundamen- machine.
0101	tals of digital electronics. Such a book will help you work your way Building Rodney calls for some previous experience with con-
0101	through the theory of some of the logic circuits in the Rodney structing electronic circuits, especially IC circuits. You will have to
0101	system. A good book would be TAB’s Digital/Logic Electronics : know good soldering and wire-wrapping techniques, and of course,
0101	Handbook. you will have to be able to follow schematics and wiring diagrams
0101	I also suggest picking up a copy of Intel’s MCS-85 User's with: eontdence:
0101	Manual and Texas Instrument’s TTL Data Book and TAB's Digital It isn’t easy to pick up the necessary level of construction
0101	Interfacing With An Analog World. All are available in most com- experience, something that comes only by doing it many times.
0101	puter stores. Between these three books, you will have complete Beginners would do well to find a friend or acquaintance who does
0101	descriptions of all the IC devices used in the Rodney system, and the have the necessary experience and can help get things going prop-
0101	Intel book includes a complete summary of the machine-language q erly.
0101	rogramming procedures.
0101	‘i am feng my part of the job by presenting the theory of A CRITICAL Uae lit iain 5
0101	operation of the circuits and programming in a fashion that is as Why are you still reading this book? Maybe you aren't so sure of
0101	logical as possible and as complete as is practical. And, with the aids the answer to that question any more. I have given you the “bad
0101	just mentioned, the rest is up to you. news first, and some of you might be seriously thinking about giving
0101	’ Even an individual with no background in digital electronics and up robotics for something less demanding such as fishing or gourmet
0101	microprocessor can work his way through this book, the equivalent cooking. = es
0101	of a full one-year course in these subjects. } To this point you have only seen how tough the project is going
0101	There is, however, a whole different angle to the matter of ( to be, at least as it is filtered through the context of your own past
0101	studying and understanding this book. Much of the theory material experience. Any task this demanding must have a terrific payoff,
0101	deals with a topic that some would call artificial intelligence. Person- else there would be no rational reason for carrying it any further. So,
0101	ally, I prefer to call it machine intelligence, a matter of semantics we 7 here comes the “good” news. _
0101	needn’t deal with at this time. You are going to be studying about an _ Rodney is a very, very special sort of machine, and before you
0101	intelligent machine, and that means you will be dealing with some | finish reading this chapter, I hope you will see Rodney as a creature
0101	rather new and unusual ideas. As it is applied here, there are no : that effectively bridges the evolutionary gap between machines and
0101	other sources of information on machine intelligence. In fact, other animals. Just think about it—a creature that is certainly a man-made |
0101	books on artificial intelligence will prove to be a hinderance to machine, and yet one that exhibits the fundamental characteristics
0101	understanding this one. You will be better off knowing nothing at all (excepting reproductivity) of lower animals.
0101	about artificial intelligence, because there won't be anything to It is important to realize that Rodney is not merely a machine
0101	confuse the matter and you won't have to unlearn old principles that that mimics animal behavior. Researchers have been trying to build
0101	don’t apply very well to Rodney. So the Jess you already know about : machines that mimic animal and human behavior for a long time now,
0101	artificial intelligence and computer programs that work with it, the and the results hardly justify all the work that must be put into the
0101	easier you will understand this book. It will be tough if you are | Rodney project.
0101	10 "1
0102	Rodney is a unique creature in his own right. He often appears Robot—A Matter of Semantics
0102	to behave as a simple animal, but that is incidental to the philosophy When thinking about real robots, consider two alternate names,
0102	of the whole thing. Rodney belongs to a new class of machines that cyborg and automaton. These are the key expressions.
0102	will soon fulfill the science-fiction fans’ dream of what robots ought to The term cyborg comes from the same root as cybernetics —the
0102	be. Take a moment to consider what a real robot (¢.e., Rodney) science of closed-loop feedback or servo systems pioneered by
0102	ought to be. Norbert Wiener in the 1940s. A robot, then, must have cybernetic
0102	WHAT IS A ROBOT? | features, but that only expresses one aspect of how the job is done.
0102	The formative period of any new technology is an especially It doesn’t really say what a robot is—what separates it from any
0102	sensitive one. Mistakes or misconceptions in the early going can other class of automatic machinery in existence today.
0102	confuse and misdirect the efforts of well-meaning experimenters for Now, consider the term automaton. This word comes from the
0102	years to come. Unless we are careful about laying the basic ' same root as automatic; what is even more meaningful is the fact it
0102	philosophical foundations of robotics now, we run the risk of wasting ; shares ig iw epacnis: heritage with the word autonomous —and this
0102	time, effort, and money developing machines and concepts that lead word is the key to defining a robot.
0102	nowhere. . A robot must be an autonomous machine, a machine capable of
0102	
0102	This is the time to get the basics of robotics straight; the logical carrying out functions on its own. A typical computer system is not
0102	starting point seems to be working up a good definition of robot. This an autonomous machine. As sophisticated as some computers might
0102	is really getting down to basics, but there is a definite need for be, they must interact with a human operator to do anything useful at
0102	carrying an initial analysis to this extreme. The term robot is a coined all. A robot is not a slave, but a “free” machine. It is a free-will
0102	expression that doesn’t define itself as technical terms often do. machine that can certainly obey the commands of a human operator,
0102	
0102	What many people think a robot should be, really isn’t a robot at : but only as long as those commands do not violate any higher-priority
0102	all. It is difficult for such people to understand the legitimate defini- | needs and desires.
0102	tion since they try force-fitting it to their existing misconceptions. | _ Given a command or goal by a human operator, a true robot
0102	For this reason, it is perhaps a good idea to spell out first what a must be free to execute that command and achieve the goal, freely
0102	robot is not—to tear down some old structures and make way for a deciding exactly how to go about it. And, whenever the robot is not
0102	more useful and exciting one. actively pursuing a goal set by its human operator, it must be free to
0102	What A Robot Isn't | we and work toward goals of its own.
0102	
0102	There are two major classes of electromechanical contrivances tok pind na a biphones but nie ee of what a
0102	making something of a stir in the popular media these days. Some of ! inicipabtel GpeataRiG yborg—can and must do. Any machine
0102	them are quite complex and very interesting machines, but they are P iting autonomous behavior is not a robot at all.
0102	not real robots. They are merely imitations—parabots, if you will. | Integrative Behavior Is The Key
0102	
0102	One class of parabot calls for having a human operator manipu- i :
0102	late the machine by remote control. Would-be roboticists must not 7 The philosophy behind the construction of a truly autonomous
0102	be misled into believing any sort of remote-controlled machine that is cyborg, as incredible as the concept might seem at first, is not really
0102	manipulated by a human operator is any more vital to the evolution of sai 1 oe waa these days. Buster III, described in Build
0102	machine technology than remote-controlled airplanes. Forget about ‘our Own Working Robot (TAB book No. 841), is an example of a
0102	any machine that relies on the in-line intervention of a human being. a lower-order robot. Buster III can operate without the need for direct
0102	Th few a rabot. | human intervention; he can seek out his own battery charger and
0102	
0102	The second major class of parabots simply replaces the remote ; feed himself when the need arises; he can work his way around most
0102	human operator with a small computer system. It is certainly possi- kinds of physical barriers and generally interact with his environment
0102	ble to play an endless variety of sterile computer programs through a ] — that clearly indicates some underlying intelligence.
0102	cleverly interfaced set of mechanical gadgets, and end up with some Buster's brain is not a conglomeration of discrete, task-
0102	fascinating effects. All this can be done, however, without really performing programs. The system is far more dynamic than is
0102	jumping the technological gap into the era of Pobonee, ' possible with the sort of thinking that goes into building parabots.
0102	12 : 13
0103	The brain of a true robot is an integrated network of simple and basic terpreted my intent. Rather than carrying the Buster project
0103	functions that are orchestrated according to on-line environmental through to the point where he became an autonomous creature, a
0103	conditions and the task set before the machine. good many experimenters stopped at the point where they could get
0103	The Rodney system described in this book moves several steps full control of the machine.
0103	higher on the scale of robot technology. This new machine not only It certainly is exciting and a lot of fun to run Buster around the
0103	reacts in a quasi-rational manner to its environment, but deals with floor by manipulating a set of switches, but the scheme hardly
0103	that environment, even altering it if necessary and possible—as { qualifies as a real robot. It is rather an expensive, over-designed
0103	judged by itself! remote-controlled toy.
0103	1 You will find it very difficult to play with Rodney in this fashion.
0103	HOW More Important Than WHAT { Control switches are included, but mainly for programming pur-
0103	Putting together the basic working definition of a robot and the poses. Rodney simply cannot perform in an interesting way unless
0103	integrative techniques for implementing that definition, one central he is turned loose and allowed to pursue his own unique manner of
0103	theme emerges: It is far more important at this point to think in dealing with the world around him.
0103	terms of how a robot carries out its tasks than it is to become carried ____At this point in the discussion, you should be getting at least an
0103	away with what it can or cannot do. } intuitive idea about what a robot should be and what Rodney is all
0103	What really distinguishes man from other animals? Of course, | about. By design, Rodney is an independent, free-willed creature
0103	we could point to an infinite variety of political, social, economic, and that can operate from any one of three levels of machine intelligence.
0103	technological achievements through the history of mankind, but all :
0103	these things merely reflect sci deeper in the human makeup. . THE EVOLUTION OF MACHINE INTELLIGENCE
0103	The real essence of man is bound up in how his mind works, rather Most of the so-called robots that exist today are mere shadows
0103	than what he does as a result. of what they could be. The world is primed for a major explosion in
0103	Manis unique in his capacity for rational, imaginative, and often robot technology, but the people trying to light the fuse are using
0103	highly abstract thought. No other animal has the ability to think, wet matches.
0103	judge, and interact with the environment on the same level as man . What is needed are dynamic, self-programming, general-
0103	does. The thinking comes first, and the achievements are the result. purpose machines capable of setting and pursuing their own goals in
0103	A true robot is to other machines as man is to other animals. If the context of the world as the machines, themselves, perceive it.
0103	roboticists can shed their current misconceptions and begin thinking : The film Star Wars portrays robots as free-willed machines that are
0103	in terms of an autonomous machine equipped with integrative reflex, . fully capable of dealing with a complex environment in meaningful
0103	decision-making, and goal-setting mechanisms, we can expect to ways. Now that’s the kind of robot people really want, and that’s the
0103	see a new order of machine exhibiting a rich variety of behavioral I kind of robot we must think about from now on.
0103	modes that make other machines seem to be the lower-class ; oe
0103	mechanisms they really are. | Simple Yet Sophisticated
0103	It is going to take some time and a lot of effort to evolve a
0103	IS RODNEY A REAL ROBOT? : machine as sophisticated as little Artoo-Detoo in Star Wars, but we
0103	The Rodney system is indeed an autonomous cyborg—a truly have to start somewhere; I am convinced the starting point is a
0103	independent creature that does “its own thing.” You, as Rodney’s scheme called an Alpha-Class robot. An Alpha-Class robot is one
0103	human owner, can interact with Rodney’s free-will mechanisms. . whose responses are limited to basic reflex activity. One can include
0103	However, don’t be surprised when Rodney treats you as a mere any number of sensory systems to sense light, sound, touch, and so |
0103	environmental factor, rather than an absolute master. j on, but the responses are purely reflexive, and for the most part,
0103	One of the philosophical mistakes I made when writing my book random in nature.
0103	about Buster, Build Your Own Working Robot, was including some My Buster machine includes the basic elements of an Alpha-
0103	attractive remote control mechanisms. These mechanisms were Class robot, but Rodney more clearly exemplifies the character of an
0103	really meant for testing purposes, but many reader/builders misin- Alpha-Class mechanism. Rodney’s responses include feeding (re-
0103	14 | %
0104	charging his own battery) and a series of nine different motion | To get a clearer impression of how a Gamma-Class robot learns
0104	patterns such as spinning clockwise or counterclockwise, moving f and thinks, suppose its initial successful response to a bright flashing
0104	slowly forward or backward with a slight turn, running fast forward, light is to attack and knock it over. The machine generalizes that
0104	and so on. particular aggressive response to a wide range of different environ-
0104	
0104	Rodney’s sensory system is limited to knowing when he has mental situations involving bright lights and, perhaps, any sort of
0104	made contact with the feeder and sensing a stall condition when he is ; light in general. It is impossible to say how deep this experience will
0104	supposed to be moving. This machine responds to contact with the penetrate the robot’s view of his world. To be sure, this particular
0104	
0104	feeder by remaining motionless and absorbing energy as long as it is machine will exhibit elements of aggressive behavior that might even
0104	available. He responds to a stall condition by going through a series extend to situations other than those directly related to bright
0104	of quasi-random spinning and turning motions that continue until the flashing lights.
0104	
0104	stall condition is cleared.
0104	
0104	Alpha-Class robots might seem too simple to be of any real Alter Its Response
0104	importance. Indeed, they are simply little creatures, but they do not Now, suppose the human experimenter sees these elements of
0104	represent a trivial step in the evolution of real robots. They manage ; aggressive behavior as being somewhat undesirable or inappro-
0104	to survive quite well in a moderately complex environment just as ] priate. If that is the case, the experimenter can attempt to alter the
0104	their organic counterparts, one-celled creatures, have survived | response, perhaps by flashing a light in the robot’s eyes while speak-
0104	throughout earth’s biological history. ing to it in soft tones. If the robot has learned to respond in a positive
0104	
0104	Alpha-Class robots merely mark the starting point for the ] fashion to soft-spoken tones, the experimenter can alter much of
0104	evolution of robot machines. A Beta-Class robot is slightly more what the machine deems as a threat from flashing lights. But
0104	intelligent than any Alpha-Class version. Beta robots have the same whether or not the machine will again attack bright lights when the
0104	primitive reflex mechanisms, but they are also to remember reflex q experimenter isn’t present is something that can be determined only
0104	responses that work best under a given set of circumstances. So by careful experiment.
0104	whenever a Beta-Class robot manages to extricate itself via a set of We are not trifling with mere gimmicks here. These are not
0104	random responses from an undesirable environmental condition, it . toys or slave machines. We are dealing with the evolution of machine
0104	remembers the one response that worked and then uses it im- { intelligence on a level and in terms that are rather unique today.
0104	mediately whenever the same situation arises again. The responses Why should we be content to settle for anything less than the
0104	are purely reflexive and random the first time around, but they most challenging approach to robotics?
0104	become more rational as the machine gains experience with the
0104	world around it. 1S THIS FOR REAL?
0104	
0104	The number of sensory elements and motor responses can be Are these descriptions of autonomous robots and three levels
0104	extended indefinitely, but as long as the robot must encounter a 4 of machine intelligence for real? Or, is it all the muttering of a writer
0104	given situation at least one time before learning and remembering who cannot separate reality from fantasy?
0104	the correct response, it remains a Beta-Class robot. ; Well, it’s all for real, believe me. If you don’t believe it, I
0104	
0104	AGamma-Class robot includes the reflex and memory features challenge you to work your way through this book and build Rodney
0104	of the two lower-order machines, but it also has the ability to for yourself. If you then enter the four classes of machine-
0104	generalize whatever it learns through direct experience. Once a : intelligence programs listed in the closing chapters of the book, andif
0104	Gamma-Class robot meets and solves a particular problem, it not you take the time to observe your machine’s behavior carefully, you
0104	only remembers the solution, but generalizes that solution into a 1 will become a believer. In fact, you'll be forced to believe it because
0104	variety of similar situations not yet encountered. Such a robot need all of this will take place right in front of you.
0104	not encounter every possible situation before discovering what it is q No, it isn’t an easy task by any means. No pioneering effort of
0104	supposed to do; rather, it generalizes its first-hand responses, { any real consequence is easy. I’m sure someone will one day start
0104	thereby making it possible to deal with the unexpected elements of ] making finished, commercial versions of Rodney-like machines.
0104	its life more effectively. Until that day arrives, however, you have a chance to do something
0104	16 | 17
0105	no other generation of man has had a chance to do—build your own What most people expect of a robot and what you can deliver
0105	intelligent creature. with Rodney are worlds apart. In fact, people would be more im-
0105	| ‘hanes with a remote-controlled machine that could be used for
0105	ixing a good martini than a free-willed machine that actually repre-
0105	HOW TO ANSWER QUESTIONS ABOUT YOUR RODNEY ROBOT | sents a quantum jump in the technology. vs
0105	Anyone who has ever built a robat or parabot sooner or later It really is hard to explain Rodney and thereby justify your work
0105	has to answer the following question: What does your robot do? This . to others. It takes some explaining, with you playing the role of
0105	is a terrible question because it implies your machine ought to do { teacher. You have to ignore the question, “What does your robot
0105	something that is either obviously dramatic (such as speak intelli- do?” and turn things around to the proper angle.
0105	gently on some subject) or do some useful slave-type work. Most For one thing, Rodney is an adaptive mechanism. He is de-
0105	people think of robots as people-pleasing slave machines whose sole ] signed to adapt to changes in his environment. He doesn’t do any
0105	task is to either amuse or do useful work. particular task (in the ordinary sense) very well. But he is able to
0105	Unless you happen to have some acquaintances who are up-to- : cope with a changing set of external circumstances better than any
0105	date as far as modern robotics and machine intelligence is con- remote-controlled, pre-programmed machine can.
0105	cerned, you are going to be the only person around who really : You can bind up one of Rodney’s wheels, wipe out a section of
0105	appreciates little Rodney. Everyone else’s head is in a different | main memory and destroy some of the sensory mechanisms, and
0105	place, and they are going to have a hard time understanding what Rodney will survive! Rodney will attempt to adapt his whole being to
0105	Rodney is all about. whatever conditions exist at the time. That cannot be said for some
0105	When most people find that Rodney doesn’t recite poetry, : of the more razzle-dazzle parabots making the rounds on TV talk
0105	sweep the floor, mix drinks, and answer the door, they are going to shows these days!
0105	think you are some kind of nut. Maybe that doesn’t bother you. Fine, 1 Rodney is the kernel of a whole new breed of creature which
0105	you're in good shape. has never roamed the face of the earth before. Besides, if someone
0105	But, maybe you don’t like to be considered a nut; or more asks you what your robot does and they don’t buy your answer, it’s
0105	importantly, maybe you are interested in helping others understand | their problem. They are missing the whole point of a most exciting
0105	the importance of the work. If that’s the case, first try seeing the . and challenging adventure.
0105	situation from the other side.
0105	Suppose you are an inventor in the days when Thomas Edison
0105	was still setting up his first electric power company. People have j
0105	heard fantastic things about electricity, but few have experienced its
0105	work first hand. And someone asks you, “What are you inventing 7
0105	these days.” |
0105	“An electric blanket,” you reply with no small amount of én-
0105	thusiasm.
0105	The questioner backs away a few steps and looks at you ina sort
0105	of funny way. After all, what kind of screwball would spend a lot of
0105	time and money working on an electric blanket that automatically
0105	rolls itself up and down on the bed?
0105	The American public has a pretty good idea of what a robot
0105	ought to be—or at least it thinks it does. Most people draw their .
0105	notions about robots from recent films and TV programs that include
0105	some mechanical critters that strike our fancy. These robots, of
0105	science-fiction tradition, certainly have some fine qualities worth
0105	obtaining, but we are still setting up the basic foundation these days.
0105	18 19
0200	the Intel 8085, costs less in the long run, provides a much higher
0200	degree of system flexibility, and calls for simpler hardware designs
0200	than any alternate scheme.
0200	After demonstrating to my own satisfaction that the Rodney
0200	system ought to be built around a microprocessor, I looked into the
0200	possibility of using some commercially available microprocessor
0200	systems, ready-made systems and bare-bones processor boards
0200	Th e Rod n ey System | that included most of the hardware features Rodney needs. The idea
0200	‘ ; was to pay a bit more money for a semi-completed system, but save
0200	—An Ove rall View a lot of time and nuts-and-bolts construction work.
0200	The notion of fitting a ready-made home computer into. the
0200	robot mainframe seemed to be an attractive idea at first. While the
0200	‘ : : te price of such systems is quite high, this idea has some appeal
0200	Chapter 1 presented a rather philosophical view of the pie ve ! | because home computers are already outfitted with keyboards and
0200	slates d his what a robot ought to be ane cesspinal an ai monitors that make it simple to program the system in the BASIC
0200	machine intelligence ought to evolve. By the ge oh A eae ; programming language. Plus, when the system isn’t being used in
0200	this chapter, Ou sho Migaete ppeettnesane tied aunt hy Heware | the robot, it could be applied as a normal home computer that most
0200	engaging in the project in the first place. fe technically inclined people want around the house anyway.
0200	
0200	This chapter provides an overall view 0 ue eee one | Well, that idea turned sour in a very short time. Home com-
0200	more technical viewpoint. It shows how a cosinlnnads hte i puters are engineered mainly for computer operations of a more
0200	the scheme, it lists the a and output circuits you ek oe traditional sort, and the problems and cost of interfacing such a
0200	and it presents some introductory notes concerning the system system with Rodney turned out to be prohibitive. So much for the
0200	programming. idea of fitting a ready-made home computer into the Rodney main-
0200	
0200	frame.
0200	A FEW COMMENTS ABOUT THE MICROPROCESSOR 4 I had a chance to work with the idea of using a ready-made CPU
0200	
0200	The Rodney system uses Intel’s 8085 8-bit microprocessor. board (a bare, one-board microcomputer) for quite some time. The
0200	This chip is a generation ahead of the older 8080 version that has { basic boards sell for $250 or less, and they can be adapted for a wide
0200	found its way into so many modern industrial controls and consumer ’ range of control and computer applications. But these boards didn’t
0200	electronic products. The 8085 represents a marked improvement in | match Rodney’s special needs very well. Either there was a lot of
0200	the technology, calling for fewer output IC devices, a simpler power circuitry on the ready-made boards that wasn’t really needed, or else
0200	supply, and having a serial input/output port built within the IC. q the scheme called for adding outboard circuitry that cost more than
0200	
0200	The advantages of the 8085 microprocessor make it a compel- the computer board itself. So, I reluctantly scrapped the idea of
0200	ling choice for the Rodney system. To be sure, the older 8080 costs : building Rodney around a commercial one-board computer unit and
0200	less, at least until you add in the cost of the two major support chips decided to build the whole thing from scratch.
0200	and two additional regulated supply voltages. Now, Iam convinced that in this particular case we are all better
0200	
0200	At the time of this writing, the Intel 8085 has not yet found its off building the microprocessor system from the ground up. One big
0200	way into the surplus electronics market; but, if its history follows ; advantage of doing the job this way is that it is highly educational.
0200	that of all other microprocessor IC devices, it will indeed be available What better way to learn the real nitty-gritty of microprocessors
0200	at alow cost on the surplus market by the time most experimenters . than by having to work with one ona pin-for-pin basis? Of course, the
0200	are ready to start building Rodney. ; { entire burden of wiring the circuit and testing it falls onto the
0200	
0200	[have not chosen to use a microprocessor simply because using } shoulders of the experimenter, but it turns out that the construction
0200	
0200	microprocessors happens to be the current rage. In fact, Tattempted : job is actually easier than the work involved in trying to retrofit a
0200	to avoid using a microprocessor in the first on-paper designs. But, it ready-made system into the Rodney scheme. Then too, there are no
0200	didn’t take long to discover that a microprocessor chip, especially ICs in the system that aren’t performing a vital task. Nothing is
0200	20 a ea
0201	wasted in terms of components that gobble up battery power wh Remember that there are two linds of &-bit information nmning |
0201	just go along for aride. And finally, there has to bea certain degree o doa ewe tae ae : : Mae
0201	
0201	‘é ‘ated with building a computer control system from around on the data bus. The information to be processed and t le
0201	prestige associate hac wlohe oechiele doned ob results of a processing operation appear on that same bus. The 8-bit
0201	scratch. How many people do you know who hav M information that is to be processed by the microprocessor comes
0201	of that sort? from either the program RAM or from one of the input devices. The
0201	RODNEY’S MICROPROCESSOR SYSTEM input devices in the Rodney system include circuits that sense
0201	
0201	While it is a safe bet that many would-be robot builders have environmental conditions, both inside the Rodney machine and in the
0201	never tried building a microprocessor system from scratch, there is external world.
0201	also a good chance that many have not worked with a microproces- For example, Rodney’s motors stall whenever he runs into an
0201	sor system in any way, shape, or form. We haven’t the space in this immovable object of some sort. This stall condition is sensed by a
0201	book for describing the operation of microprocessors in general | simple little circuit that translates some voltage signals into a binary
0201	detail. Our attention will have to be directed only to those features format that is compatible with the requirements of the 8-bit data bus.
0201	that are relevant to the robot system. Anyone wanting to learn more These stall signals, when appropriate, serve as some information to
0201	about the 8085 microprocessor can glean the desired information be processed on the data bus. |
0201	from any of several books on the subject and, of course, Intel’s own | There are, of course, a number of other kinds of sensing
0201	MCS-85 User's Manual. See Microprocessor Cookbook (TAB book q devices, but they all generate signals that ultimately become infor- |
0201	No. 1053) for details on using the 8085 chip. ae j mation that enters the microprocessor as data to be processed in
0201	
0201	In general terms, it can be said that the microprocessor chip is a Bp Ay
0201	bus-oriented device. There are three major bus configurations that Then, too, the microprocessor has to do something with the
0201	are adequate for all of Rodney’s data gathering, processing and results of a processing operation. The results are dumped onto that
0201	output operations. These three busses are named as follows: the ; same 8-bit data bus and sent to some meaningful place. In some
0201	data bus, the address bus, and the control bus. instances, this worked-over data goes to a memory, but quite often
0201	The Data Bus it goes to some sort of output device.
0201	
0201	In the Intel 8085 system, the data bus is composed of eight Rodney’s drive and steering motors, for instance, are inter-
0201	bi-directional data lines. The chip, in other words, is capable of | faced to the data bus; whenever the microprocessor generates some
0201	outputting eight bits of binary data or accepting eight bits of binary { information that is relevant to the operation of the motors, that
0201	data from the outside world. F information goes to the motor circuits via the 8-bit data bus.
0201	
0201	The 8-bit data words can represent program instructions the { As far as the microprocessor is concerned, the data bus is a
0201	microprocessor must receive in order to know what it is supposed to 2-way street for 8-bit information. It can direct program instructions
0201	do. The same 8-bit bus, however, also handles the information that 7 from the program RAM into the microprocessor, provide an input
0201	the microprocessor is supposed to manipulate—sometimes accept- ; point for data the microprocessor is supposed to manipulate, and
0201	ing new information from the outside and sometimes generating . then direct the results of an operation toa memory or output device.
0201	information that is to be used by other devices in the system. In fact, that is the general sequence of data-handling operations for
0201	
0201	Where does the 8-bit programming information come from? any microprocessor scheme: (1) pick up an instruction, (2) pick up
0201	Most often it comes from a program RAM (Random-Access Mem- 1 the necessary data, and (3) output the results of the operation.
0201	ory). The program RAM contains a list of instructions that the The actual manipulation of the information takes place within
0201	microprocessor is supposed to use. You will be entering these the microprocessor chip, but the data bus is the route for getting that
0201	program instructions directly into the program RAM from a front- . information into and out of the chip.
0201	panel switch assembly. And, if you choose, the instructions can also . Take away the data bus, and you have nothing.
0201	be entered into the system from a ROM (Read-Only memory) or
0201	cassette-tape programming scheme. For the most part, however, The Address Bus
0201	the 8-bit instructions that enter the microprocessor via the data bus The address bus in a microprocessor system is often larger
0201	will come from the program RAM. : than the data bus, but its operation is generally simpler. Most
0201	22 23
0202	microprocessors on the market today have a 16-bit address bus, ] address locations, so you will find only 12 lines included in the
0202	
0202	although the current trend in newer devices is going toward 32-bit ‘ address bus.
0202	
0202	address bus capability. Rodney, in other words, works from a 12-bit address bus and,
0202	Unlike the data bus, the address bus works in only one direc- of course, the usual 8-bit data bus.
0202	
0202	tion. The microprocessor can place information onto the address
0202	
0202	bus, but it can never receive any information that way. The address 1 The Control Bus
0202	
0202	bus is a one-direction bus—from the microprocessor chip to the The data and address buses in most microprocessor systems |
0202	
0202	outside world. are practically identical. They look much the same and do much the
0202	So what does the address bus do? We have already shown how same things, although the number of lines—the bit-handling
0202	
0202	the microprocessor can accept 8-bit data (on the data bus) from a capacity—can be different and not all systems use the memory- |
0202	
0202	program RAM. Program instructions are stored in the RAM in the mapped I/O that Rodney does.
0202	
0202	order they are to be executed by the microprocessor, and there has The control bus schemes, however, are generally custon affairs
0202	
0202	to be some mechanism for finding the right set of data and knowing q that are tailored to a particular system. Aside from the data and |
0202	
0202	where the next set of instruction data is to come from. address pins, the microprocessor chip has a lot of pins devoted to
0202	Among other things, the address bus is responsible for addres- j special control applications. Many of these pins serve output func-
0202	
0202	sing the program RAM. Or, in other words, specifying the place the : tions, telling the system that the microprocessor is accepting new
0202	
0202	next instruction comes from. When you program the Rodney system information, wants new information, wants to output processed
0202	
0202	from the switches on a front panel assembly, you will specify two information, and so on.
0202	
0202	things with each program step: an 8-bit instruction or piece of At the same time, a few of the control pins on the microproces-
0202	
0202	information to be manipulated, and an address for that instruction or { sor serve special input functions such as designating the time for
0202	
0202	piece of information. So, when it is time to run the program, the starting up the whole system, entering data serially (on a one-bit-
0202	
0202	microprocessor will actively specify the location of the data it needs at-a-time basis), and scooting the address to some special places in
0202	
0202	(via the address bus), and then it accepts that information (via the the RAM.
0202	
0202	data bus). The address bus is thus absolutely vital to running a Of all the special control functions available at the 8085 chip, the
0202	
0202	program in the proper sequence. | Rodney system uses only seven. These seven control functions
0202	The Rodney system also uses a scheme known as a memory- 7 from the microprocessor will be described in detail later on. But, asa
0202	
0202	mapped I/O. This is a rather technical term that might not mean slight preview of what is going to happen, Rodney uses control bus
0202	
0202	anything to you if you haven’t worked with microprocessors on this handling signals related to initial start up, getting serial information in
0202	
0202	level before. Rather than trying to justify the definition of the term : and out of the system, reading and writing data, unscrambling some
0202	
0202	memory-mapped I/O, let’s go directly to the bottom line. address and data information that appears on the same lines at one
0202	A system having a memory-mapped I/O is simply one that uses q point, and signaling a read or write operation before it actually
0202	
0202	the address bus for specifying which one of a number of input or occurs.
0202	
0202	output devices will interact with the data bus. Just as the address bus
0202	
0202	is the route for specifying the location of a needed piece of program ORIGIN OF THE BUSSES—A BLOCK DIAGRAM VIEW
0202	
0202	RAM information, it can also specify which sensing our output device 1 In the light of the foregoing description of the data, address, and
0202	
0202	is to provide or act upon data-bus information. control busses, you should be able to see where and how they are
0202	In summary, the address bus is a one-way street that allows the interfaced with the microprocessor chip. Figure 2-1 illustrates this
0202	
0202	microprocessor chip to specify where its data-bus information is to go interfacing scheme, and it can be used for pointing out some general
0202	
0202	or from where it is to come. That’s an important kind of operation. features common to all such systems, as well asa couple special to
0202	The Intel 8085 has provisions for working with a 16-bit address the 8085 and the Rodney system.
0202	
0202	bus. That many address lines figures out to more than 65-thousand | It would be nice if we could deal with the simpler parts of these
0202	
0202	locations that can be addressed. That’s a lot of places for storing and : schemes first, but the nature of the beast is such that little of any
0202	
0202	fetching data. The Rodney system doesn’t really need that many significance can be explained until taking on one of the more abstract
0202	
0202	24 25
0203	features. The case in point is the 8 lines (labeled ADO through AD7) q Fei Nig a
0203	coming from the microprocessor chip. These designations do not { pales aa,
0203	appear on earlier microprocessors such as the Intel 8080. These AGAT | BOLL
0203	eight lines serve two entire bussing functions at different times. 8 opt 12
0203	Technically speaking, lines ADO through AD7 are multiplexed bus Halal
0203	lines—at one time they provide address-bus information, and at a
0203	later time they input or output information for the system data bus. ie: Be
0203	The multiplexing feature of these 8 lines was a necessary ea :
0203	engineering move for the 8085 chip. It was necessary to combine ® s o wn
0203	addressing and data operations on the same pins in order to fit some f a ol ee A8-A11
0203	other special functions into the 8085, functions normally carried by at . RESET BUFFER ‘
0203	least two other outboard ICs in the older 8080 version. " A
0203	The multiplexing operation is carried out inside the micro- \
0203	processor chip. During a typical machine cycle, the eight lower- SID
0203	order address bits appear on these eight lines. A moment later, this . SYSTEM DATA
0203	information is taken away, and the microprocessor views the same q BUS
0203	A : ‘ ‘ 8-BIT DO-D7
0203	eight lines as data inputs and outputs. BIDIREC
0203	So how can we separate these two vastly different kinds of bus { TIONAL “4
0203	operations? The 8085 engineers anticipated this question, and in BUFFER
0203	their great wisdom, provided a special control signal dubbed ALE. q E
0203	You can see the ALE line in Fig. 2-1 going from the microprocessor |
0203	to an 8-bit latch circuit.
0203	The ALE line normally rests at a logic-0 level. Whenever the CONTROL BUS
0203	microprocessor is placing address information on lines ADO through Weel G
0203	AD7, ALE goes to logic 1 and remains there as long as the address C RD
0203	information is present. WR
0203	So ALE is one of those special control signals. In this case, it ale
0203	indicates when the microprocessor is generating address informa-
0203	tion at ADO through AD7. Now you will note that the ALE line is 1
0203	connected to the latch-control pin of the 8-bit latch. Whenever ALE q Fig. 2-1. Origins of the system busses.
0203	goes to a logic-1 level, any information on ADO through AD7 is
0203	entered into the latch and passed through to the address bus. When ; data passes through Buffer B to the system data bus, labeled DO
0203	ALE returns to logic 0, that same information remains, effectively | through D7. And, whenever the microprocessor is to accept data
0203	remembering what that particular address information was. When from the bus, the data passes through Buffer B in the opposite
0203	data information appears on ADO through AD7, the 8-bit latch | direction, from data bus lines DO through D7 to lines ADO through
0203	doesn’t respond at all, because ALE is low (at logic 0) at the time. So AD7 at the microprocessor.
0203	the 8-bit latch, in conjunction with the ALE signal, is responsible for | An astute reader might notice that address information, during
0203	sorting out address information and data information on lines ADO the ALE interval, will appear at the data buffer (Buffer B) as well. It
0203	through AD7. is thus possible to find address information on the system data bus if
0203	ADO through AD7 from the microprocessor are also connected the Buffer B isn’t somehow disabled during the ALE interval. Rest
0203	to an 8-bit buffer, Buffer B in Fig. 2-1. This is actually a bi-directional assured, that will be done by enabling Buffer B only when the
0203	buffer that can pass data in two different directions at two different | microprocessor is generating data or expecting to find data coming
0203	times. Whenever the microprocessor is generating output data, the from the system data bus.
0203	bs 27
0204	Actually, we haven’t completely described the origin of the Figure 2-2 shows the elements of Rodney’s data bus system.
0204	address-bus information. The output of the ALE-controlled latch You will see that there are three kinds of memories, 5 data input
0204	represents the lower 8 bits of address information. The remaining 4 ports, and 4 data output ports. This diagram, incidentally, illustrates
0204	bits for Rodney’s 12-bit address bus come from pins A’ through A11’ the fully expanded Rodney system. You will be working with a
0204	at the microprocessor. These four lines carry only address informa- . somewhat simpler system through most of the work in this book,
0204	tion. There is no data information multiplexed onto them, so there is . reaching this particular point of complexity only by choice.
0204	no need for a fancy latching scheme here. A simple 4-bit buffer, The presence of the program RAM should come as no surprise
0204	Buffer A, is all that’s necessary for acquiring address bits A8 through because we have already discussed its role to some extent. The
0204	All. arrows pointing in two directions from the program RAM indicate
0204	
0204	The complete address bus is thus composed of eight bits from that data flows in two different directions. Under the control of the
0204	the latch (AO through A7) and four additional, higher-order bits from microprocessor or switches on the front panel assembly, data is
0204	Buffer A (A8 through A11). | either stored in the program RAM or retrieved from it at the desired
0204	
0204	The designations AO through A11 for the address bus and D0 moment.
0204	through D7 for the data bus will be carried through all of the technical The ROM (Read-Only Memory) is an optional device that can
0204	discussions in this book. Becoming fully aware of their origin and be attached to the data bus if you happen to think its advantages
0204	significance at this time will prove invaluable for theory discussions justify the cost and trouble involved in using it. What the ROM could
0204	later on. do for you is eliminate the need for reprogramming the program
0204	
0204	You have already seen the ALE control line at work. Its sole | RAM each time the system is turned off and then fired up again. The
0204	purpose is to operate the 8-bit address latch, and its signal will not program RAM, you see, will lose all its information whenever the
0204	appear anywhere else in the system. j power supply to it is interrupted. That means taking some time to
0204	
0204	Another single-purpose control line is the RESET connection. | re-enter the program instructions and data from the front panel
0204	to the microprocessor. Pulling this pin down to logic 0 immediately . assembly.
0204	stops any ongoing microprocessor activity and initializes the whole The same kind of program information can be stored in the
0204	chip. You will have a RESET switch available to you at the front ROM device where it will remain, even when the power supply is
0204	panel, and you will be using it whenever you start a programming or interrupted. Custom ROMs, which this one would have to be, are
0204	running operation. Plus, you will be hitting that switch in the event a relatively expensive and have to be initially programmed on a sepa-
0204	program “blows up”—when something goes wrong and operations rate electronic system that is often dubbed aROM burner. If you can
0204	start going crazy. | come up with a good ROM device and a ROM burner, it would
0204	
0204	This RESET pin (not the RESET switch on the front panel) will certainly be to your advantage to include the ROM on the system
0204	also be used for a power-on clearing feature. This feature will data bus scheme. Otherwise, you must live with the notion of
0204	immediately initialize the microprocessor and its program whenever 7 programming the RAM yourself each time you fire up the system.
0204	DC power is first applied to the system. Note that the arrow at the ROM device points only toward the
0204	
0204	The four remaining control functions have a more universal data bus. This indicates that the ROM cannot accept new data from
0204	application than the ALE and RESET functions do. These four the bus. It can only read out the data.
0204	control lines are buffered at Buffer C. Since it is rather difficult to The third kind of memory in the Rodney system is a very special
0204	define the function of these signals without some reference to the one we will call the system main memory. The main memory is a
0204	circuits they control, it would be better to wait awhile before dealing RAM-type device which, in many respects, is identical to the prog-
0204	with them in a detailed fashion. ram RAM. The purpose of the main memory system, however, is
0204	
0204	totally different.
0204	MEMORIES AND 1/0 PORTS ON THE DATA BUS The main memory system is the place where Rodney stores his
0204	The foregoing section described, among other things, the ori- Bg OU is world around him. The program RAM handles
0204	gin of the system’s 8-bit data bus. Now it is time to take a look at the the more mundane “housekeeping” chores required for the
0204	memory devices, inputs and outputs connected to that bus. microprocessor—and you program the program RAM. Rodney,
0204	28 29
0205	himself, is responsible for all main-memory operations. He prog- |
0205	rams the main memory system in a fashion unique to his own MEMORIES INPUT PORTS ~~~ |
0205	personality. It is highly unlikely that any two Rodney systems will | ee |
0205	have exactly the same information flowing in and out of the main | ; |
0205	memory. Note in passing that we will be referring to the main PROGRANT edie gena:
0205	There are five sources of information from the outside world : ; ]
0205	connected to the data bus. Sources ENVL and ENVH represent in i : : ‘ ; |
0205	8-bit words that characterize Rodney’s environment. Taken to- a.BIT SYSTEM DATA BUS PRR 5 RE a ore
0205	gether, the two environmental inputs make up a 16-bit data word; 7 D0-D7 8 8 8 8
0205	but since the 8085 microprocessor works only with 8-bit data words,
0205	the environment-sensing inputs have to be broken up into two 1
0205	groups of eight. ]
0205	ENVL handles the lower eight bits and ENVH takes care of the { | t {
0205	eight higher-order bits. When it comes time to look at the environ- ee
0205	ment inputs, the system generally calls for gathering information bi aco RR
0205	from ENVL first, followed a short time later by a call for information mace dhe tind inols ML cueteeluer ulter
0205	from the ENVH input. There are only four output ports in the fully expanded Rodney
0205	Using this double-8 type of environment-sensing input, Rodney system. They are all 8-bit ports that accept data on the data bus at
0205	is capable of detecting more than 65-thousand variations in the world | the appropriate time, and direct that information to output-type |
0205	around him. devices.
0205	The TSWR data source is a 4-bit input port that provides the ACTL and ACTH are “action” output ports. It is through these
0205	four lower-order data lines with a random number. This random ports that Rodney gets information for operating his motors, blinking
0205	number is called onto the data bus only when Rodney runs into a lights, and other things that represent his responses to changes in
0205	situation for which he has no rational responses available. The { the environment. The ACTL and ACTH output ports complement
0205	TSWR input is called a number of times when Rodney is first turned . the ENVL and ENVH input ports. Rodney senses environmental
0205	on. However, as the quantity and quality of good knowledge grows in conditions through ENVL and ENVH, and he responds through
0205	the main memory, the significance of TSWR fades away. ACTL and ACTH. Operated at full capacity, Rodney can respond in
0205	The remaining input ports, labeled MARL and MARH, make up 65-thousand different ways.
0205	another double-8 source of data. These ports provide 16 bits of Whenever Rodney needs to know what he did before under a
0205	information (organized as two sets of 8 bits to make the scheme particular set of environmental circumstances, he first takes a look at
0205	compatible with the 8-bit data bus) concerning the things Rodney had his main memory. If there is no viable response available for that
0205	sensed in the environment prior to a new encounter with the envi- particular situation, he looks to TSWR for a random response. And
0205	ronment. An appropriate reaction to some change in the environ- when he comes up with a response that works, he stores it in the
0205	ment is often dictated by the nature of the environment just before main memory for future use at a later time.
0205	the new conditions arise. I must repeat that the main memory is rather unique in micro-
0205	Actually, MARL and MARH indicate the address location of processor systems. Not many people are building microprocessor
0205	information being retrieved or stored in Rodney’s main memory. We . systems that have a self-programming character. In a technical
0205	will have more to say about this in the context of the main-memory sense, the unique feature of the main memory is that it isn’t addres-
0205	address scheme. For now, it is sufficient to realize that MARL sed from the system address bus. Rather, it is addressed by a pair of
0205	provides the eight lower-order bits, while MARH provides the eight double-8 data sources, MAWL and MAWH.
0205	higher-order bits. And, as in the case of the double-8 environment The main memory has a 16-bit address bus. In order to work
0205	inputs, these inputs place their data onto the 8-bit data bus one byte with main memory, the system has to load a pair of 8-bit latches from
0205	(8-bit binary word) at a time. |
0205	30 31
0206	the data bus. MAWL latches the eight lower-order bits and then |
0206	MAWH picks up the eight higher-order bits. SYSTEM ADDRESS BUS A0-A11
0206	When used, the 16 bits of information loaded into MAWL and T2 ROAD gy AO-A7 cone oe
0206	MARL represent one of 65-thousand different environmental condi-
0206	tions that either exist at the moment or existed at some moment | procram| |PROGRAM !
0206	earlier in time. These devices serve the function of a short-term
0206	memory that can compare, moment by moment, what is actually
0206	happening with what was happening a moment ago. |
0206	Now the real meaning of the MARL and MARH data sources PROGHAMI MEMORY, ALE ' ENVL | TSWR MAWL MARL MDRL
0206	might seem a bit clearer to you. These are the ports that turn around SELECT eet i oe te eh
0206	the previous-moment impression of the world soit can be compared SELECT VO SELECT |
0206	with at-the-moment impressions. What appears at outputs MAWL
0206	and MAWH can, upon command, become inputs to the data bus q Te |
0206	through MARL and MARH respectively. Fig. 2-3. Memories and function-select operations on the address bus.
0206	generates data for the data bus. The control-bus operations have :
0206	MEMORIES AND FUNCTION-SELECT ON THE ADDRESS BUS been included in all this, too. |
0206	Figure 2-3 illustrates the destination of address information ; Now it is time to give some consideration to the way the data is
0206	generated by the microprocessor. Address lines AO through A9 handled once it is inside the microprocessor. We won't go into a
0206	directly service the program RAM, selecting any one of the 1024 whole lot of detail, you will have to dig out much of the theory for
0206	possible bytes of storage space at any given time. The optional ROM yourself in the MCS-85 User's Manual and other sources of that |
0206	has a 256-byte capacity, so it is addressed with only eight lines, AO kind. ; ‘
0206	through A7. Internal register operations are important to the job at hand,
0206	The function-select block in Fig. 2-3 is the hallmark of any however, so let’s take a look at them. The 8085 microprocessor
0206	memory-mapped I/O scheme, and it is responsible for translating contains a number of 8-bit registers, or storage places for 8-bit
0206	the signals from five different address lines into logic levels that binary information. One register, the accumulator or “A” register, is
0206	select any one of the twelve memory and I/O functions. These of particular importance. This register can communicate directly
0206	twelve functions, already discussed in connection with Fig. 2-2, are with the data bus, either picking up an 8-bit word from the bus or
0206	selected as needed. It is important to note that one—and only generating a new one for the bus. |
0206	one—can be selected at any one given moment. Most logical and arithmetic operations also take place in the
0206	Just as a point of interest for the time being, address lines A10 accumulator register. Suppose, for instance, you want to sample the
0206	and A11 to the function-select circuit determine whether the system | lower-order environmental conditions (ENVL) and compare them |
0206	will be using a memory device (the program RAM or optional ROM) | with some other 8-bit word. That “other” 8-bit word might be
0206	or one of the I/O ports. If an I/O port is selected by the logic levels at Rodney’s idea of what the ENVL should look like, and the idea is to |
0206	A10 and All, the other three address inputs, AO through A3, compare what should be with what actually exists.
0206	become relevant. It is the combination of three logic levels on AO The basic procedure is to pick up that “other,” should-be word
0206	through A3 that determine which one of the I/O ports will be | from somewhere, most likely from the program RAM, and place it
0206	eunbled. into one of the microprocessor registers. Then, the system must be |
0206	j told to fetch an ENVL sample and put it into the accumulator |
0206	MORE ABOUT THE ROLE OF THE MICROPROCESSOR register. Both of these bytes of information enter the microproces-
0206	The discussions thus far haven’t delved very much into the Bi ae ee bus even though they most likely come from two
0206	internal workings of the microprocessor itself. There has been a lot me a8 as ad é :
0206	of explanations about how the microprocessor generates informa- RAM that . fis it wh, pu if es a as the Ly les ob
0206	tion for the system address bus, and how it either accepts or ells it what to do with these two words. This command, |
0206	32 . 33
0207	also entering the microprocessor by way of the data bus, might microprocessor, these switches and lamps are completely discon-
0207	specify an arithmetic comparison operation, one that calls for noting j nected from the address and data busses. |
0207	whether or not the two bytes in question are equal. microprocessor, these switches and lamps are completely discon- |
0207	After the arithmetic operation has taken place, a result signal is ' nected from the address and data busses.
0207	generated. In this particular instance, a single binary bit in a special Whenever you put the system into its PROGRAM mode, how-
0207	flag register might tell whether or not the two bytes are the same. | ever, the microprocessor chip is completely isolated from the bus- |
0207	After comparing the two bytes, it is time to take further logical ses, and the front-panel switches are connected in its place. |
0207	action based on the result. If the two bytes in question are the same, _ Inthe PROGRAM mode, you have direct control over informa-
0207	a new instruction from the program RAM might say to ignore the tion appearing on the address, data, and, to a lesser extent, the
0207	whole thing and go on to something else. But if the two bytes are control busses. This allows direct entry of programming information
0207	significantly different, yet another 8-bit instruction from the pro- } from the switches and to the program RAM. This feature will also
0207	gram RAM will specify what the machine is to do about it. 1 give you an effective way to test all the I/O ports with the front
0207	This sort of thing goes on and on. New data and instructions panel, in a manner of speaking, replacing the microprocessor.
0207	squirt into the microprocessor through the data bus, and the results
0207	of operations shoot out to appropriate destinations on the same bus. ' RODNEY MAINFRAME AND NEST
0207	And all along, locations in the program RAM are being addressed and | _ With all this, there is something more to Rodney than a bus-
0207	the function-select circuitry is picking out the devices that are | oriented, microprocessor-controlled system. There is the mechani- |
0207	supposed to be inputting and outputting data. . cal Rodney; there is the working machine that even the most casual |
0207	While the microprocessor does indeed perform logical and ; observer can see and appreciate. Plus, to be consistent with the |
0207	arithmetic operations on data, its most time consuming task is to ; principle that a real robot has to be an autonomous creature, there |
0207	control all the address and data traffic. A microprocessor, initself, is j has to be a nest where Rodney can absorb life-giving energy from a |
0207	amost intriguing device; only those who have an opportunity to work q battery charger.
0207	with it on a pin-for-pin basis can get a full appreciation of what it is | The Rodney machine, as described in this book, has a circular
0207	doiee configuration. This particular configuration, in conjunction with a set
0207	All of the control operations take place as a direct result of data of two identical drive and steering motors, allows Rodney to get
0207	from the program RAM. You will be entering the programs into the himself out of just about any reasonable sort of physical “trap” one
0207	RAM via a switch panel described later in the development of this | can imagine...
0207	project. And while it might be meaningful to introduce the program- | Rectangular and triangular configurations are especially |
0207	ming nomenclature at this time, it is better to wait until the time | troublesome when it comes to getting out of a tight corner. The
0207	arrives for trying out the ideas first hand, that is, when the systemis j sharp-angled configuration problem can be solved if the drive motors
0207	ready to accept and execute commands. q are independently controlled. However, Rodney has to be an
0207	If you find you have some spare time and are getting weary of energy-smart machine that must conserve power in every way |
0207	studying this book, you might like to take a look at the 8085 instruc- possible. The circular configuration allows him to slip away easily |
0207	tion set—the machine-language programming notations—in the from corners that would burn up a lot of power from less “slippery”
0207	8085 user’s manual. \ designs.
0207	} Rodney has to be a battery-operated machine. That is the only |
0207	THE FRONT-PANEL ASSEMBLY practical way he can divorce himself from alternate sources of power |
0207	Nome of te ick Wiagiams prevented dhus farin this chapter i ists restrict his freedom. Having a machine that drags a power |
0207	give any hint about the existance of a front panel assembly. The front . 3 F 2 ie Hla would be pressing the definition of robot autonomy
0207	panel assembly is a rather odd creature in the context of microp- } Th d fo fol Ria
0207	rocessor bus systems. The front panel assembly includes twelve Pee FOR ORG aUHE Nie from a battery cbahiels ian ye
0207	address switches and indicator lamps as well as eight data switches : epee problems that most roboticists would rather ignore. The worst
0207	and indicator lamps. As long as the system is operating from the Of the situation is the simple fact that the machine, using a battery
0207	34 : 35
0207	f
0208	power source that is recharged from a battery charger, has a terrible : building an auxiliary power supply. This is the usual, plug-in type DC
0208	operating duty cycle. Even some of the better designs that use power supply that is capable of operating all of Rodney’s microcom- |
0208	heavy-duty lead-acid batteries have an operating duty cycle that is no . puter circuitry. So while little Rodney’s battery is being recharged at
0208	better than 1 to 4. That is, the machine has to spend 4 hours at the the nest, you can switch off the power-gobbling motors, bypass the
0208	battery charger for each hour it runs freely around the floor. battery system, and work with all the electronics.
0208	Now that does not mean that Rodney cannot run around for 1 You can, for instance, modify or enter new programs while :
0208	more than 1 hour at a time. No indeed; the ratio is 1:4. Using the Rodney is occupied at the nest. You can record his accumulated |
0208	system specified in this book, Rodney can run around for about 4 experiences from the main memory onto cassette tape and run
0208	hours at a time before needing a recharge, although to bring the routine checks and repairs on this mainframe and circuitry.
0208	batteries up to full charge again after that, he must be at the battery | Philosophically, a 1:4 operating duty cycle doesn’t sound very attra- |
0208	‘charger for 16 hours. All this means that an experimenter can expect tive. Ina practical sense, though, it isn’t bad at all; it’s all a matter of
0208	to work with a free-running Rodney for about 4 hours each day. He : perspective.
0208	then has to let Rodney “eat” at the nest overnight. : ; Rodney’s primary mode of expression is that of moving around
0208	It is possible to learn to live with this problem of low operating the floor. Stall conditions—running into immovable objects—is the |
0208	duty cycles, however. One obvious solution is to have more than one main sensory input mechanism, and moving away from such objects
0208	battery available. One or more batteries can be standing by, with full is the prime response mechanism.
0208	charges, while Rodney runs around the floor. Then when his on-line There are other modes of expression that fit into the scheme of |
0208	battery discharges to a critical level, it can be quickly replaced witha machine intelligence. However this one most clearly fits the defini-
0208	fresh one. Be careful there—the fresh battery must be connected tion of an autonomous creature, and of course, having the machine
0208	before the old one is removed. Otherwise there will be an interrup- physically move about makes a rather dramatic case for the whole
0208	tion of power that will wipe out or scramble both the program and project. |
0208	Rodney’s main memory! At afy rate, the actual hours of continuous Some of the alternate modes of expression include speech |
0208	operation can be extended to a very reasonable level in this way. synthesis, optical tracking and pattern recognition, and even
0208	Another thought is to fast-charge the battery at the nest, quasi-mechanical expressions on the face of a CRT. A machine
0208	dumping in the coulombs faster than they were taken out. Unless the expressing these alternate modes of expressing machine intell- |
0208	battery is built to withstand routine fast charging, however, you are gence could be constructed individually, but of course they could all
0208	going to wind up with a bad battery in a very short time. Gel and be incorporated into a single unit as well.
0208	-NiCad batteries can actually overheat and explode if they are re- We will deal only with mechanical motion and responses to
0208	charged faster than the specifications allow; the plates in lead-acid encounters with physical objects, however. The motion, in Rod-
0208	‘batteries can warp out of shape and cause internal short circuits if ney’s case, is created by operating a pair of identical drive and |
0208	they are recharged too quickly. So the thought of fast-charging the q steering motors. These are simply two independently operated
0208	battery in order to get Rodney running in the shortest possible time motors that work together to achieve both the driving and steering |
0208	is a rather poor idea. sn aie igs | operations simultaneously.
0208	The cost is generally prohibitive, but it is intriguing to consider Blundering into an immovable object is sensed by looking for a |
0208	continually recharging the batteries from solar cells. While the solar stalled motor—a motor that, by all rights, should be turning, but is
0208	panel would have to be very large to keep up with Rodney’s normal not. There is no need for cumbersome and tricky touch-sensing |
0208	discharge rate, the continuous trickle of current from the solar panel mechanisms. Whenever the motors are getting signals calling for |
0208	could extend the running time by a significant amount, especially if’ motion, and they aren’t moving, there can be little doubt that Rodney |
0208	Rodney is allowed to play out of doors on a sunny day. has run into something. That’s how Rodney’s contact-sensing
0208	All things considered, though, a 4-hour-a-day cycle really isn’t works. It’s simple and it’s reliable.
0208	too bad. Few experimenters have that much time available to play | Of course, the two-motor drive and steering mechanism must |
0208	with Rodney. Besides, it is possible to do some meaningful experi- { be used in conjunction with a pair of passive, freely turning wheels |
0208	ments on the system while Rodney is eating at the nest. that serve to balance the mainframe on the two drive wheels.
0208	If you follow the recommendations in this book, you will be . |
0208	36 37 |
0300	Most of the electronic circuits are included on two 5 x 10-in.
0300	circuit cards. The microprocessor and buffer circuits are located on {
0300	one card, while the I/O circuitry is on the second card. The two |
0300	cards are interconnected by wire-wrap connections between their
0300	respective 100-pin card connectors as well as a 40-pin ribbon cable q
0300	assembly. |
0300	
0300	The front panel assembly is connected to the I/O circuit board Befo re We Get Sta rted |
0300	by means of three 16-pin ribbon cable assemblies. Recall that the |
0300	front panel is the input point for entering housekeeping programs
0300	and testing the unit.
0300	
0300	The circuit cards and frent panel assembly are mounted on an q |
0300	aluminum support structure built above the battery port. The bat- : pn : |
0300	tery is ate low to bring the structure’s center . pa close to \ i i Be antes pe coe ae Pepe ee |
0300	ee ee ee de ie a pee En Ee CEG, |
0300	
0300	There is also a motor-control and power distribution panel in : : ag |
0300	the Rodney system. The kinds of ph loli required for ane “ee coe Ne Rea Pou eRe Ca iananon, and tials wile |
0300	celeutibad (onl alsepiate anal cal ma a are rather unorthodox at times. There isa certain kind of
0300	
0300	The nest is a system that is completely separate from the j Bevis st eA og and I hope you will catch the real
0300	Rodney mainframe unit. The nest houses the battery charger, a :
0300	battery current-limiting device, and the auxiliary DC power supply. READ THE BOOK BEFORE YOU START BUILDING
0300	Whenever Rodney makes contact with the nest, he can absorb Y AOE eae : :
0300	energy from the battery charger until the charger is switched off or | eae Hunougn this enue book ae une Poe
0300	ihe baweres are fully charded | you start ordering parts and putting things together. Building Rod- |
0300	
0300	Making contact with the nest is an accidental affair as far as the j ee ad gethne ee around the floor is a tremendous task,
0300	work in this book is concerned. Unlike the Buster machine described : end Hyoudon Daye @ complete view of what is happening Naa Bee,
0300	in Build Your Own Working Robot, Rodney does not actively seek along the way, and if you cannot see how each step fits into the
0300	out the nest whenever his battery voltage drops below a critical byerall plan, you ate bel LOG e ns al perhaps, discouraged.
0300	aval! Please do not start building Rodney until you have an overall
0300	
0300	Rodney could be taught to seek out his nest, but there isso P Pes a es ue : ; : :
0300	much more to do with this project here that such a scheme is omitted 1 biel a ae 3 th geting him yeaa demands a working
0300	at this time. If this range of motion is fairly restricted (to that of an iets S087 OL ay er ear tonal Bloc aess Fee ron
0300	average-size room, for instance), he'll manage to blunder into the { Be a bending sheet metal to machine-language computer
0300	Wereaien ap {ated { programming. By reading this book all the way through before you
0300	
0300	start building, you will discover your own weak points in time to do |
0300	something about them. |
0300	Discovering your own weak points and seeking outside help
0300	from other people or references is a good insurance policy against
0300	costly failure. How terrible it would be to spend a lot of time and
0300	money building one phase of the Rodney project, only to run head-
0300	38 39
0301	long into some technical matters that bring the whole jobtoasudden _ Infact, you should treat this notebook as a log or diary of your
0301	halt. Being prepared ahead of time, an experimenter can overcome : entire experience with the Belen Keep track of where you buy
0301	the problem ina short time and get things underway again. Someone ssi isn aie how much they cost. N ote when you started certain |
0301	not prepared might face psychological and financial disaster. Pp en of the project, and keep a running commentary on all your |
0301	Reading all the way through the book also gives you an oppor- ] WF Li i bt air
0301	tunity to make some creative modifications. I would certainly not e - e slant ue onsinalia and sei your solutions in
0301	recommend making the slightest modification in the ae sana i vs cinch oie of what does not work as well as the procedures |
0301	: ; w everything is supposed to fit together. : . |
0301	ess ee ~ the ae for ae the entire book Write down whatever is on your mind, both the good things and
0301	before beginning the construction phase that Ihave pulledacoupleof =~ the bad things. If you keep such a log or diary of your experiences
0301	tricks. For one thing, you won't find a composite parts list. Of { with the Rodney project, it might one day be more meaningful to you
0301	course, there is a parts list accompanying every schematic diagram, than the book you are now reading and even the Rodney machine
0301	but I have not presented a complete list in one place. The idea here is } eae es it's |
0301	to force you to search through the entire book, making up yourown —™ i e abies oa ‘i ca a bet a significant mahi
0301	You won’t find a complete schematic diagram for the system . : |
0301	ither. The circuits are all here, but they are presented by sections ; |
0301	Tees chapters of the book. If you want a complete schematic GATHERING PARTS AND MATERIALS |
0301	diagram, you will have to search through the book and draw your It is a good idea to locate and buy all the parts and materials in as
0301	ee short a time as possible. For one thing, you will be able to take
0301	How much does it cost to build Rodney? How many man-hours © advantage of certain price breaks for quantity ordering. |
0301	does it take to build him? Even if I knew the answers to these While the cost of electronic components tends to remain fairly
0301	questions, I wouldn’t tell you. You are going to have to read the book stable, and even drop with time, the availability of microprocessor- |
0301	all the way through and make a good set of notes as you go along. =| oriented devices has been sporadic in recent years. The idea here is |
0301	After that, you will have a good set of answers to these questions— to “get while the getting is good.” Otherwise, you might end up |
0301	probably better answers than I could provide at this time. | having to wait six months to get certain parts.
0301	Some readers are bound to think these “tricks” are wholly So go through the book, compiling a complete list of necessary
0301	unfair. Let me say, however, that I am doing (or mot doing) things a parts and materials. You will find sources listed with most of the
0301	certain way so that you will be better prepared to complete the job | parts. In some instances, you ought to order from the cited source,
0301	successfully. : a using the specified catalog number. In other cases, use your own |
0301	You are mistaken if you think Rodney can be assembled like judgment to substitute alternate sources and devices.
0301	some sort of slick, commercial electronic kit. This is a real project You should acquire catalogs from the following sources:
0301	that has many hidden variables that are going to cause problems for Tesoek Eb aee  That need ake Nal Gu leek, |
0301	unwary and unprepared experimenters. ee Ati : / :
0301	Te edie: Fae LG ARREC e ne tenes at oka oe Surplus Center, P.O. Box 82209, Lincoln, NE 68501
0301	taking ba pee to follow my advice in this chap { Sipe ehy lel ste |
0301	na ee YOU GO ALONG In addition to these specific sources, you will need access to a good |
0301	; ) ; j hardware store and a firm that handles home-improvement mate- |
0301	The first item on your list of materials should be a good, thick Betis
0301	notebook. You will need it as you make your first pass through the | You won't need anything out of the ordinary as far as lab |
0301	book, noting the parts you need and jotting down any special notes as equipment and tools are concerned. It would be nice if you can finda
0301	you go along. ]
0301	{ 4
0301	40
0302	complete sheet-metal shop and electronics lab, but most of the work And finally, many who work on the Rodney project will reap |
0302	can be done with simpler tools. spin-off benefits that will prove invaluable. The Rodney project can !
0302	You will need some sort of wire-wrap tool as well as the usual be an educational experience that can set you onto anew path in your |
0302	assortment of tools such as a soldering iron, wire stripper, and so on. electronics career. The things you learn as you go along apply to the |
0302	An oscilloscope with a DC input would be helpful, but not absolutely | most vital aspects of modern electronics technology, and anyone |
0302	necessary. You must have a voltmeter and a reliable logic probe, | who follows the suggestions in these first few chapters will gain the |
0302	however. knowledge and experience that characterizes graduates from most |
0302	2-year engineering technician programs. |
0302	
0302	TEST AND TROUBLESHOOT AS YOU GO ALONG Let me suggest you consider one more question before you |
0302	The material in this book is presented in a step-by-step fashion. launch this program: Are you agutsy person? Do you have the sort of
0302	
0302	Part of the reason is to divide the task into a series of smaller, more psychological makeup that is required for mastering a real challenge?
0302	manageable steps. There is, however, a far more compelling reason If you think you are a wishy-washy sort of individual right now, you |
0302	for constructing Rodney one step at a time. are certainly going to be a different sort of person when you finish |
0302	Every circuit must be tested and put into good working order this project! Master the challenge of the Rodney project, and you can |
0302	before the next circuit is added. Anyone deciding to build the whole take on anything.
0302	project before applying power to it is bound to fail. The system is too q What is that kind of education worth in terms of dollars and
0302	complex to test and troubleshoot in its entirety. hours?
0302	So build the circuits in the order specified in the book. Test each |
0302	circuit and get it working before going on to the next step. This way, |
0302	if anything goes wrong, you can be reasonably certain the trouble is |
0302	in the most recent part of the work. ;
0302	Be honest with yourself as you go along. If something isn’t |
0302	working as described in this book, you must deal with it. Otherwise, |
0302	that “little” problem will come back to haunt you later on. ;
0302	Having to halt progress on the project to iron out a problem
0302	certainly slows things down, but it is better to spend an extra week
0302	or so dealing with troubles as they occur than to go through the j
0302	frustration of trying to locate a “little” problem that messes up the |
0302	whole works further down the line. |
0302	|
0302	
0302	JUSTIFYING THE COST OF THE PROJECT 7
0302	If you use this book as I have suggested in this chapter, you 1
0302	should have no trouble at all justifying the time and money you put
0302	into Rodney. Of course, you will have in your possession a truly
0302	remarkable machine creature, and there is no good reason why the 7
0302	project has to end with the last page in this particular book. Rodney is |
0302	designed to be expanded and modified into realms limited only by { |
0302	your own technical know-how and imagination.
0302	You are also buying with your money and effort an experience |
0302	
0302	you will remember the rest of your life. Working with Rodney is nota
0302	trivial experience. By keeping a complete log or diary of what you
0302	do, you will be able to recapture your impressions for many years to
0302	come. |
0302	42 1 43 |
0400-1	100-PIN CONNECTORS
0400-1	Pe
0400-1	fo
0400-1	ts 4
0400-1	CARD RACK
0400-1	Angle ASSEMBLY
0400-1	i MOUNTS
0400-1	sara aun 7
0400-1	| y BOTTOM PLATE US A :
0400-1	oe anil
0400-1	re Ey
0400-1	SKIRT
0400-2	100- PIN
0400-2	CONNECTORS
0400-2	CLEARANCE Va
0400-2	FOR CIRCUIT UHL
0400-2	BOARDS any nls 2"
0400-2	10° Ui MMM,
0400-2	CLEARANCE FOR
0400-2	CIRCUIT
0400-2	BOARDS
0400-2	8”
0400-2	CLEARANCE
0400-2	FOR
0400-2	BATTERY
0400	|
0400	| |
0400	100-PIN CONNECTORS
0400	Robot Mainframe And | a a |
0400	EEE OLDE PE EAE LY RET EW
0400	age (py ERR Re ST ET 9) |
0400	The robot mainframe is the essential skeletal structure for the entire
0400	robot unit. The time you spend planning and building the mainframe )
0400	has much to do with the final appearance and overall performance of . CARD RACK
0400	the robot. The auxiliary power supply, on the other hand, seems to RACK ASSEMBLY
0400	play arather secondary role. lis arather ordinary DC power supply , : MOUNTS
0400	that serves a twofold purpose: to provide a convenient and reliable ——> |
0400	source of DC power for testing and troubleshooting circuits as they 4 E pew 7 é
0400	are completed and, ultimately, to provide DC power to the robot J wes |
0400	while the battery is being recharged at the nest. NE iat daly ha ieee: f
0400	The only logical relationship between the mainframe and au- : | COE EA BN — | |
0400	xiliary power supply units is that they are both necessary for getting | Bas |
0400	the main construction work underway. Hence the two units are AD caecuch a rT ee
0400	described together here in a single chapter. Ke ~ 4 |
0400	| | fi ——— ma wy |
0400	MAINFRAME CONSIDERATIONS | it TTT me |
0400	You have already had a chance to preview the essential compo- | SKIRT |
0400	nents of the mainframe assembly in Chapter 2. In order to complete , Fig 4-4 Blcio mal : |
0400	the work described in this chapter, you must be prepared to design q GF bre Calta Sea tole: |
0400	and build the bottom plate, bottom-plate skirt, circuit card rack, and h ; i |
0400	the eondl eau Gouin as emnbhe. t e exact center of the square. I then tied a length of string to the |
0400	These parts are detailed in Fig. 4-1, assuming in this case you scribe (an ordinary 6d box nail), measured out 18 inches of string,
0400	are building the unit from 1/16-inch sheet aluminum and aluminum | Becta free end of the string firmly at the center of the square, and
0400	angle stock. The same general plan could be used if you prefer to a hs ee ae vieie i shod ah : ‘ :
0400	construct the mainframe from wood or any combination of wood and 4 OP REE he Gee that can cut a circle, Wea the on |
0400	San to use it. Otherwise, a nibbling tool does a rather fine job. I simply
0400	The bottom plate is a circle of sheet aluminum with an 18-inch eee pina aT pushin rapier ae |
0400	diameter. Since I did not happen to have access to an electric saw , er-inch plywood would work rather well for the bottom-
0400	that could cut sheet aluminum very well, I had to resort to the pay Figen The set-up procedure would be the same, of course, |
0400	following procedure. Cut or shear the bottom-plate stock to 18- is ihe i aden oF hae oo i ee shape. , |
0400	inches square. Find the center of the square by lightly scribing lines fies ee ea A ate Ki 7 d ca . ae S point. I happe n to like )
0400	between opposite corners. The point where these two lines cross is PP of brushed aluminum, however, so I finished the :
0400	! . surfaces by rubbing them with a fine crocus cloth. ,
0400	44 | 45
0401	Some experimenters might want to consider a bottom plate ofa |
0401	different diameter, perhaps a smaller one. You must bear in mind, | peg See
0401	however, that the plate has to be large enough to accommodate two oe iiss Me ae Nae ee MOOI |
0401	circuit boards measuring 5” x 10". Unless these boards are situated é pea :
0401	sideways, with their long dimensions running vertically, the bottom q cocoa. . ee a ea
0401	plate has to be at least 12 inches across at the widest point. Then ALL MOUNTING HOLES
0401	too, the bottom plate has to be large enough to hold the main battery, ® 6” DIA. |
0401	the drive motor and gear assemblies, and a relay and power distribu-
0401	tion panel. a: asp
0401	
0401	All things considered, the bottom plate ought to be 18 inches in a |
0401	diameter. The unit then won’t be overly large, but there will still be B)
0401	enough room for mounting all the other components without every- | |
0401	thing being so crammed together that troubleshooting and routine GE TARS BOT ONY
0401	maintenance becomes a hassle. |
0401	
0401	The bottom-plate skirt is a tricky little assembly that doesn’t |
0401	seem to serve a very important purpose at this point. It does, 7 Fig. 4-2. Bottom skirt detail. (A) Scoring, drilling, and cutting detail. (B) Bending |
0401	however, help strengthen the bottom-plate assembly and, more illustration. |
0401	importantly, serve as a connecting point for the charging rings and : : ; |
0401	any sort of outer skin you might want to attach at some later time. Drill a %-inch mounting hole in the center of each of the |
0401	
0401	The skirt is a 2-inch wide band of 1/16-inch sheet aluminum. | segments, and finally, separate the segments by sawing a 1-inch slot |
0401	Since the skirt is wound around the perimeter of the bottom-plate between each segment. |
0401	circle, its length has to be at least equal to the circumference of the ; If you plan to finish the surface of the skirt by scrubbing it with |
0401	circle. Using an 18-inch bottom plate, the skirt has to be cut at least : crocus cloth, this is the time to do it. Painting, on the other hand, |
0401	5614-inches long. Allowing a bit of slope, the skirt should be about 58 ought to be put off until after the next step. |
0401	inches long. Carefully bend each of the 2-inch segments at right angles to the |
0401	
0401	If you have decided to use a bottom plate having a diameter center line. Finish the sharp corners with a file or by cutting them off |
0401	other than 18 inches, simply multiply the diameter times pi (3.14) with a nibbling tool. _ a
0401	and add an extra inch or two to compensate for minor errors. . If you wish to paint the skirt assembly, this is the time to doit. |
0401	
0401	It might be hard to find a single piece of sheet aluminum that is Since my sheet-metal shop isn’t really noted for producing |
0401	long enough. If that’s the case, simply get some 2-inch sections that q precision parts, I had to resort to a rather crude (but workable) :
0401	add up to the desired length. Try not to use more than two sections if | technique for locating the skirt mounting holes along the outer edge |
0401	possible. of the bottom plate.
0401	
0401	Now, you have a couple of lengths of sheet aluminum 2-inches The 2-inch segments of the skirt are fastened to the undersur-
0401	wide and having a total length slightly greater than the circumference face of the bottom plate. The idea is to wrap the skirt around the |
0401	of the bottom-plate assembly. The next step is to score these bands bottom plate, making a fit that is as tight as possible. I located the
0401	as shown in Fig. 4-2A. position of the mounting holes by simply picking up one of the
0401	
0401	Find the center of the bands by measuring | inch from the top or skirt-assembly bands, holding it firmly in place against the bottom
0401	bottom edge, then measure off alternate 2 inch and 3% inch sections plate, and drilling a %-inch hole right through the one already in the
0401	along the length. Begin at one end of each band and work toward the ; skirt segment and the bottom plate. That little trick might rattle the |
0401	other end. You probably won’t be able to get a full 2- or 3%-inch nerves of an engineering purist, but it gets the job done right and in |
0401	section at the opposite end of the bands, but that’s no real problem. j short order. |
0401	Just make sure there is at least one inch left at the ends for fastening I fastened the skirt and bottom plate together at the first set of
0401	to the bottom plate. holes with a machine screw, nut, and lockwasher. The job is fairly
0401	46 47
0402	{ |
0402	routine after that, just fold the skirt assembly tightly around the |
0402	bottom plate, drilling a new hole through the plate wherever the skirt | 400- PIN
0402	is to be fastened. Fasten the assembly together after drilling each [ CONNECTORS
0402	hole, and it won't be long until you are all the way around. Trim off : ip a @ 4 my |
0402	the excess section of the skirt, fasten down the loose end, and you CLEARANCE Va
0402	are done. ] FOR CIRCUIT UMM -
0402	
0402	The card-rack assembly is the robot’s superstructure. It is a sea ea ali g
0402	structure that extends well above the bottom plate, and its primary savant of =]
0402	purpose is to house the two main circuit boards and provide a Ram aT Mia Tao |
0402	mounting structure for the front panel assembly. ace oF |
0402	
0402	The height of the card rack is dictated by two considerations: si BOARDS |
0402	the height of the battery and the vertical spacing of the two main ea |
0402	circuit boards and front panel. The width and depth of this unit is BATTERY
0402	determined only by the 5- x 10-inch dimensions of the circuit boards. m Pine es
0402	
0402	My own card-rack assembly is 154-inches tall, allowing a q
0402	generous 8 inches for the battery to slip in under the circuit boards. Fig. 4-3. Card rack assembly drawing.
0402	The circuit boards and front panel can then be stacked in a 74-inch
0402	space above the battery compartment. The rack has an outline width ‘ the 100-pin connector is 1-4 inches from one end of the circuit board
0402	of 11 inches and is 8 inches deep. and 2-¥% inches from the other. So unless you have both the socket
0402	
0402	Figure 4-3 shows the general construction of the card-rack and card at hand, there is no point in installing the socket-mounting
0402	assembly. There is plenty of latitude here for applying some creative } pieces. |
0402	construction methods of your own. Just keep in mind several key 7 The card rack is fastened to the bottom-plate assembly by |
0402	points. First, the battery assembly must fit through the bottom of 1 means of a pair of aluminum angles. The inside-dimension spacing of :
0402	the rack. Then too, there has to be at least 1% inches (preferably 2 1 these angles should be equal to the outer-width dimension of the |
0402	inches) of vertical space for each of the circuit boards and front panel. ( card-rack assembly (11 inches in my own case), but they ought to be |
0402	
0402	I assembled my own card rack from a combination of %4-inch and as long as possible. These two rack-mounting angles, also add a
0402	Y-inch aluminum angle stock. This material is generally available in great deal of rigidity to the bottom plate, rigidity that will be neces-
0402	6- or 8-foot sections at hardware stores. I used ordinary machine | sary under the stress caused by the torque action of the drive motors |
0402	screws for fastening the sections together; but when I get a chance and the weight of the battery. |
0402	to rebuild the unit, I will probably invest in a rivet tool and fasten the See the photo in Fig. 4-5 for an overall impression of how the |
0402	structure together that way. a mainframe assembly should look at this point in the construction. If |
0402	
0402	Aside from making certain there is adequate clearance for ; you have in mind any variations of this recommended layout, it is
0402	stacking the two circuit boards and front-panel assembly, another 4 important to study the rest of the book so that you can anticipate any |
0402	critical dimension is the placement of the two short sections of angle j problems that might arise later in the project. |
0402	stock that hold the card sockets. The standard mounting holes |
0402	spacing for 100-pin card sockets is 6-% inches. It would be a good ] AUXILIARY POWER SUPPLY
0402	idea to doublecheck that dimension against the spacing of the holes in The auxiliary power supply is a rather ordinary DC power
0402	your own card socket. If you don’t have the socket available yet, ; supply that provides up to 5A at about +12V and 1A at +5V. The :
0402	forget about attaching the mounting angles into place until you do | +5V output is regulated, but the +12V output is not.
0402	have the socket. The +12V output will be used for testing the circuit boards,
0402	
0402	In fact, you might note another little problem concerning the relay assemblies and the motors. Ultimately, this 12V section will
0402	placement of the two socket-mounting angles—the socket is not | supply power to the robot’s electronics while the battery is being |
0402	exactly centered on the 8800-series Vector boards. It turns out that | recharged from a standard battery charger. |
0402	ee . 4
0402	
0402	|
0402	| |
0403	Ml j )
0403	While the +5V section of the auxiliary power supply will not
0403	play a vital role in the finished system, it is quite helpful for checking
0403	out some of the circuits as they are built. No matter how careful an fo} |
0403	engineer and technician might be, there are bound to be some c G 6 |
0403	construction errors now and then. As suggested earlier in this book, 2) e a . )
0403	it is a good idea to check each circuit or sub-assembly before it is j a Z 2 Wy |
0403	committed to the final system. The +5V source from the auxiliary a_i eS
0403	ower supply will thus prove helpful in making certain things are aS a ns: |
0403	p pply Sp p g al pe a QS 3) a) onl! i eo
0403	: Plam + i Sr Sm ‘+ 4 |
0403	working properly as they develop. 66 6 6 4 A
0403	The complete schematic diagram for the auxiliary power supply eg e. + | i 2
0403	is shown in Fig. 4-4, and the recommended parts list is detailed in r i |
0403	Table 4-1. : < oy 4/0001
0403	For anyone who has built a DC power supply before, the O
0403	construction of the auxiliary power supply is a rather straight- KY + ¢ | ih }
0403	forward project. A single 12V, 5A power transformer (T1) and a q
0403	full-wave bridge rectifier assembly (BR1) supply full-wave rectified a =
0403	DC for both the unregulated +12V and regulated +5V outputs. ee irl oO = rf |
0403	The input to the bridge rectifier is fused to protect the bridge ; C1 a alk o
0403	
0403	assembly. The unit is protected from short circuits at the +12V ;
0403	output by fuse F2. The +5V output is not fused for the simple reason Ir |
0403	that the 5-volt regulator (VR1) has a built-in overcurrent-protection q oy
0403	feature. =
0403	| SO C6 |
0403	Table 4-1. Parts list for the auxiliary power supply. 7 Sot |
0403	; |
0403	CS1—8-ft., 3-conductor cordset (Jameco 17238 flat) S |
0403	S1—SPST toggle switch (RS #275-602) a 2 > |
0403	L1—120V neon lamp assembly (RS #272-705) | u =) &
0403	T1—12V, 5A filament transformer (RS #273-1513) e a
0403	Fa, F2—5A slow-blow fuse (RS #270-1287) 6 5 |
0403	BR1—6A, 50V full-wave bridge rectifier (RS #276-1180) a QM os zs
0403	C1i—1000uF, 25WVDC electrolytic capacitor (Jameco) (oe oe Wi a.
0403	C2—1000uF, 16 WVDC electrolytic capacitor (Jameco) a =a lie = |
0403	VRi—5V, 1A regulator; 7805 or LM340T-S (Jameco) 5 if = |
0403	
0403	] =:
0403	J1, J2, U3, J4—2 pr. red and black binding posts (RS #274-662) : -& i) : |
0403	TS-1, TS-2—2 sets of 2-terminal barrier strips (RS #274-656) a= |
0403	Regulator heat sink (Jameco 291-.36H) be os = is) |
0403	2 ea. fuseholder (Jameco HKP) 5\ 6 o €
0403	Enclosure (RS #270-270) = !
0403	& |
0403	Suppliers: | ©
0403	RS = Radio Shack q E |=
0403	Jameco = Jameco Electronics ad 3 |
0403	1020 Howard Ave. | res
0403	
0403	San Carlos CA 94070 +
0403	: Le |
0403	ep 51
0404	1
0404	—  rrrr—sS—SOi—OCO—CisCs r—OCO to the bottom of the chassis. Connect filter capacitor C1, turn on the
0404	— = =sanXhVhUY)YT—s—C— 2 28 = ——— unit, and measure the DC voltage across Cl. The voltage at this |
0404	eee. —,,..—~—~—~—~———Ci int should read about 18V DC—positive at the (+) terminal of C1.
0404	eee —T—s—r=réeEE ss —ea— ( (RO If youh hi 10 i f 2.5 ohi 10 oh
0404	- i@@7;=«]2 7]7T]TLChe _—  —S—esi‘_s<i<aCisi—~S connect it across C1. This operation will check the current-drive |
0404	——rlrt—~—~—wOCsSC CCraCCSCSCsCiéarisCO‘décCO)} capability of the circuit. If things are working properly, the voltage |
0404	—.h—lmlhmhmUmUmUrUC~—COGeCSssC:. across that resistor might drop as low as 10 to 15 volts, and the |
0404	 rt—QQ _ ,_ is. resistor will get pretty hot. Don’t run the circuit very long this way,
0404	= iii}. i iy ——. i. ii i i ££ £848| |
0404	
0404	i  eee.@.—COmr—aO_dsCds , — i... i. ._s j
0404	oo «7 —TOrti‘“‘“O—_'i—_i. a ‘  *.Sr—Oir—OCiOCOrsNUiCisCiCiCNCiONiiWi;isNCCwYCCS |
0404	a. ~~ i=. _  —=——seSsGTse . — oe rSS—srst—e—=SesSs iC Cris |
0404	ee |_ ee... iié@é@ é éé8 8 éEO.. i. |
0404	cae : | Si |
0404	Fig. 4-5. Rodney mainframe assembly. =. |
0404	The entire unit is switched on and off by means of S1, and the a |... _ =
0404	neon lamp assembly (L1) is simply an ON/OFF indicator lamp. The =] a . ie | ee. |
0404	cordset (CS1) ought to be a 3-conductor, flat cable that is as long as ; — eo | |
0404	possible. This will not be an important feature during the construc- i... .. |
0404	tion phases of the project, but it will pay off later on when Rodney }
0404	; : Ce rrrrrr—Lr—r__—r—“ ;rm—m—m—™—~s~ésés~—~—~—~—~—~C~=C)sSC |
0404	begins running around the floor. aa rr
0404	ili i — re — |
0404	Se ee oe an |. -. —-_ |
0404	integral part of the nest assembly. And since the nest should be - .» | 83s @ ——-lrr”O—~— |
0404	located near the center of Rodney’s play space, it follows that the _ _ _ FF 7. |
0404	cordset has to be long enough to reach the nest and flat so that q | _ a —E—r—eO_C—C—™1isesSsFSF CC |
0404	Rodney can run over the cord without stalling. I —  r—‘=‘éthiRRCNCCCCCia_iiaC_C oe |
0404	As far as basic construction and testing procedures are con- FF eee = : :
0404	cerned, start by installing the cordset, ON/OFF switch, indicator 4 lrlrlrs~sSSCi‘COOC*‘CiszCC |
0404	lamp and power transformer. Plug in the unit and turnit on. The lamp Oe rrt—=i—=OOOORNRCsisSsSidsCés#(Cw | |
0404	should go on and off in response to changes in the setting of the | ie.  _====—sW
0404	is turned on, the voltage should read in the neighborhood of 12.6 7  rr—“ Pl lle |
0404	Volts. Any discrepencies at this point should be ironed out before 7 Pi eng Oe ke Claas ee, in |
0404	: ! th P P Fig. 4-6. Construction photos of the auxiliary power supply. (A) Rear and inside |
0404	going any further. view. (B) Front view of the compileted unit.
0404	52 53
0500-text	While Rodney is essentially a self-programming machine, there is
0500-text	still a need for entering a small selection of programs from the
0500-text	outside world. An animal might be born knowing exactly nothing
0500-text	about how to cope with its environment, but even so, it is born with
0500-text	an underlying reflex mechanism that helps the learning process
0500-text	begin.
0500	|
0500	
0500	just long enough to make sure T1 can supply the current and Fl |
0500	holds up under the load. |
0500	Connect the positive side of C1 through F2 and to bothared =~ | |
0500	5-way binding post (J1) and one connection on a 2-terminal barrier |
0500	strip, TS-1. Connect the negative side of C1 (or the circuit ground) |
0500	to the black 5-way post (J2) and the second screw terminal oe oa. | |
0500	With the load resistor used for earlier tests removed, turn on ; |
0500	
0500	the power supply and check the voltages at J1 and J2 ne eee Front Pa n el |
0500	inals on TS-1. Both should read about +
0500	
0500	i cabana na Program/Test Assembly :
0500	Attach the 5V regulator assembly (VR1) and recommended
0500	heat sink to the bottom of the chassis. Connect the input terminal of |
0500	VR1 to the positive terminal of C1, and wire the COMM connection =|
0500	of VR1 to the system ground (to J2, for example). Turnonthe power =~ While Rodney is essentially a self-programming machine, there is
0500	supply and measure the voltage at the output terminal of VR1. You =~ still a need for entering a small selection of programs from the
0500	should see between 4.5 and 5.5 volts DC at this point. outside world. An animal might be born knowing exactly nothing
0500	Complete the cifcuit by wiring C2, J3, J4 and TS-2 as shown on about how to cope with its environment, but even so, it is born with |
0500	
0500	the schematic in Figure 4-4. Doublecheck the wiring by measuring an underlying reflex mechanism that helps the learning process |
0500	the DC voltage between J3 and J4, and then across the two sections | begin. : ; : ;
0500	of barrier strip TS-2. You should see 4.5 to 5.5 V DC at both test =~ As far as the experimenter is concerned, there is a need to give
0500	points. Rodney some rudimentary reflex mechanisms in the form of simple (
0500	‘ computer programs. Please understand that these programs do not i
0500	
0500	; dictate what Rodney should do under a given set of circumstances. \
0500	
0500	\ Rather, the programs tell Rodney he should do something—it is up |
0500	
0500	‘ to the machine-intelligence feature to determine what Rodney does.
0500	
0500	All of the rudimentary reflex programs are initially entered into
0500	
0500	; the Rodney system via a switch-and-lamp panel assembly. This front |
0500	
0500	panel is thus vital to any robot operations because it is the primary |
0500	
0500	mechanism for entering the machine-language programs. |
0500	
0500	As you work your way through this book, you will find that the
0500	
0500	| front panel is also your primary testing and troubleshooting aid. You
0500	
0500	will be using it to check out some of the more complex circuits as
0500	
0500	they are constructed and installed. |
0500	
0500	The front panel, the subject of this chapter, thus serves two
0500	
0500	| purposes; it is both the means for entering basic reflex programs for
0500	
0500	. the machine intelligence, and it is a good test and troubleshooting aid
0500	
0500	for the entire system.
0500	
0500	’ As indicated in Figure 5-1, there are two sub-systems involved |
0500	
0500	in building, testing, and troubleshooting the front panel assembly. |
0500	
0500	First, there is the front panel, itself. This unit consists of 12 address |
0500	
0500	1 switches and indicator lamps, 8 data switches and indicator lamps, |
0500	
0500	| and 3 control switches. The second part of the front panel operations i
0500	
0500	1 includes a portion of the I/O board (often called Board 200 in this
0500	
0500	y | 55
0500	| |
0501	|
0501	—— When the front panel is in use, the address and data lamps |
0501	ee ee T6-PIN DIP Soe i indicate the logic levels on their respective busses. The address
0501	| ees (ee oe lamps show the system address, and the data lamps indicate the 8-bit |
0501	+5V-D I ae , | data on the system’s data bus. It is therefore possible to read or
0501	! PR207 ; write data directly at the system’s program RAM. As an added
0501	! in) aa ‘ bonus, the front panel switches and lamps can also deal with any of
0501	| broibieadi a a the I/O ports you will be installing at a later time.
0501	| Cars | Pas \ Even before the microprocessor chip itself is installed, you will
0501	Bits bra autaa z214 ! be able to use the front panel system for I/O operations such as
0501	| aSKTES = l : ( running the motors, sensing the condition of the environment, and |
0501	| i . so on. This is the testing feature of the front panel system. |
0501	L. ee aa sae ok gk \ Since the front panel switches and lamps interact directly with |
0501	iesherio CAE aa S | the system’s address and data busses, the microprocessor and front
0501	PORTION OF v0 BOARD ; panel assembly should never be enabled at the same time. If, for
0501	aS example, the microprocessor is putting data and address information
0501	Fig. 5-1. General layout of the panel system. onto the busses at the same time the front panel is doing the same
0501	book). The I/O board is one of the two main circuit boards in this thing, there is going to be a devastating conflict. The system is
0501	system. operated either from the front panel or from the microprocessor
0501	In this chapter, you will see how to assemble the front panel in chip—never, never both at the same time. ; }
0501	its entirety, but you will be constructing only a portion of the 1/0 Much of the front-panel circuitry included on the 1/0 board is
0501	board, the portion relevant to front panel operations. You will proba- devoted to making certain these two sources of bus information are |
0501	bly want to mount the front panel on the top of the card-rack sen i line at the same a ; The 7 ms ils ne ae |
0501	assembly that has already been described in Chapter 4. The I/O pene a ODT Oe ea perenne se eee
0501	board is the upper card in the card-rack assembly. The front panel cated epee a panel. leer es la hae fee ES a
0501	and I/O board are interconnected by means of three 16-pin ribbon and its signal is designated R/P on the schematic diagrams. _
0501	cable and plug assemblies. Whenever this switch is inits PROGRAM position, the micro- |
0501	It would be a good idea to study through this chapter carefully processor is completely isolated from the system s address and data
0501	before you begin gathering the parts and putting things together. busses. F adi all Practical purposes, the i asdechellonarduinees chip isnt
0501	Make some notes of your own as you study through this material, ! even in the circuit. Infact, the PROGRAM mode makes it possible to
0501	and try to draw at least a mental picture of how the system looks as do some relevant Wee Ce ug without Havin aie etleeo 1 Ouse
0501	the work progresses. If nothing else, study the parts lists in Tables anywhere in the system. You will be taking advantage of the PROG-
0501	5-1 and 5-2. You don’t want to be caught short of any parts midway RAM mode before completing the work in this chapter, even if you
0501	through the job. don’t have the microprocessor chip yet.
0501	To get a more detailed impression of how the PROGRAM/
0501	THEORY OF OPERATION ; RUN modes work, look at the block diagrams in Fig. 5-2. The
0501	: ‘ ddress switches (ASO through AS11) in Figure 5-2A go to the |
0501	Technically speaking, the purpose of the address and data : ’ ; :
0501	switches is to give the operator direct access to the system’s main ps ke puihiigendeti cna on ae oe se ae |
0501	ee Ari oan nee we the! information from the address switches passes through the buffers
0501	When it is time to write reflex information into the proaeua ela eet Bees a SEE ls ae te hea prepa i:
0501	RAM, for instance, the address switches directly address the pro- : alee aide ihe . Se coils Sal alleda dielaalis ee u : hee
0501	rutRAI liohk Hhe-sinie Hines dhenk ts seiiches can provide Gane example, the system is in its PROGRAM mode, and the information |
0501	ae creche ta die Hoke jusate piel RAM at the twelve address switches passes through the buffers and onto
0501	y ee ; the address bus.
0502	Setting the RUN/PROGRAM switch toits RUN position, how- SALAD oar nner ora Oe Eba (Csvee a
0502	ever, sets the R/P signal at logic 1, and the buffers (Z209 and Z210) i : : ‘
0502	are placed into their rains oct output state. No matter what ; Se the data portiphof she front panel ie Th pee 2 nad
0502	
0502	; ah : i ' 8-bit data at the system data bus. However, it cannot put information |
0502	sort of information is present at the address switches, none of it can al Se
0502	pass through the buffers to the address bus. When the microproces- UPAR SRN eek aden Mt he ah viceleaneaea i i
0502	sor is installed, you will find that only the microprocessor can send ' ser es ah these oe panel data seed
0502	address information to the address bus in the RUN mode. a ee ee ie ee |
0502	
0502	The 12 address lamps shown in Fig. 5-2A merely indicate the ) ee 8, one another by means of the panel : ee el haa
0502	status of the address switches. These lamps indicate the panel | ton, The ee level trom this pushbutton is design ated LOAD il
0502	address status whether the system is in its PROGRAM or RUN | ipsa oy a es ne HORD emescpsen ihe )
0502	mode. They cannot show the status of the address bus during a RUN ! 5-2B indicates it is active low. That is to say, it is a logic-0 level
0502	operation. (At microprocessor speeds, the address lamps would be : |
0502	useless anyway). The logic inverters (Z211 and Z212) invert the 1 ADDRESS
0502	logic levels to provide an adequate, active-low drive current for the q LAMPS |
0502	LEDs. (ALO-AL11) |
0502	
0502	In short, the panel address switches provide bus address in- | 12 i
0502	formation only when the system is set for its PROGRAM mode. The
0502	address lamps indicate and confirm the status of the panel address LOGIC
0502	
0502	Incidentally, an experimenter finding himself short of cash for ] ie aie (Zod Z212) ne i
0502	the project can omit all twelve address lamps and the logic inverters q ALS ie 4 i cA e |
0502	without causing any real problems. In sucha case, one merely has to , ce & 2 ie o |
0502	be doubly careful about setting the address switches to the right 23e2 oad SYSTEM }
0502	positions before committing any data to the data bus. 1 ne wf ADDRESS |
0502	
0502	The operation of the data portion of the front panel assembly is ] 1 BUS |
0502	somewhat more involved. As indicated by the arrows in Fig. 5-2B, 1 A (AO-A11) i
0502	the data-switch assembly is bi-directional—that is, the circuit is R/P |
0502	capable of both putting information onto the data bus and retrieving it |
0502	from that same bus. i
0502	
0502	As in the case of the addressing circuit, the data switches have | DATA Mig i
0502	access to the system data bus only when the RUN/PROGRAM 4 ee = |
0502	switch is in its PROGRAM position. Whenever the system is set to . Veh aha rHan| gs i
0502	its RUN mode, R/P is a logic 1 and the transceiver buffers (Z213 and 1 D % 3 S petition )
0502	Z214) isolate both the data switches and data lamps from the system } ZzEals © 1 paTA BUS |
0502	data bus. Microprocessor operations can then take place on the data ' aE a (D0-D7) :
0502	bus without conflict. j a a
0502	
0502	__ Setting the system to its PROGRAM mode, however, changes 4 4 © |
0502	R/P to logic 0, and as indicated in Fig. 5-2B, enables the data bus |
0502	transceiver. Eight-bit data can now be placed onto the system data ] B [OAD RIP |
0502	bus from the data switches, or the data lamps can respond to data : |
0502	present on the bus from some other source. (That “other” source
0502	does not include the microprocessor, however. Remember that the Fig. 5-2. Panel block diagrams. (A) Address switch and lamp section. (B) Data
0502	
0502	i switch and lamp section. |
0502	
0502	58 59 :
0502	[ Hi
0502	
0502	|
0502	
0502	q i
0503	whenever the system is set for LOAD (the LOAD pushbutton is
0503	depressed), and is a logic-1 level whenever the LOAD button is not zee
0503	depressed.
0503	Pressing the LOAD pushbutton sets LOAD tologic 0, anddata ae
0503	is allowed to pass from the eight data switches onto the system data { N\
0503	bus. Releasing the LOAD pushbutton reverses the data operation, _ 322K $22K a |
0503	allowing 8-bit data from the system data bus to register on the eight Po Tons lore Bt PREG ae |
0503	data lamps. OFF | H1-Z De
0503	In summary, it is possible to place 8-bit data from the data j CLOSED} OPEN | ON |"1" TO BUS
0503	switches onto the system data bus by doing two things: setting up CORE eee | eee ici
0503	the system for its PROGRAM mode (R/P = 0) and depressing the eee Boe 1/6-74LS367 Tee Bud
0503	LOAD pushbutton (LOAD=0). Eight-bit data is then read from the 0 7 0 i AS
0503	data bus and applied to the data lamps when the system is set up for ; oF - ot
0503	its PROGRAM mode and the LOAD pushbutton is mot depressed.
0503	Setting the system to its RUN mode isolates both the data switches Fig. 5-3. Simplified circuit for one of twelve address switch and lamp circuits.
0503	and data lamps from anything going on in the system. | : '
0503	Like the addressing scheme, the data switches and lamps can Closing the RUN/PROGRAM switch, on the other hand, sets
0503	be operated independent of any microprocessor operations. You will the 3-state control terminal of the buffer to COMM potential, or logic
0503	be using the data switches and lamps to check the operation of the 0, and effectively opens the buffer so that any logic level from AS
0503	system RAM and all of the I/O devices, long before the micro- appears on its respective line of the system address bus.
0503	processor chip is installed. But while the address lamps can be Whenever switch AS is closed, its output pointis pulled down to
0503	omitted without having any adverse effect on the system, the data logic 0 by means of the ground connection. Opening switch AS
0503	lamps must be included. | breaks that ground connection, and resistor R2 pulls up the output |
0503	Now, let’s take a much more detailed look at the circuitry for connection of the switch to a logic-1 level. These 1 or 0 levels from
0503	the panel address and data scheme. Rather than attempting to sort switch AS are fed directly to the appropriate line on the system
0503	through the complete circuit, we'll look at isolated, representative address bus as long as RUN/PROGRAM is in its logic-0, PRO-
0503	examples. Then if you understand the isolated examples, you'll be GRAM position. est ae Aen
0503	well on your way to understanding the front-panel system as a The address indicator lamp for this particular address switch is
0503	whole. | labeled AL in Fig. 5-3. The anode of the LED is connected to the
0503	Figure 5-3 represents one of the 12 identical address circuitsin +5V power supply, and thus turns on only when its cathode is pulled
0503	the front-panel assembly. The figure shows one of the addressinput down close to COMM or logic 0. Now suppose address switch AS is
0503	switches (AS), the address indicator lamp (AL) for that same switch, in its “1” position. That means it is generating a logic-1 address bit.
0503	the RUN/PROGRAM toggle switch, and the associated logic inver- a By digital convention, this logic-1 signal should cause the corres-
0503	ter and buffer device. Everything in this circuit, with the notable ponding LED indicator to light. (Logic-0s are normally indicated by a
0503	exception of the RUN/PROGRAM switch and its 22k pull-up resis- lamp that is nof lit). So this logic-I level from AS goes through a
0503	tor (R1), is duplicated twelve times in the front-panel circuitry. simple logic inverter, one section of a 7404, where it is changed to a
0503	Note that the address switch (AS) is connected to the address logic-0, the level required for lighting AL. In short, setting AS to its
0503	bus through one section of a 74LS367 3-state buffer. The 3-state | “1” position causes AL to light up, confirming a logic-1 setting.
0503	control line for this buffer is connected to the RUN/PROGRAM Resistor R3 in series with AL is simply a current-limiting resistor
0503	switch; as long as that switch is open, resistor R1 pulls up the switch that prevents excess current being drawn from the inverter.
0503	connection to near +5V, or logic 1. A logic-1 level at the 3-state Closing switch AS so that it is generating a logic-0 level causes
0503	control of the buffer effectively turns it off so that AShas no effect at the 7404 inverter to output the opposite level, namely a logic 1.
0503	all on the address bus. Since logic-1 levels are very close to +5V, AL does not light up. It
0503	60 61
0504	can’t light up because it has very close to the same potential on both
0504	
0504	its anode and cathode. Lamp AL simply registers the logic level / 45V-D
0504	
0504	being generated at any time by switch AS. The really critical part of
0504	
0504	the circuit is the 3-state buffer that allows AS information to reach ae
0504	
0504	the system address bus only when the RUN/PROGRAM switchisin
0504	
0504	its PROGRAM (logic-0) position. f ee eet Sag Gt a
0504	The little circuit in Fig. 5-4 illustrates the operation of a panel es pie de
0504	
0504	data switch and lamp circuit. In this instance, all but the LOAD } LOAD U OPEN |CLOSED|BUS DATA] BUS DATA
0504	
0504	switch and resistor R1 are actually repeated eight times on the panel / LOAD 4 ae are i
0504	
0504	circuit. Eye Ds ico, BUS
0504	The data switch DS generates logic-1 and logic-0 levels, de- | ; pie lt
0504	
0504	pending on whether it is open or closed. When this switchis closed, : ly ie (2213 OR Z214) TABLE Ge UNE S Fee ae
0504	
0504	it actually generates a logic-0 level by virtue of the fact that this pulls { 7 a ae (POG eo)
0504	
0504	its output connection down to COMM level; when the switch is Eis, 4) Sinaplinod Great t Tne
0504	
0504	opened, the COMM connectionis broken-onen, and resistor R2 pulls ] ig. 5-4. Simplified circuit for one of eight data switch and lamp circuits. ;
0504	
0504	up the output level of the switch near +5V,or logic 1.Note,however, | As long as the LOAD switch is open, a logic-1 level is delivered
0504	
0504	that the switch appears to be labeled backwards. The labels for DS } to the enabling pin on G2, switching the buffer to its high-impedance
0504	
0504	show a logic when the switchis closed, andalogicO whenthe switch state; switch DS is now isolated from the data bus. Depressing the
0504	
0504	is open. Isn’t there some sort of contradictionhere? Isthereanerror LOAD pushbutton enables the buffer so that an inverted version of
0504	
0504	on the diagram? : the logic levels from DS can reach the data bus. Putting it rather
0504	The answer to both questions is a simple “no”. At least not if 7 i simply, a 0 or 1 logic level is sent from the data switch to the system
0504	
0504	you follow things all the way through. Notice that the output of data” : data bus whenever you depress the LOAD pushbutton.
0504	
0504	switch DS goes through an inverting 3-state buffer to one line of the 4 Next, take a look at the corresponding data indicator lamp, DL.
0504	
0504	system data bus. This means the logic level from the data switchis Unlike the address circuits, this data lamp is not operated from the
0504	
0504	inverted before it reaches the data bus. Therefore, the labels onthe corresponding data switch. Rather, itis operated from logic levels on
0504	
0504	data switch indicate the logic level that actually reaches the data the data bus. Follow the flow of information from the data bus to the
0504	
0504	bus—and that’s what is important anyway. Really, you shouldn’t indicator lamp.
0504	
0504	care less what the switch itself is generating as long as you know Assuming for the moment that 3-state buffer G1 is somehow
0504	
0504	what is going to the data bus. ! enabled (you guess how), you can see that any logic level present on
0504	Whenever the DS data switch is set to its “1” position it does the data bus line will be inverted as it passes through G1 and
0504	
0504	indeed deliver a logic-1 level to the data bus. Likewise, settingDSto operates DL. If the information on the data bus line happens to be a
0504	
0504	its “0” position causes it to send a logic-0 level to the data bus. Of logic-1 level, it will emerge from G1 as a logic-0 level, effectively
0504	
0504	course, this all assumes inverting gate G2 is enabled. : : grounding the cathode of DL, causing the lamp to turn on. If G1 is
0504	According to the diagram in Fig. 5-4, G2 is enabled whenevera enabled, a logic 1 on the data bus causes DL to turn on. Everything
0504	
0504	logic-0 level is applied to its active-low enabling connection. This | seems to be in order so far.
0504	
0504	connection is wired directly to the LOAD pushbutton on the front If the data on the data bus happens to be a logic 0, this level will
0504	
0504	panel; so whether the data from DSis sent to the data bus or blocked emerge from G1 as a logic 1 which, in turn, causes DL to turn off.
0504	
0504	by G2 depends on the setting of the LOAD switch. Data lamp DL thus mimics the logic level present on its line of the
0504	LOAD is wired in such a way that its output is a logic-l level 4 system data bus, assuming, however, that G1 is enabled.
0504	
0504	whenever the button is ot depressed. The switch contact is openin 7 Have you made any good guesses about how G1 is enabled so
0504	
0504	this instance, and resistor R1 pulls up the LOAD switch level tologic that DL can respond to data bus information? The LOAD switch is
0504	
0504	1. Depressing the LOAD switch grounds its output connection, | : the key to the matter. As described earlier in this discussion, the
0504	
0504	thereby making it generate a logic-0 level. : output from the LOAD switch is at logic 1 as long as the LOAD
0504	
0504	62 63
0505	switch is not depressed. This logic-1 level is connected to the
0505	active-high enabling pin of G1, turning on the buffer as long as the’ sy 3
0505	LOAD button is mot depressed.
0505	In other words, data lamp DL registers data bus information as RRERS222/|/RERRER RR ee ee tees
0505	long as the LOAD button is not depressed. Depressing the LOAD - y TTT iS |
0505	pushbutton disables the indicator lamp circuit, but enables the switch =A a0, |
0505	circuit. So the switch and lamp circuits work 180 degrees out of Beeps 7
0505	phase. Depressing the LOAD button sends switch information to the: RAV RaaRee Uae a\o
0505	data bus, and releasing the LOAD button allows the data lamp to uy
0505	read whatever data is on the data bus from some other source. PE eA ay eet ag x |
0505	For the sake of simplicity, the RUN/PROGRAM circuitryisnot = Tls\> |
0505	included in Fig. 5-4. Actually it will be present, making it impossible . 4 o |
0505	to put information onto the bus or read information from it as long as | a
0505	the system is inits RUN mode. The circuit in Fig. 5-4 affectsthedata ge |
0505	bus (or is affected by that bus) only when the system is set to its ! =< o— |
0505	PROGRAM mode. ain
0505	ELECTRICAL COMPONENTS OF THE FRONT-PANEL SYSTEM ce Ps
0505	Now that you have had an opportunity to consider the finer =4
0505	details concerning the operation of the front-panel circuitry, itis time as
0505	to take a tour through the complete circuit. If you’ve had some aN
0505	trouble understanding the theory of operation to this point, I’m afraid q 2 “ nye
0505	you won’t get a whole lot out of this discussion. | ¢ a
0505	Inany event, give this section some careful attention, because, ; a> 0
0505	if nothing else, it will help you understand how and why some of the =~ nee
0505	circuit components are set up. ; | a a
0505	Figure 5-5 shows the complete schematic of the address 6 3 ul |
0505	switches, address lamps, and control switches as they appear on the SEE Oak |
0505	front-panel assembly. Bear in mind from the circuit in Fig. 5-3 that
0505	there are also some pull-up resistors, limiting resistors, buffers, and ee S
0505	inverters included in the address circuitry. All of these components,
0505	however, are located on the I/O circuit board. What we are discus- P|
0505	sing here is the wiring of the front panel. a BBSs
0505	The twelve address switches (labeled ASO through AS11) all cae ak
0505	have one terminal connected directly to COMM. The second termi- s 8 ae |
0505	nal on each of these switches goes to a pin on one of two different 2223 |
0505	16-pin DIP sockets, PZ02 and PZ03. | Ba8S
0505	The three control switches: LOAD, RUN/PROGRAM, and B58R
0505	RESET, are connected in an identical fashion, one end of each going a= = |
0505	to COMM and the other ends going to pins available on DIP socket 65°
0505	PZ02. Of these three control switches, RESET has not yet been a s 3 8 3
0505	mentioned. Its purpose is to initialize the microprocessor; since we . i ose s g |
0505	are along way frominstalling the microprocessor, there is no need to rood |
0505	|
0505	a | 65 |
0506	discuss this switch in much detail. Simply install the RESET switch 7
0506	as described, then it will be available later on when you need it. ‘ pz203
0506	The anodes of all twelve address indicator lamps (labeled ALO © 12) R208 ral
0506	through AL11) are connected together to the +5V-D power source. 9 is lacs.
0506	Each of the cathodes is connected to a pin on sockets PZ02 or PZ03. J = Ieee is hace
0506	As mentioned earlier in a rather brief fashion, PZ02 and PZ03. © 7 g=5.5 18 dere
0506	are 16-pin DIP IC sockets. The lamps and switches shownin Fig. 5-5 S220 ho ists |
0506	are wire wrapped to the designated pins on these sockets—the 7 7 eS 20 isa: |
0506	cathode of ALO goes to pin 14 of PZ02, the output side of ASO goesto [te 22 12h
0506	pin 3 of PZ02, etc. ICs are not plugged into these sockets, however. 7 a Rises 23 BaLr
0506	Rather, they are connecting points for 16-pin ribbon cable and plug 5 eae eek 410} 84 6), | 2 yee
0506	assemblies that interconnect components mounted on the front “yy al = [ ete
0506	panel with those essential components on the I/O board. | iF £2 ASV ADDRESS LAMPS
0506	So let’s see where they go. ; 225 = Slis Ao
0506	Fig. 5-6 shows the components of the address circuitry that are 7 ’ ri 2 ; : | 10] Al
0506	located on the I/O board. The connections between the front panel pzz0e f \isa67 seanld
0506	and the I/O board are picked up at PZ202 and PZ203 in Fig. 5-6. 7 OR re ie + i2| ras
0506	These PZ numbers represent plug connections PZ02 and PZ03, © AS ae HU
0506	respectively, from the front-panel plugs and cables. The reason for ! asset t{t{{——_t} ttt ta 7 14 | AS
0506	the slight change in designations is that all components mounted on pee Rl ald Sd al a
0506	the I/O board have a 200-series designation. 4 eae Ue A Bee ADDRESS BUS
0506	Referring back the Fig. 5-3, each one of the address switches 4) ve ea. 7 iy i
0506	should have a pull-up resistor to +5V-D. This fact is reflectedinthe = ; AS7 ep fpf pf 2210
0506	overall address schematic in Fig. 5-6 by component PR207. , | ne ett rg “LS367 ra] AB i
0506	. . . . a
0506	Hig Cente a ek cose) de in TC device: Acualy, toil P| sale ania ae :
0506	; , 24-pin evice. Actually, it is a . cle m cbetalisl el AIO |
0506	24-pin DIP header that can hold up to 12 %4-watt resistors. Since you 12 ea 22K ; [20] Al _
0506	need 12 pull-up resistors for the twelve address switches, the 7 Hod PAG
0506	DIP-header trick works out quite nicely. The schematic for this | ls A GS TLU LS TES ole al a I
0506	PR207 resistor component, as well as another used for the 150-ohm q 7
0506	limiting resistors, can be found in Fig. 5-7. , 6%
0506	Twelve different pins on PZ202 and PZ203 bring the address Fig. 5-6. Complete schematic diagram for the I/O board portion of the panel
0506	switch connections to the I/O board, with the resistor header com- address switches, lamps, resistor networks, and plug assemblies.
0506	ponent (PR207) providing a 22k pull-up resistor for each of these indicator lamps on the front-panel assembly. This feat is ac-
0506	eae ae viii a Hie ile GIA heli the amp a , | complished, once again, by the two 16-pin DIP plug-and-socket
0506	a Gi arrangements.
0506	ti vee aihiens aed oe eva saa ae? a ' a " ’ a address switch signals go to yet another place, some-
0506	: tae : . where besides a set of pull-up resistors and logic inverters. They
0506	ae aii Masons NitEpE aM deal oe oe also go to 3-state buffers connected between the switch connections
0506	x. That's resistor- , . q and the system address bus.
0506	Fig. oe an ae oh de Pe devin eee j i ae vital set of connections is represented by ICs Z209 and
0506	ee ; 7 > 10 in Fig. 5-6. These are the hex 3-state buffers. Their inputs are
0506	the address switch signals then return to the cathodes of the address the same points that go to pull-up resistors (PR207) and inverters
0506	i
0507	Data operations begin with the eight data switches (DSO |
0507	through DS7) in Fig. 5-8. Closing any one of these switches causes a
0507	' ad 1 24 logic-0 level to appear at the corresponding terminal of plug socket
0507	a] 2 [is 2] sson_fes ) PZ04. A 16-pin DIP ribbon cable assembly carries these data-switch |
0507	3] 2 [22 3] 1500 [ee logic levels to plug PZ204 on the I/O board. |
0507	AE ae a] 500 [or | The data-switch portion of the I/O board is shown in Fig. 5-9.
0507	s|_ 2 [20 5] 1500 _ foo Here you can see PZ204 introducing the DS signals to two different
0507	“ol 2x te | 1500 lie kinds of devices, a 24-pin DIP resistor header (PR205) and a pair of
0507	Z es : ae inverting bus transceivers (Z213 and Z214). |
0507	nie eee / As shown in Fig. 5-10, PR205 is another one of those home- :
0507	io] 2 his io] 1500 [1s made “ICs” composed of 22k pull-up resistors. As far as the data-
0507	" Par 1" sso a switch circuitry is concerned, these resistors pull up the switch
0507	al 2k is 12| 1500 |g , i levels to logic 1 whenever the switches are open. |
0507	pao OD Gian ___ 2213 is a quad, inverting bus transceiver that can either pass
0507	DSO through DS3 signals to the data bus (DO through D3), or accept
0507	Fig. 5-7. Schematic and top-view layout of resistor headers PR207 and PR208. signals DO through D3 from the bus sending them to the 150-ohm
0507	(Z211 and Z212). The outputs of these buffers go to the system , a current limiting resistors on PR206. Recall that the LOAD pushbut-
0507	address bus, as indicated by designations AO through A11. . ton determines the direction of data flow, and note the LOAD signal
0507	Incidentally, this is the first time we have encountered a going to the direction control pin on Z213, pin 15. This pin deter-
0507	schematic convention that will be used through this book. The | mines whether switch data goes to the data bus or data-bus informa-
0507	address bus connections in Fig. 5-6 are shown by little squares and =F
0507	others with arrows. The squares indicate connections to the main 7) 45V-D Ni
0507	plug connections on the circuit card. This I/O card has 100 such Blom (ezee
0507	connections that will ultimately slip into a compatible 100-pin connec- a
0507	tor socket. The numerals written in the squares indicate the pin 7 ‘lee
0507	numbers. More on that later. 4 art
0507	The address designations noted by arrows indicate wire-wrap j eae |
0507	connections elsewhere on the same circuit board. All of the — ie
0507	address-bus connections in this case go both to the card’s plug are 704
0507	connections and elsewhere to other circuitry on the board. Be
0507	The 3-state buffers in the addressing circuitry are supposedto =| DL?
0507	determine whether or not address-switch information passes to the . Be
0507	address bus. As descirbed earlier_in this section, this is the R/P 3 | acs
0507	signal function. You can see the R/P signal connected to two places ; 083
0507	on Z209 and Z210. This completes the analysis of the overall addres- c pi
0507	sing scheme. Zee
0507	The 8-bit data circuitry follows much the same path as the 3 28, pos, Jose jose, Jose Joss Jose Sosy 587
0507	address circuits. The data switches are located on the front-panel : 3 y: 2 0 9
0507	assembly; a plug-and-cable assembly carries the data-switch signals | | | | | ‘ | | i | Bids
0507	to the I/O board where the buffers and resistors are located, with  —y aia PZ02
0507	the cables carrying the lamp information back to the datalamps on |
0507	the front panel. a are :
0507	Refer to the simplified version of the data circuitry in Fig. 5-3 fe Ne pated ef ematic diagram for the front-panel data switches, lamps,
0507	while working your way through this analysis.
0507	68 | 69
0508	) tion goes to the limiting resistors and, ultimately, the data indicator
0508	lamps on the front panel.
0508	Pin 1 of Z213 determines whether or not the entire data switch
0508	go assembly is operative. Note that this pin is connected to the R/P
0508	= signal. Whenever this signal is at logic 0 (indicating the system is in |
0508	' its PROGRAM mode), Z213 is enabled so that there is an exchange |
0508	of information between the data bus and data-switch circuitry. In the |
0508	2 RUN mode, however, R/P is a logic-1 level, Z213 is completely |
0508	ts Da) om disabled, and the data switch system is completely isolated from the |
0508	s[ok] cs a o data bus. Z214 serves exactly the same function and works the same |
0508	Ps DIENPS ay 3a way as Z213. The only difference is that Z214 handles the four |
0508	ala Se 2) CT Tae a zg Tl higher-order data bits, D4 through D7. |
0508	ee ee ee | When the front-panel system is accepting data from the data
0508	& a pene bL4 3m bus, all eight bits pass through 150-ohm limiting resistors on PR206
0508	Aris Pa [| 8 and to connections on plug connector PZ204. See the details for
0508	Shae bee A building PR206 in Fig. 5-10.
0508	} ae] ps e Returning again to the circuit in Fig. 5-8, it can be seen that the
0508	of 8 ¢ data lamp information from the plug-and-cable assembly goes to the
0508	i eta & gal? § cathodes of data indicator lamps DLO through DL7.
0508	= SRT SE ba FS 10 The three control switches on the front panel are handled in a
0508	a9 ca) om om RES hi j similar, but much simpler fashion. After studying the circuit paths for
0508	8 ie as os. 2 Sas & the address and data schemes, you should have little trouble seeing
0508	Ki; p=—+-+———+ 1 + + Lz -— oL2 g how the same general principles apply to the three control switches.
0508	5 Ce Oe es “ok Sy a . | Note in Fig. 5-9 that all three control signals are available at the
0508	amt : ” Pan We mae gmc n6s : | 100-pin connector for the I/O board.
0508	ee ee ea : CONSTRUCTING AND TESTING THE FRONT PANEL
0508	Bl iG eS a a g : The mechanical features of the front-panel assembly are rather
0508	jes it re Bes 8 straightforward. A piece of 1/16-in. aluminum is cut so that it fits
0508	me = | AC = via = PR206
0508	LOAD o PR205
0508	A cg i) Mn nhs 1 [1800] 24 24
0508	a 2 argues 1 aa a ae ore
0508	COP eerr rage 5 ke ae
0508	al =| ae, S = oa fe Ae
0508	9 Za : 5 0
0508	So Fass 2k =e z te 18 of ee Tie
0508	ag j W 14 1 [2K | 14
0508	5 q | 12 i 12 ene 13
0508	an
0508	5
0508	a : Fig. 5-10. Schematic and top-view layout of resistor headers PR205 and PR206.
0508	70 71
0509	} across the top of the card rack assembly. The other dimension has to
0509	; j } be large enough to hold two rows of lamps and two rows of subminia-
0509	HE AGS ees | ture toggle switches.
0509	Qe NE: EE NE | ” } A suggested layout and drilling plan for the front panel is shown
0509	x ais 2 in Fig. 5-11. If you use the parts specified in the front panel parts list
0509	hob ti ibs ae : (Table 5-1), all holes, except those for the four mounting screws, are
0509	ae wy E= ; Ys in. in diameter.
0509	Rs “ After cutting and drilling the panel, you can give it a brushed-
0509	NE aS ZCN8 So) aluminum finish by scrubbing it lightly with crocus cloth. Maybe
0509	Ci iN DWE in ; alae oa! i :
0509	cy o 4 ‘ x { you'd rather paint it; this is the time to do it.
0509	‘4 * o ‘2 | You can label the lamps and switches at this time, too. Dry-
0509	eb—-9-B— ff Cs a 2 , oF transfer decals look best; but, if you have neat handwriting, you can
0509	3 7 z2 label them with the black ink of an ordinary-printed-circuit etch pen.
0509	fe (ale ie ( ’ 3
0509	= ‘ = = In any event, it is a good idea to finish the panel with a coat or two of
0509	5 ea ee ee el spray lacquer or clear enamel.
0509	i ie i All the major parts for the front-panel assembly are listed in
0509	POR Seles 3 fal ais el . Table 5-1. Mount the parts in any order you like, but I found it easier
0509	2 Wes Moraes aan 5 to mount the switches first—the LEDs sometimes pop out of the
0509	ra < & Ns | Cliplite mountings before they are wired into place.
0509	LO gS MRE a Dy etgneas q You must install the twelve address toggle switches with their
0509	va <a aS Sen Cir arTg a : : a
0509	fa S OFF designations toward the top of the panel. This is necessary so
0509	2 " that they will yield a logic-1 output whenever the handles are set to
0509	aera C- S-p r | the upward position. |
0509	, Since you will be using a hexadecimal number system for |
0509	Be ya BN pe entering address information, you might want to use different colors |
0509	(is Cera tp a a! for the switch handles. I used green covers on switches AO through
0509	o yer 3 A3 (representing the lowest-order hexadecimal character), white
0509	ie ed Ee a a e a 2. - covers on A4 through A7, and red handle covers on switches A8
0509	a ES le Zig pe through A11. None of this color coding is absolutely necessary, but it
0509	< 5 cs a £ lends a snazzy appearance to the front panel and the codes will
0509	| DS on { : «
0509	h—2 ch angie = if on is ; : indeed prove useful later on.
0509	325 1
0509	vey SB Table 5-1. Front-panel parts list.
0509	&
0509	oe OS eer a 7 |
0509	: ! 20 ea. Red LED (Jameco XC556R)
0509	= 3 , i 20 ea. Cliplite LED mounts (Jameco)
0509	A Dehua AD AN RGN 22 ea. SPST subminiature toggle switches (RS #275-324)
0509	Wo WY NE 3 ’ 3 ea. 16-pin wire-wrap IC sockets (Jameco)
0509	s a ae Be : g i 1 ea. Momentary pushbutton switch (Jameco FPF01/PB126)
0509	O° Ve x QD | 3 ea. 16-conductor DIP jumpers (Jameco DJ16-1-16)
0509	a q
0509	a 10-in. x 4-in. aluminum front panel
0509	fee +] " | 3-in. x 2-in. perfboard with 0.1-in. hole spacing
0509	ie) y Kynar wire-wrap wire, assorted colors ;
0509	7 i
0509	72 , oF 73
0510	sary for making doubly sure you know which leads are the anode
0510	Install the eight data switches with the OFF designations to- leads. :
0510	ward the bottom of the panel. Recall from the theory discussions that N ais ae PF ee all twenty LED anodes lg
0510	the data switches generate inverted or active-low signals. The eight ote from Figs. 5-5 and 5-8 that the anodes of all the ae
0510	data switches, in other words, must be mounted upside down rela- connected together to the same +5V source.
0510	He ta the twelle address owitches. Even after connecting all the anodes together, some of the
0510	Color code the handles of the data switches in groups of four. LEDs might still pop out of their Cliplite mountings. I had that
0510	For my own system, I put red handle covers on switches DO through problem one time, so I glued each of the LEDs into the rear of the
0510	D3 and white covers on D4 through D7. The data, you see, will also ] mountings with a dab of silicone rubber (an item commonly sold as.
0510	be entered in 4-bit hexadecimal notation, each color group repre- bathtub calk”). :
0510	senting a different hexadecimal character. Wire together and solder the ON connections of all the toggle
0510	Install the RUN/PROGRAM and RESET switches with their , | switches. This will eventually be the COMM bus shown for in Figs.
0510	OFF designations toward the bottom of the panel, the same way the : 5-5 and 5-8. a :
0510	eight data switches are installed. Color code the handles any way you = Before — the LOAD pushbutton switch, however, you
0510	tite 7 must determine which set of terminals represents the normally open
0510	Install the LOAD pushbutton. It doesn’t make any difference at configuration. Connect an ohmmeter between the center terminal
0510	this point whether one end is toward the top or bottom of the front on the LOAD switch and one of the other two terminals. If the
0510	panel. You will be compensating for the arrangement in either case ohmmeter shows zero ohms when you are not depressing the
0510	later on. pushbutton, you have picked the wrong outside terminal. Try the
0510	Snap the twenty Cliplite holders into the lamp positions, and center and the other terminal. Now the ohmmeter should show zero
0510	then install a red LED into each one of them. Don’t worry about ohms only when the pushbutton is depressed. That outside terminal
0510	keeping track of which terminals are the anodes and which are the ; | is the one you want to wire and solder to the COMM bus wiring to all
0510	cathodes. You'll be working that all out in the next step. the other switches. au : ;
0510	Now is a good time to check the LEDs before wiring them __ The front-panel parts list in Table 5-1 specifies three 16-pin
0510	permanently into place. Find a 1k resistor, attach a pair of alligator Wire-wrap sockets and a small piece of perfboard. Arrange these
0510	clip leads to the 12V DC output of your auxiliary power supply, and three sockets in some neat fashion on the perfboard, and use a bit of
0510	connect the 1k resistor to the free end of the positive lead. You are , F silicon rubber or epoxy cement to hold them in place. These three
0510	about to do two things: check each LED to determine whether it is . | sockets are PZ02, PZ03, and and PZ04 as shown in Figs. 5-5 and 5-8.
0510	good or bad, and determine which of the two leads is the anode. Strip and solder a length of Kynar wire to each of the OFF
0510	Clip the negative lead from the auxiliary power supply to one | terminals of the twenty-two address, data, and control toggle
0510	lead on an LED, and then touch the free end of the 1k test resistor to switches. Wir wap the opposite ends of these wires to the sockets
0510	the other lead of that same LED. If the LED lights up brightly, you | 7 as designated in Figs. 5-5 and 5-8. Connect the center terminal of the
0510	know two things. First, you know the LED is a good one, and LOAD pushbutton to pin 2 of PZ02. :
0510	second, you know the anode is the lead you are touching with the Be careful with this wiring operation. If you aren't 100 percent
0510	resistor. Keep track of the anode lead by rotating the LED so that accurate, you are going to have problems later. Good solder connec-
0510	the anode is toward the top of the front panel. tions at the switches are especially important. You will probably find
0510	If the LED does not light up when you test it in this way, yourself having more trouble with soldered connections than with
0510	reverse the connections. If it still doesn’t light, it must be a dud (or . G the wire-wrapped Ones : :
0510	else your power supply testing rig isn’t working). But if the LED Then wire wrap the cathode of each LED to its designated
0510	does light up brightly, you know the anode is the lead connected socket as shown in Figs. 5-5 and 5-8. ‘ :
0510	through the 1k test resistor to +12V. | Finally, solder one end of a piece of wire-wrap wire to the
0510	Teach each one of the twenty address and data lamps this way. . a COMM switch bus. Wrap the other end to pins 7 and 8 of PZ02.
0510	You probably won’t find any bad LEDs, but the operation is neces- ee poe length of wire from the anode of one of the LEDs to pin
0510	74 i 75
0511	— «i , * for the regulator mounting screw. To do this, arrange the TO-220
0511	a =S=—OrC _ / heat sink neatly in the lower right-hand corner of the board, and |
0511	_ : — 4 mark the place where the mounting screw will pass through the heat
0511	co a. . 8 sink and board. Drill the special mounting hole at that point. Then
0511	a : a -— . mount the regulator (Z216) and the heat sink to the board. Slip a T46
0511	oe q a LULU wrap terminal into each of the three holes under the regulator’s
0511	oe | —" ‘. ll terminals and tack-solder the terminals to the board. Wrap the ends
0511	- a ee eee? | of the regulator terminals around their respective terminal pins and |
0511	oe Sete | solder them into place. After connecting the INPUT terminal to the |
0511	a a om oe nt ee , POWER strip running around the circuit board, and the COMM
0511	ae iy — 1 terminal of the regulator to the GND strip, you're all done.
0511	.< - .— lhrErgwA Figure 5-13 shows how the other parts should be arranged on
0511	Fig. 5-12. Front panel assembly. j the I/O board. Arrange the sockets for the plugs, ICs, and resistor
0511	headers on the board. Bear in mind that you will be putting a lot of
0511	That completes the wiring operations for the front-pane] as- other parts on this same board later on, so there is little room for
0511	sembly (Fig. 5-12). Neaten up the routing of all the fine wire and, if exercising freedom with regard to placing these components. |
0511	you want, bundle sections of the wiring together. Tack-solder each of the sockets at two or more places—say at pin 1
0511	You can leave the plug card suspended from the wiring if you and the pin on the diagonal from pin 1.
0511	want. If the wiring is bundled tightly, you won’t have any problen “yy Wire C217 into place between COMM and the +5V-D output of
0511	with things vibrating loose. That dangling piece of perfboard might the regulator.
0511	offend your sensibilities; if that’s the case, it can be fastened to the | Slip the T46 pins for the card plug’s data bus, address bus, and
0511	back of the front panel with a pair of long screws and 2-in. stand-offs. { control connections. Figure 5-13 shows the relative positions of
0511	Now that you have completed the easy part of the work in this Table 5-2. 1/0-board parts list for front-panel operations.
0511	chapter, it is time to turn attention to the I/O board. ;
0511	(
0511	WIRING THE DATA AND ADDRESS SECTION OF THE I/0 BOARD oe Z210—74LS367 hex 3-state buffer (Jameco)
0511	The I/O board is one of two large microcomputer boards used a oie Mees ise sleek eae. (Jameco)
0511	in the Rodney system. The 8801 board specified in Table 5-2hasa | Z216—5V, 1A regulator, 7805 or LM340T-S (Jameco)
0511	vast number of pre-tinned holes and a space in the upper left-hand q ‘ '
0511	: { Resistors and Capacitors
0511	corner provided for a +5V regulator. At least the space for the 7 C217—1000uF, 16 WVDC electrolytic (Jameco)
0511	regulator appears in the upper left-hand corner if you are looking at 23 ea. 22k, 4W resistor
0511	the component side of the board. 20 ea. 150 Ohm, %4W resistor
0511	This board is really intended for 5-100 type computer main- Wire-Wrap IC Sockets
0511	frames, and I seriously doubt that the original designer had any 2 ea. Ural Ne en eee
0511	thought of using it in a working robot, especially ina working robot 7 ea. 16-pin WW socket (Jameco)
0511	that thinks for cae So you are going to have to make a couple of yy 6 ai oe eae oat Wleeeaaec analy,
0511	minor modifications. Other Parts
0511	We need two separate +5V regulators on this board. Unfortu- i ea. a ee a (Jameco 291 en
0511	nately, the +5V-D supply (the one used for the front-panel assem- 4 ae ator ae ie AE et aay
0511	bly) is not the one that goes in the neat little space allocated fora Kynar WW wire, assorted colors
0511	regulator. You must mount your own regulator in the lower right- : 1 ea. 50/100 WW connector (Jameco R681-1)
0511	hand corner. |
0511	76 77
0512	Turn on the power supply and watch what happens. If the thing
0512	° starts to smoke or blows fuses, you’re on your own. There is a
0512	Wiring error—a short circuit—somewhere, and in this case it is up to
0512	1 you to check out the wiring.
0512	3 $ 3 What should happen at this point depends mainly on the setting
0512	pr20s} | PR206| | PR207 | | PR208 of the control switches. Set the RUN/PROGRAM switch to PRO-
0512	GRAM. In this operating mode, all eight data lamps should go on,
0512	a gaa i and they shouldn’t respond at all to any changes in the setting of the
0512	data switches. If none of the indicator lamps go on, you probably
0512	St a ila /-~COMM | have a defective connection between the output of the +5V-D
0512	each regulator and the positive-bus connection to the anodes of all the
0512	| ° | LEDs. Check for +5V power on the LED anode box, pin 16 of PZ202
0512	on ge 22 Qeeneee i ] ; and PZ02.
0512	i Na COR Seas ee In the event some of the data lamps go on, but others do not,
0512	- eran 4 chances are that the DL connections to the unlighted lamps are open
0512	so somewhere along the line. Check the wiring all the way through, as
0512	Fig. 5-13.Location diagram for vO board components required for front-panel well as solder connections to the corresponding 150-ohm limiting
0512	operations. More components will be added to this board at a later time. j Fesistors on the I/O board. :
0512	these terminals, but Table 5-3 lists the positions in more exact Assuming now that all the data lamps go on when RUN/
0512	detail. Wire-wrap the circuit as shown in Figs. 5-6 and 5-9. PROGRAM switch is in its PROGRAM position, check the data-
0512	Solder the 22k pull-up resistors and 150-ohm limiting resistors .
0512	to the four 24-pin DIP headers as shown in Figs. 5-7 and 5-10. Again, ; F terminals redhltel ior onc Lae! taut? snd GOub aatnoltie:
0512	let me warn you that solder connections are going to cause you some |
0512	headaches later on if these connections aren’t super-good ones.
0512	Every connection problem I had with my Rodney circuit wasasolder D(e4) DRESET
0512	connection. j 2—DO W(69)—LOAD-
0512	If you haven't already attached the card connector for the I/O ~~ 3—D1 V(68)—R/P
0512	board to the card frame, you must do it now. See detailsin Chapter nile
0512	4. . i 6—D4
0512	Place the resistor headers and ICs into their locations on the 109
0512	1/0 board using the placement diagram in Fig. 5-13 as a guide. eile
0512	Slip the I/O board into place and fasten the front-panel assem- 10—AO
0512	! bly to the top of the card rack. Finally, connect the three 16- Hea
0512	conductor ribbon: cables to their respective sockets on the front loans
0512	panel and I/O board. Figure 5-14 shows aschematicarrangement of 14—A4
0512	these three cable assemblies. bole
0512	FRONT-PANEL SYSTEM TESTS | ae
0512	) After all the components arein place and the threeribboncables Stns
0512	| have been installed, it is time to apply power to the front panel 21—Al1
0512	system. Connect the +12V output of the auxiliary power supply to ‘ 50—COMM
0512	pin 1 of the I/O board connector, and run the COMM connectionto
0512	pin 100.
0512	78 | i 79
0513	lamp circuitry in its entirety by grounding the data bus pins at the ;
0513	100-pin connector, one at a time. Runninga jumper between COMM |
0513	and D0 (pin 2 on the main I/O socket connector) should make the DO | esi Biwals
0513	lamp go out. Likewise grounding the D1 pin should make lamp D1go © Behe E 1 46.608 * | pz099
0513	out, and so on through D7. :
0513	Any failure through this particular test indicates a bad wire- 16/-<416 16,>>-(16
0513	wrap or solder connection somewhere between the system databus |
0513	connections at the 100-pin connector and the datalamps. Therearea i ao 1p>1
0513	lot of connections and components along this route, so you might : ; ig oS ‘ |
0513	want to use a logic probe, tracing the status of the signalonestepata : : |
0513	time until you find the point where things are going wrong. , i 16bKeli6 1616
0513	Assuming now that you have good communication between the |
0513	data-bus connections at the 100-pin connector and the data lamps, 1/-<41 1P>11 |
0513	depress the LOAD pushbutton. If the RUN/PROGRAM switch is 7 ef OS :
0513	still in its PROGRAM position, you should see the data lamps . PZ204 | | | - | P2204
0513	indicating the status of the eight corresponding data switches. 16-416 16P>116
0513	. While depressing the LOAD button, switch the DO data switch | FRONT PANEL 16-CONDUCTOR fo poser caceee
0513	up and down. The D0 lamp should go on when the D0 datais up, and © ASSEMBLY RESO CAanE (BOARD 200)
0513	that same lamp should go out when the DO switch is in its down SOCKETS oe
0513	position. Each of the eight data lamps should respond in this fashion
0513	to its corresponding data-switch setting, but only as long as the Fig. 5-14. Documentation of plug assemblies for the front panel and I/O board.
0513	LOAD button is depressed and RUN/PROGRAM is in the PRO- 7 |
0513	GRAM position. of the address lamps, and make certain the COMM bus wiring to the
0513	If none of these switch-and-lamp tests work, the problem is yy address switches is indeed connected to system ground.
0513	either due to a faulty connection at the switch ground bus or at the The problem in this instance could also be in the cable connec-
0513	LOAD switch. The problem in this case might be at the bi-directional } tions between the front panel and I/O board, but it isn’t likely that
0513	buffers (Z213 and Z214 ), but since these components have already such a problem would affect all twelve address switches and lamps.
0513	been tested earlier, they aren’t a likely cause of this problem. Any ~ The trouble might be in inverters Z211 and Z212 on the I/O board,
0513	problem at this point can be traced down with a logic probe using the but troubles at that place would more likely cause all the address
0513	schematics in Figs. 5-8 and 5-9 as guides. lamps to go on, rather than off.
0513	After running through all these data lamp and switch tests, and Also check out the power supply connections to PR207 and
0513	working out any problems, you can be reasonably certain that part of solder connections on PR208.
0513	the panel circuitry is in good working order. | If you are having problems getting the address lamps to re- |
0513	Testing the address lamps and switches is a somewhat simpler spond to the setting of their respective address switches, don’t |
0513	task. No matter what the setting of the RUN/PROGRAM switch panic. It’s probably a “simple” problem that only needs to be sys-
0513	might be, the address lamps should respond directly to the status of ; tematically tracked down.
0513	their corresponding address switches. Flipping the AO switchupand After getting the address lamps responding to their switches,
0513	down, for example, should cause lamp AO to turn on and off accord- 7 set the RUN/PROGRAM switch to PROGRAM and use a voltmeter
0513	ingly. The same is true for all twelve address switches and lamps. or logic probe to see if address information is getting to the system
0513	| If none of the address lamps light up, regardless of the ; address bus. To do this, toggle AO switch between its “1” and “0”
0513	address-switch settings, the problem is most likely a defective position, and observe the response at the AO bus connection of the
0513	power supply connection to either the lamps or the address 100-pin socket (pin 10). The logic level at that bus connection should
0513	switches. Check for +5V power on the common anode connections follow that of the AO switch.
0513	80 : 81
0600-text	As described in the overall system plan in Chapter 2, the micro-
0600-text	processor chip must be able to interact with three basic sub-
0600-text	sections: a program RAM, an optional ROM, anda host of I/O ports.
0600-text	The purpose of the function select circuitry described in this chapter
0600-text	is to sort out the sources and destinations of the microprocessor
0600-text	information.
0600	Check out each of the twelve address-bus terminals in this |
0600	fashion. As long as the panel is in the PROGRAM mode, each ofthe :
0600	bus connections should respond directly to the setting of its corres- |
0600	ponding address switch. Failure of any or all of these little tests |
0600	indicate either defective wiring to the address buffers (Z209 and
0600	Z210) or bad connections between those same buffers and the bus y |
0600	connections at the 100-pin socket. Function- And
0600	
0600	The addiress-bus connections at the 100-pin connector of the
0600	1/O board wiill be undefined as long as the panel is set for its RUN H H
0600	mode. Depressing the LOAD pushbutton should not have any effect I/ 0-Se ect C ircu ltry
0600	on the address circuit tests. :
0600	TESTING AND TROUBLESHOOTING q As described in the overall system plan in Chapter 2, the micro- |
0600	
0600	The process of assembling any part of this Rodney system ’ processor chip must be able to interact with three basic sub-
0600	involves making a large number of connections. Even the most 7 sections: a program RAM, an optional ROM, anda host of I/O ports. |
0600	careful builders are going to make mistakes now and then, and you j : The purpose of the function select circuitry described in this chapter
0600	will soon find those mistakes causing problems. : : is to sort out the sources and destinations of the microprocessor
0600	
0600	Troubleshooting thus really begins at the construction stage of information.
0600	the operation. The more care you exercise in building the circuit, the There are another set of function-select operations, however, |
0600	smaller the chances of having to deal with a problem later on. that were treated by a few words in Chapter 2. The case in point is
0600	
0600	But problems will arise, and they must be ironed out before the interaction of the front-panel system with the program RAM and
0600	going any further. Ignoring the problems won't make them goaway, 7) I/O ports. In Chapter 5, you found that the front panel can, in a
0600	they will always come back to haunt you. Don’t settle for the “close 7) limited way, replace the operation of the microprocessor chip. This
0600	enough” philosophy. Every item must pass its tests with absolute interaction between the front panel and program RAM will be critical
0600	Cohan: : for entering programs into the system later on. Plus, a similar kind of
0600	
0600	Dealing with a problem in the circuit is rarely easy. Actually the j interaction between the front panel and I/O ports will prove to be
0600	real problem is finding the cause of the trouble, and it turns out that 7 invaluable for testing I/O circuitry long before the microprocessor |
0600	
0600	troubles are hard to find by anyone using trial-and-error methods.So | chip is installed.
0600	
0600	dealing effectively with trouble depends on understanding how the 7) Presumably you have already built and checked out the front- |
0600	circuit in question is supposed to work. That’s why we have gone panel system as described in Chapter 5. Now you will be assembling |
0600	into so much detail in the theory sections of this chapter. ; the vital function-select circuitry and testing it by means of front- |
0600	
0600	If you find some part of a test failing to show clear and positive ‘ panel PROGRAM operations. If the scheme works from the front |
0600	
0600	results, and you’re getting frustrated trying to track down the panel, it will work from the microprocessor later on in the project. |
0600	in-depth review of the theory of |
0600	Se aie cal ei MURRRnERE RL TIEIE 8 ee THEORY OF OPERATION—AN OVERALL VIEW |
0600	Knowing exactly how a circuit is supposed to work goesalong : Familiarize yourself with the glossary of function-select terms
0600	way toward helping you fix anything that might go wrong withit now in Table 6-1. You might not be able to appreciate the full meaning of
0600	or later. Ignoring the theory of operation or passing over it lightly will i all these terms at this point in the game, but you should at least give it
0600	eventually cause a lot of headaches. Take the time and effort to ] a try, and be prepared to refer to this information as you work your
0600	j understand the operation of the circuit thoroughly, and you willcome way through the chapter. |
0600	| out ahead in the long run. The diagram in Fig 6-1 is a simplified version of the main -
0600	i function select circuitry. The outputs of S1, $2, and $3 are, ina
0600	! sense, connected together to the system address bus and control
0600	82 : 83
0601	|
0601	: ee : nated Z209 and Z210 in Fig. 5-6. Address bus connections A8 |
0601	Table 6-1. Glossary of terms for the function- and 1/0-select circuitry. ree gh peti: the th pli shown in Fig. 6-1 because they are |
0601	CROM—an active-low signal that selects optional ROM operations. Tested, but | the only ones relevant to the function-select i siniectandag
0601	ae used, in as pds oe Ee Before looking at the operation of the S4 block in Fig. 6-1, takea
0601	—an active-low signal that selects program operations. : ity : :
0601	CS!0—an active-low signal that selects system I/O operations. BONS detailed look at the role R/P plays in all of this. Whenever the
0601	10WO—an active-high signal that selects a writing operation to output port 0 system is in the normal RUN mode, R/P is at logic 1. Buffers S2 and
0601	tea cave high signal that selects a writing operation to output port 1 S3 are disabled so that none of the front-panel signals Dees the
0601	(ACTH). ee ae a) address and control buses. At the same time, though, buffer S1 is
0601	10RO—an active-low signal that selects a reading operation from port 0 (ENVL). | enabled, and information from the microprocessor chip (if it is instal-
0601	I0Ri—an active-low signal that selects a reading operation from port 1 (ENVH). :
0601	i0R2—an active-low signal that selects a reading operation from port 2 (TSWR). : led) Boe to those eae bus conse
0601	10W4—an active-high signal that selects a writing operation to output port 4 For instance, in the RUN mode, A8’ from the microprocessor
0601	EE : goes to address bus line A8, A9’ goes to bus line AY and so on. Signal
0601	l0W5—an active-high signal that selects a writing operation to output port 5 , 5 3
0601	(MAWH). j SI’ from the microprocessor also passes to the control bus, but this
0601	10R4—an active-low signal that selects a reading operation from port 4 (MARL). P particular signal is then renamed R/W to give it more meaning during
0601	!ORS-—an active-low signal that selects a reading operation from port 5 (MARH). } : :
0601	CSMM—an active-low signal that selects main memory operations. { construction and troubleshooting Opes vhs. :
0601	AB‘A9’, A10', Al1’—address bits 8, 9, 10 and 11 directly from the microp- Along the same line of thinking, RD’ and SOD’ become known
0601	rocessor chip. These will not be used inthis chapter, as RD and SOD after passing through buffer S1 in the RUN mode. It
0601	$0D' —serial data output directly from the microprocessor chip. This will not be q h that th WR’ sehalitn th E :
0601	used in this chapter. appears, however, that the signal from the microprocessor is
0601	$1'—a status signal level from the microprocessor chip that signals either a up | lost somewhere along the line. This is not really the case, as you will
0601	ee ele ia Sa = 0) or a reading operation (S1” = 1). This will not be , discover later in this chapter. Remember, Fig. 6-1 is a simplified
0601	___used in this chapter. : Pea Ae : ae
0601	| RD’ and WR—active-low READ and WRITE signals directly from the microp- block diagram, and when considering simplified diagrams, it isn’t
0601	rocessor. These will not be used in this chapter. always possible to tie in all the loose ends.
0601	|AD—Th -determi 3- 3 ; :
0601	LO. ee ari apa le data load signal from the front panel system de | Placing he system into the PROGRAM mode isolates all the
0601	R/P—The RUN/PROGRAM signal from the front panel system described in ; microprocessor signals from the system and substitutes those from
0601	Chapter 5. i iL ‘
0601	A8, A9, A10, Ai 1—the four higher-order address bus signals. For the purposes of the front panel system. Information from A8 through All on the
0601	this chapter, they will be derived only from the corresponding front panel f front panel becomes A8 through A11 on the address bus, and LOAD
0601	i . Pcomtoe naa Pipi enue ee as q is renamed R/W as it passes through S2 to the control bus.
0601	—-a System version of the command. = Uwnenever cata 9 San s *
0601	is to be written onto the data bus, and R/W = 1 when data is to be taken from 4 In Say: 51, 82, and S3 are function select circuits. When
0601	___the data bus. ' the system is set up for its RUN mode, S1 delivers relevant micro-
0601	RD—a buffered version of RD’ | ; r H ‘ a ;
0601	SOD sa: bufroredl'versicii of SOD’: Not use in'this Ghapter processor information to the four high-order bits of the address bus
0601	= { AB, Ad, A10, Ail
0601	bus. The information on these two busses comes from one of two | ial Ags pce
0601	places: the microprocessor chip via S1, or the front panel system via As’ Ag’ A1O’, At AND CONTROL BUSES)
0601	$2 and $3 RD’ WR’ St’ SoD’ ao
0601	ee = : aw Loe (FROM uP) CROM TO OPTIONAL PROGRAM RO
0601	It is the R/P status that determines whether this information is ff ha ae CRAM TO PROGRAM RAM
0601	supplied by the microprocessor or front-panel system. Whenever a AD TEIO TO VO SELECT
0601	R/P is a logic 1, the system is in the RUN mode and accepts the bus 4 ae
0601	information from the microprocessor through buffer Sl. In the | < pd
0601	; PROGRAM mode, however, R/P is a logic 0 and buffers $2 and $3 z
0601	are enabled so that front panel information is placed onto the busses. fF \A8, A9, A10, A114 fs
0601	All of this should sound rather familiar in the context of the discus- 6 RIP: :
0601	sions in Chapter 5. (CHAP. 5)
0601	Incidentally, you have already installed and tested the block in Fig. 6-1. Block diagram of the function-select circuitry.
0601	Fig. 6-1 that is labeled S3. This is the set of address buffers desig- ;
0601	84 1
0602	and three of the control-bus lines. In the PROGRAM mode, that
0602	same set of bus lines gets its information from the front panel ; 1OWO
0602	system. AO JORO frorr 9 |
0602	Now, take a look at select circuit S4 in Fig. 6-1. The select iow! |
0602	operations here are somewhat different from those used for the fs aoe from 1 |
0602	three preceding circuits. The main job of S4 is to determine which / A2 Oe
0602	one of the three basic sources or destinations of information will be $5 lOR2 PORT 2
0602	enabled: _the optional program ROM (CROM signal), the program | tow4 feorr 4
0602	RAM (CRAM signal), or any of the I/O ports (CEIO signal). | > |OR4
0602	The Rodney computer system uses something called Riw IOW5
0602	memory-mapped I/O. This is relevant to the discussion at hand, , TORS PORT 5
0602	because it means one of the three major sources and destinations of CEIO. ° GSM RAM DATA
0602	information is selected (addressed) by the two higher-order address (PORT 6)
0602	lines, A10 and A11.
0602	It turns out that RAM operations are selected whenever A100 ; j ‘ Ane
0602	and All are both at logic 0 at the same time. In other words, the | Basia leche cael Aided vy atikes i
0602	CRAM output of block S4 goes tologicO whenever A10=A11=0. | The only difference between the two signals going to one of the
0602	By the same token, ROM operations are elected whenever A10 =1 I/O ports is that the “W” versions cause 8-bit bus data to output from |
0602	and All =0, and finally, one of the I/O port operations will be that port, and the “R” versions of the enabling signals cause data-bus |
0602	selected only when Al10=0 and Al1l=1. information to be entered via that port. Port 2 in the Rodney system
0602	You will find out exactly how S4 does this job inthe next section 7) happens to be a read-only port, so it has only an “R” designation,
0602	which deals with the finer details. For the time being, itis sufficient IOR2. In passing, note that the select signals for Se or writing
0602	to realize what S4 does in a basic sense. You should note in passing, operations are active high, while those for “R” or reading operations
0602	however, that S4 is enabled and fully operational whether the sys- { are active low. :
0602	tem is in the RUN or PROGRAM mode. In fact, all of the work you Signal CSMM from $5 in Fig. 6-2 is a special sort of enabling
0602	have done on the front-panel system pretty much ends right here. | signal for for the main-memory system. This signal could be labeled
0602	The second portion of the system under consideration here is , oi as port 6. It enables the memory circuit whether the system calls for |
0602	the I/O-select circuitry. Once you select anI/O operationby means aread or a write. It is thus both a read and write port, as most of the |
0602	of the select logic in block S4 of Fig. 6-1, there is still a need to sort | others are, but it makes no distinction between the two kinds of |
0602	out the individual I/O from among the six possibilities. This is the job operations. If itis helpful to you, you might view CSMM as the result |
0602	of the I/O select circuit blocked out in Fig. 6-2. of the logical oepration IOW6 + IOR6.
0602	Selector block $5 in Fig. 6-2 actually serves six I/O ports. { Let me repeat that the outputs from $5 are not the ports,
0602	Some of these ports are capable of both reading and writing informa- | themselves, but rather the enabling signals for the I/O ports. You
0602	tion, while one is simply a read-only port. We will not be constructing { will not begin working with the actual port circuitry until Chapter e |
0602	the I/O ports, themselves, in this chapter, but much of the work q The I/O-select block, S5, is enabled only when it receives a |
0602	here involves building and testing the circuitry necessary for select- : logic-0 level at its CEIO connection. This signal comes from block S4
0602	ing the I/O ports and determining whether they will accept or put out in Fig. 6-1. Address bus lines AO, Al, and A2 then determine which
0602	data bus information. one of the I/O functions will be selected, and the R/W input deter-
0602	The system includes four general-purpose, 8-bit I/O ports that mines whether the circuit will select a read or a write operation.
0602	are selected by IOWO, IORO, IOW1, TORL IOW4, IOR4, IOW5 and There is little point in dwelling on the logic operations involved
0602	IORS. The signals having the same suffix—0, 1,4, or5—enablethe =~ in this selection process until you have a chance to see the actual
0602	same ports. IOW0 and IORO, for instance, both service I/O-port 0, i circuit. It is enough at this point to know that the I/O select opera-
0602	while IOW1 and IOR1 both service port 1, and so on. tions calls for the five inputs just mentioned.
0602	86 . if ws
0603	DETAILED THEORY OF OPERATION .
0603	
0603	The circuit shown in Fig. 6-3 details the exact wiring of the a |
0603	function-select circuitry described in connection with the block dia- a é Lo re |
0603	gram in Fig. 6-1. It takes little more than a glance to identify the input Ai! é es Ai9
0603	and output signals already described and listed in Table 6-1. att ie Ree ee
0603	
0603	Z103 and Z104 are both hex 3-state buffers with two active-low ToD LN en (7 Mie NONIGMG EME ATES
0603	enable connections. Note that pin 15 on Z103 and Z104 are con- a ‘ava
0603	nected together at the R/P signal source. This source is the same APH et OL evn ar eke os
0603	RUN/PROGRAM signal developed in the front-panel system. a as vee 2110-0
0603	
0603	The other enabling pins (pins 1) are similarly connected to- ce ae zoe tA istece
0603	gether, but in this case they are connected to an inverted version of Ais on a LESS aon ore |
0603	the basic R/P signal. This signal, after being inverted by Z110-A, can ; Eee "ero A el ep w CEO |
0603	legitimately be called R/P. Connecting the enabling pins in this 110741804 -
0603	configuration enables certain buffers within the IC when R/P=1, j 1: _—| NOTE: “iseates CONNECTION TO BE MADE IN =
0603	disabling the same buffers when R/P=0. Suppose, for the sake of S FOR REFERENCE PURPOSES.
0603	this discussion, that R/P is logic 0. The system, in other words, is
0603	operating in its PROGRAM mode. In this case, the buffer controlled Fig. 6-3. Schematic diagram of the function-select circuit.
0603	by enabling pin 15 will be disabled, while those controlled by pin 1 will , leis
0603	be enabled. It happens that pin 15 on both of these buffer circuits can be traced back to two different sources of signals, pin 13 of 2103
0603	controls information from pins 12 and 14, while pin 1 controls signals and pin 5 of Z104. Since a single point cannot tolerate logic signals |
0603	present on pins 2, 4, 6, and 10. So when R/P is set to logic 0, as in from more than one source at a time, there has to be some provision |
0603	this example, the signals going to input pins 12 and 14 on both buffer for making certain only one of these two sources is providing data at
0603	ICs will pass through to output pins 13 and 11 respectively. q any given moment. Because of the arrangement of the inverter,
0603	Since the R/P- signal is inverted by Z110-A before it is applied to Z110-A, and the enabling pins on the buffer ICs, you should be able
0603	pin 1, it follows that the inputs controlled by these pins will be to see that pin 13 of Z103 and pin 5 of Z104 can never be enabled and
0603	blocked. In other words, the data applied to pins 2, 4, 6, and 10 of providing information at the same time. One or the other is at work,
0603	both buffer circuits will be effectively gated off. , but never both. f
0603	
0603	What does all this mean in the context of system RUN and “__ Eheretore, we can tie these two sources of data together at the
0603	PROGRAM operations? It means that information from the micro- . R/W output terminal without ever running into a conflict of informa-
0603	processor (A8’ through All’, SOD’, SI’, etc.) will be blocked at the tion. More Eaten re the fey a ie ce
0603	buffers. The microprocessor signals are isolated from the rest ofthe tion enables pin 13 of 2103, and the output 1s ellectively
0603	
0603	| system as long as the PROGRAM mode is in effect. ' connected to the LOAD signal. Putting the system into the RUN
0603	While the microprocessor information is being blocked by Z103 . mode, on the other hand, connects R/W to the SI’ output of the
0603	and Z104 in the PROGRAM mode, some signals are passing through microprocessor. The R/W signal is thus either LOAD or S1’, de-
0603	) the enabled portions of the two buffers. Pin 14 of Z103, forinstance, pending on whether the system is set up for PROGRAM or RUN.
0603	passes the LOAD signal level through to pin 13, while at the same The same general idea applies tone ae of buiet outputs that
0603	| time, output pin 11 is held at logic 0 because its corresponding input are connected together in Fig. 6-3. In fact, it also applies to the four
0603	pin, pin 14 of Z103, is permanently grounded. address bus lines, A8 through A11. In this latter case, however, the
0603	All of this changes whenever the system is put into its RUN second source of information is not shown. It is really the identically
0603	mode. Microprocessor information is allowed to pass freely through ; labeled address outputs of 2201 on the I/O board. (See Fig. 5-6). In
0603	the buffers, with the LOAD signal and fixed levels inhibited. | the PROGRAM mode, bus signals A8 through All come from the
0603	
0603	If you'd like a more specific example of how this scheme works, front panel circuitry, but in the RUN mode, they come from the
0603	consider the R/W output of the circuit in Fig. 6-1. This connection microprocessor and 2103.
0603	
0603	88 | 89
0604	Z105 in Fig. 6-3 is the system’s source of enabling signals. This : : : ee
0604	device is actually a 2-line to 4-line decoder/demultiplexer. Its four d noe Dat ane Spee platens a ‘ ay wy de
0604	active-low outputs are normally held at logic landdrop downtologic , oe ae me meee | te a pee ere acon
0604	0 only when (1) the circuit is enabled by alogic Oat pinl15and(2)one fe CS slo i Se ee bole Ash Bt i ie Hust
0604	of the four outputs is addressed by signals at pins 13 and 14. j rea ae aie i a
0604	Suppose Z105 is enabled by having a logic-0 level at pin 15. This eee ie ie ak 150fZ105isa logic 1i @? In thi
0604	isn’t always the case, but it will suffice for this part of the discussion. nite en We a ae 1 Se ee rat and
0604	Further, suppose pins 14 and 13 of that sameIC areatlogic0. Under a es of the select outputs go eS oe an ae ie There is no
0604	this particular set of circumstances, output pin 12 will be at logic 0, ea mee ae ae ies oe ote i A ee |
0604	and the rest of the outputs will show their normal, logic-1 output. | Me Ae uy ny second kind of logic ae on qe that |
0604	If the signals at pins 13 and 14 are then changed, but enabling vats oe Ail gate having aii baw Lae ae
0604	pin 15 remains at logic 0, one of the other three outputs will golow eae: re ae ee Ate ae pe Ty mite cats oe
0604	and pin 12 will return to logic 1. If pin 14 is alogic 1 and 13 is alogic 0 ; 7 a nee f ft AAA tanh tae a sesh cra ie ae Pooene a
0604	F y : ; i the situation the other way around, pin 15 will be held at logic 1
0604	the pin 11 output is the one—the only one— that is a logic-O level. eee : : Fj |
0604	The pin-10 output goes low whenever pin 14=0 and pin 13=1. q eres Sy mes ae pone) hy oe Pere e and : of
0604	/AlbO this headeia toy AAGAN Sine Http if yoartmuee HieSe phim | Z110 area logic 1. From this perspective, the little logic circuit
0604	their source and destination. Note, for instance, that the addressing Aad lca Wat Se Ese
0604	pins (pins 13 and 14) are connected to address bus lines A10 and | |
0604	A11. Further note that the three outputs are related to select signals 45V-A
0604	CRAM, CROM, and CEIO. The three main select signals, in other 7 Re +5V-A |
0604	words, are themselves selected by combinations of lsandOsatAl10 ainsi ei |
0604	and All. \ AO i ermal be i a : Bae 4 Nel hie
0604	Still assuming that pin 15 of Z105 is fixed at logic 0, you should At [14] Ox Ee é {> baht
0604	now see that CRAM is energized whenever A10=A11=0—whether i bowls ae |
0604	the system is in the RUN or PROGRAM mode. CEIO is likewise Bit eae ORO |
0604	generated when All=1 and A10=0. This output also operates the | as aN 10 roe
0604	same_way in either the RUN or PROGRAM mode. ee 1 ae es 2 ORD |
0604	CROM is different, however. Its behavior depends on the yy |
0604	RUN/PROGRAM status. That’s why it is taken from a circuit that ;
0604	works, at least in part, from the Z105 decoder. Z112-B and Z110-D iA |
0604	work together as a 2-input NAND gate that has active-low inputs. 16 d pale :
0604	The CROM output of Z110-D goes low only when the two inputs to 1 15 5.IN6 |
0604	the Z112-B device are both low. j 14 - 9458 awa |
0604	Tracing the signals back, the pin-6 input of Z112-B goes low ] z1o09 [13 emi: TaoWe |
0604	whenever Z105 is enabled and A10=1 and Al1=0.'The pin-5inputto ea ‘LS138 a |
0604	Z112-B depends on the RUN/PROGRAM status of the system. If ; Peal 7on4
0604	the system happens to be in the RUN mode, pin 5 gets its informa- ; d [to _| JOR5 |
0604	tion from pin 7 of Z104 which can eventually be traced back to the ps Ls ee 8
0604	RD’ terminal of the microprocessor. Inthe RUN mode we can getan Z111-74LS04 a eee ia ¥j
0604	active-low, zero-energizing level from CROM only when that device aL ab aka : Shenteec |
0604	is selected by Al0 and All and the microprocessor is generatinga = 7 |
0604	RD’ signal. Go to the PROGRAM mode, though, and pin 5 of Z112-B j
0604	ae ete surreaie corresponding buffer input (pin Fig. 6-4. Schematic diagram of the 1/O-select circuit.
0604	90 | 91 |
0604	|
0605	i
0605	The important thing to do now is figure out what the inputs to '
0605	Z110 are supposed to be. When the systemis inits RUN mode, pins Table 6-2. Truth table for the {/0-select operations.
0605	from the microprocessor. In the RUN mode, then, pin 15 of Z105 SO ss |
0605	enables the selection process when the microprocessor calls fora 0 OO VO Ot 0.0 0 a) ieee ees 4
0605	read or write operation. Otherwise the select circuitry is disabledin aie: menos
0605	the RUN mode. ‘ One 1 y20 OOO eden 1 1 1 1
0605	Whenever the system is set up for PROGRAM operations, pins Po ee ie Ge ee
0605	3 and 5 of Z110 are logic 0 due to the buffer connectoins at Z103 and ee te Mu cn MU tat
0605	Z104. The select circuit, Z105, is always enabled during PROGRAM 0 fog ola oo ee
0605	operation—a feature that is especially valuable for checking out all ? 9 i
0605	the memories and I/O ports from the front-panel system. j Ot IO 0 eon Oo ee
0605	The circuit in Fig. 6-4 shows the I/O-select circuitry that was ee ee ee ee Oy
0605	described in a general fashion in the previous section of this chapter. | | eae
0605	See Fig. 6-2 for the general block diagram of this circuit. Doel de One OO Oma adie oa
0605	Z108 and Z109 in Fig. 6-4 are both 3-line to 8-line decoders. prorishe fy meleate Wie aevarstae?
0605	They are enabled only when pin Gis alogic 1 and pins 4and 5are logic signal. The unique behavior of the CSMM output is determined by
0605	0. Whenever these devices are enabled, the signals at pins 1, 2, and Z112-C, Z111-E, and Z111-F in Fig. 6-4.
0605	3 determine which of the eight different outputs will go to logic 0.
0605	The precise details of this circuit are perhaps best describedin ASSEMBLING THE SELECT CIRCUITRY
0605	terms of a truth table. See Table 6-2. This truth table is not only All of the function- and I/O-select circuitry described so far in
0605	helpful for explaining the operation of the I/O-select circuit, but it this chapter goes onto the second main circuit board. This board will
0605	can prove invaluable if it becomes necessary to test and troubleshoot be known as the CPU Board, or Board 100. It takes these names
0605	the select system later on. because it will ultimately hold the microprocessor chip and all the
0605	According to the first line in the truth table, the entire circuit is parts on this board have a 100-series prefix. By the time you
0605	disabled as long as CEIO is a logic 1. This should make sense complete the work in this chapter, you will be working with partly
0605	because the CEIO signal is the active-low enabling signal. If you assembled versions of the two main circuit boards. This means you
0605	aren't selecting an I/O operation of one kind or another, all of these will also have two 100-pin connectors attached to the system’s card
0605	outputs should be disabled. . F rack assembly, and there will be some wire-wrap connections bet-
0605	Now suppose you enable the I/O-select circuitry by letting ween the connectors.
0605	CEIO go to logic 0. What happens after that depends on the status of
0605	R/W, A2, Al, and AO. If R/W is set to 0 as shown in the second Setting Up the CPU Board
0605	column of the truth table, you begin carrying out a series of possible Figute 6-5 stiows the anrangemicnt of components on olen
0605	“writing” operations based on the Uae Day address inputs. ee hand side of the CPU circuit board. As part of the work in this
0605	ao and AQ happen Me be at logic 0, output ! OW is ieee chapter, you will be installing the sockets and components that carry
0605	indicated on the first line of the truth table. Setting AO tologiclthen part-number designations. The other components, shown only in
0605	ee igl, — ‘ outline form, will be installed at alater time andare shownhere only
0605	: BD OUt Belen through the truth table, R/ Wy Uhatece to ta to help you locate the positions for the parts relevant to this chapter.
0605	loge? 14, condiicn, aud ihe three adtiress Iiies enable teat aia You might have noted from the schematics in the previous
0605	operations such as IORO, IOR1, etc. With the notable exception of section that the ICs are operated from a +5V-A power source. This
0605	the CSMM one each of the Vay le is enabled by only one scr Gian is one of two 5V, regulated supplies that will fit onto the CPU board.
0605	input conditions. As an earlier, CSMM is enabled at the For the time being, however, you are only interested in the +5V-A
0605	same address designation, regardless of the status of the R/W supply shown in the upper left-hand corner of Fig. 6-5:
0605	92 } 93
0606	7 Table 6-3. CPU board parts list for the select circuits.
0606	| CPU BOARD (BOARD 100) j : aaa :
0606	° q ICs
0606	C106 \ Z103, Z104—74LS367 hex 3-state buffer (Jameco)
0606	me . Z105 —74LS139 dual 2-line to 4-line decoder (Jameco)
0606	+5V-A ; Z108, Z109—74LS138 3-line to 8-line decoder (Jameco)
0606	C101 1 Z110, Z111—74LS04 hex inverter (Jameco) |
0606	Z132 j Z112 —74LS02 quad 2-input NOR gate (Jameco)
0606	ul Z132 —5V, 1A regulator, 7805 or LM340T-S (Jameco)
0606	Capacitors ‘
0606	q C101—1000uF,'16 WVDC electrolytic (Jameco)
0606	e > | C106—0.14F mylar (Jameco)
0606	e = 2 2 4
0606	US] EAM ye 4 Wire-Wrap IC Sockets
0606	e 3 5 x q 3 ea. 14-pin WW socket (Jameco)
0606	| | hole coordinate ‘ 5 ea. 16-pin WW socket (Jameco)
0606	NUINTEN 40, 15 :
0606	* Other Parts
0606	ra apleaneates i 1 ea. TO-220 heat sink (Jameco 291-.36)
0606	° 60,12 /) 1 ea. Vector 8801, 100-pin circuit board (Jameco)
0606	}, 1 ea. 50/100 WW connector (Jameco R681-1)
0606	d Vector T46 WW terminal pins (Jameco)
0606	COMPONENTS NOT HAVING PART ; Kynar WW wire, assorted colors
0606	NUMBERS WILL BE ADDED LATER i ees PEN rah Se : ae! : - ;
0606	Fig. 6-5. Physical layout of function- and !/O-select circuitry on the CPU board : and vertical coordinate 12. The lower left-hand pin of 2109 then goes
0606	(Board 100). } into hole 40, 15.
0606	: ' Install the wire-wrap sockets for these two ICs in their
0606	Attach the regulator, Z132, in the designated alee of the CPU 7 coordinate-designated places. Then use them as guides for position-
0606	board, using one of the TO-220 heat sinks. Also install the filter and 4 ing the other six IC sockets. Be sure to use 14-pin sockets for Z110,
0606	deglitching capacitors, C101 and C106, using the power supply 7 Z111, andZ112, and 16-pin sockets for Z103, Z105, Z108, and Z109.
0606	circuit in Fig. 6-6 as a wiring guide. : | Tack-solder each IC socket into place at a minimum of two places
0606	As an aid for locating the position of the ICs to be installed at this each.
0606	time, note that the 8801 circuit board has sets of numerals arranged 7 : Insert T46 wire-wrap terminals at the 100-pin connector pads
0606	around the outer edges. These designate the horizontal and vertical 7 on the CPU board, using the list in Table 6-4 as a guide. Tack-solder
0606	coordinates of each hole on the board. The lower left-hand pn on each of them into place. You will be using a lot more of these
0606	Z103, for instance, should go into a hole at horizontal coordinate 60
0606	Lea. j Table 6-4. Summary of CPU board connectors used for function- and 1/0-select tests.
0606	f
0606	+12V] 1-4 7432 mor . 1—+12V K(59—SOD
0606	POWER +] C101 | C106 q Heine ie PCED
0606	11—Al N(62)—R/W.
0606	~|1000uF | 0.1uF 12-—n2 P(63)-CSMM
0606	i fi
0606	MM 18—A8 v(68)—R/P
0606	os ul ue 19—AQ W(69)—LOAD
0606	| = = | 20—A10 :
0606	! 21—A11 :
0606	iat | 50—COMM |
0606	100-pin edge connections required for testing the function and |/O-select
0606	Fig. 6-6. Schematic diagram of the +5V-A power supply. } circuitry
0606	94 95
0607	Complete the assembly of this phase of the job by wire wrap- ~~. — -. es.
0607	assembly. It should be located about 2 inches below the I/O board | | 2 hh CC
0607	
0607	Now is the time to wire wrap some of the 100-pin connections 7 eee GS |
0607	on the CPU and I/O boards. Table 6-5 is a list of interconnections 7)  .. i |
0607	necessary for checking out the function- and I/O-select operations. j |. — 7 |
0607	You will be running more wires between these two connectors later, |.  .
0607	these are the important ones for now. j i — —
0607	
0607	Wrap a length of wire between pin 1 on the I/O board andpin1l : _ .. |
0607	on the CPU board. This particular connection provides +12V power Fig. 6-7. Front panel, CPU and 1/O cards as they appear when installed. ~ |
0607	to both boards. Then wrap together pin 10 on both boards for the AO) Unless clearly specified otherwise, all tests in this section are |
0607	line of the address bus, pins 11 for the Al line, etc. To make things made at the wire-wrap terminals on the 100-pin connectors. Since |
0607	simple for yourself, you might note that the pins you are tointercon- 7) like pin numbers are connected together on these two connections, |
0607	nect have the same numbers on both connectors. i it generally makes no difference whether you use the CPU or I/O
0607	
0607	| connector.
0607	TESTING AND TROUBLESHOOTING THE SYSTEM ( Attach a logic probe or DC voltmeter to pin V and alternate the
0607	With both main circuit boards fastened securely into their respec- RUN/PROGRAM switch on the front panel between its two posi-
0607	tive sockets, run power supply leads from the auxiliary power supply 7) tions. Pin V should show a logic 0 when the switch is in the PROG-
0607	to the power connections on the 100-pin connectors—+12V to pin RAM position, and it should show a logic-1 level whenever the
0607	1s and COMM to pin 50s. Turn on the auxiliary power supply and get switch is set to the RUN position. If this does not happen, doub-
0607	ready to run some interesting tests. ; lecheck the wiring and T46 pin connections at terminal V on both
0607	; circuit boards. Do not go any further with the testing procedures
0607	Table 6-5. Wire-wrap connections between the CPU and 1/0 boards required for until you are satisfied things are in good working order to this point.
0607	testing purposes. Then connect the logic probe or voltmeter to pin N and depress
0607	j the LOAD pushbutton on the front panel. This point should show a
0607	| From Board 100, Pin: | To Board 200, Pin: | Function | 1 logic-0 level when the button is depressed and a logic-1 level when it
0607	; it is not depressed. Again, if there are problems, work them out before
0607	10 10 AO going any farther.
0607	11 11 Al Check out each of the seven relevant address bus lines by first |
0607	| ‘ bs i q making certain the system is in the PROGRAM mode (setting the |
0607	19 19 AQ RUN/PROGRAM switch to PROGRAM) and then testing the logic
0607	20 20 A10 levels at each of the address connections on the card connectors.
0607	2 a Apes | To test the AO line, for instance, attach the logic probe or
0607	K(59) K(59) SOD_ voltmeter to pin 10. With the system in the PROGRAM mode,
0607	N(62) N(62) LOAD change the AO switch on the front panel between the “1” and “0”
0607	(68 — RIP i | position. Whenever AO is in the “0” position, pin 10 should show a
0607	96 97
0607	it
0608	logic-0 level and when A1 is at the “1” position, pin 10 shouldbea = e System is set for PROGRAM mode
0608	logic 1. Run the same test for Al at pin 11, A2 at pin 12, A8 at pin 18, « Al0 =0
0608	AQ at pin 19, A10 at pin 20, and All at pin 21. «All =1
0608	The system must be set for the PROGRAM mode to show the These three critical select points should be checked out very
0608	desired results. If the emo the RUN mode, the address lines carefully. They should always show a clear-cut:logic-1 level except
0608	will be undefined, most likely showing logic-1 levels, no matter what when the three special conditions are met at the same time. If you
0608	the positions of the address switches might be. : are having trouble with all three of them, look for troubles around
0608	Check out the R/W function by attaching the logic probe or Z105, Z112-A, Z110-B, and Z110-C. These components are com-
0608	voltmeter at pin W and working the LOAD pushbutton. As long oo mon to all three Arcee signals. The problem might be at
0608	the system is in the PROGRAM mode, pin W should show a logic 1 address lines A10 and A11; but since you have presumably checked’
0608	when the LOAD button is not depressed anda logic0 when LOADis them out already they aren’t likely at the heart of the trouble. If you
0608	depressed. R/W (pin W) is undefined, probably showing logic las are having some trouble only with the CROM signal, check out:
0608	long as the system is set up for RUN operations. ; 7110-D and Z112-B. :
0608	The RD signal at pin M of the CPU board should show a logic 0 After making certain the main function-select circuitry is
0608	whenever the system is in the PROGRAM mode. It will be undesiia™ operating properly, turn your attention to the I/O-select circuits.
0608	fined, showing a logic 1, by setting the RUN/P ROGRAM switch to ] Table 6-2 summarizes all the logic conditions. Using this table as a
0608	RUN. At the present time, the SOD signal at pin K of the CPU board testing and troubleshooting guide is a matter of setting CEIO to logic
0608	ought to show a logic-1 output, no matter what action you take at the () (PROGRAM mode, A10 = 0, and All = 1), and setting R/W to 0
0608	front panel. te) ; or 1 by means of the LOAD switch. As long as the system remains in
0608	Be sure to solve any circuit problems as you go along. Ignoring the PROGRAM mode, you can establish the eight different combina-
0608	a problem won't make it go away, it only causes even greater . tions of address inputs specified in Table 6-2 by using the corres- |
0608	problems later dae oe : ponding address switches on the front panel. |
0608	sheer nut eta Hote select Crcuts ate sometings aa With this bit of information, Table 6-2, and the schematic in Fig.
0608	ward to perform, simply because it is sometimes hard to get the logic 6-4 as guides, check the operati on ouiie 1oWo signal by connecting a )
0608	probe or voltmeter to the designated test points. Exercising some logic probe oF voltmeter to pin 2 of Z111-A and noting that the only |
0608	care, spain and ane ee however, will go a long way time it goes to logic 1 is when CEIO, R/W, AO, Al, and A2 are |
0608	toward carrying out these vital tests. o ss ‘
0608	Check the CRAM (program RAM select signal) by attaching the peaee mera . 6 ie ene any: -othenmpassibtevan iy at
0608	| logic probe or voltmeter to pin 12 of Z105. Be sure to use the layout Teck al ten I/O select signals in this same fashion, noting
0608	in Fig. 6-5 as a guide. This point should show a logic-1 level under all whether or not they respond as listed in Table 6-2. ;
0608	conditions except the following:
0608	¢ System set for PROGRAM mode
0608	« Al0=0
0608	¢ All=0.
0608	Check the CROM (optional ROM select signal) by attaching the
0608	logic probe to pin 8 of Z110-D. This point should show a logic-1 level
0608	under all conditions except the following: ;
0608	* system set for PROGRAM mode {
0608	¢ LOAD pushbutton zot depressed |
0608	e Al0 = 1 and All = 0 |
0608	Check the CEIO (I/O function select signal) by attaching the
0608	logic probe to pin 10 of Z105. This point should show a logic-1 level
0608	except when: i
0608	98 | 99
0700-text	A microprocessor system without any input and output ports is likea
0700-text	car without wheels; it can look very impressive and exhibit a lot of
0700-text	potential, but nothing réally significant happens. The Rodney robot
0700-text	system you have constructed to this point doesn’t really do much.
0700-text	Oh sure, you can make some lights on the front panel go on and off,
0700-text	and there are a lot of switches to play with.
0700-text	
0700-text	But the whole project, to this point, is mere foundation work.
0700-text	This chapter paves the way for getting some action from the machine
0700-text	in Chapter 8.
0700	)
0700	RAM |
0700	Z106, Z107 |
0700	é ; 10] 8
0700	Installing And REE
0700	a LjQ} j!O
0700	2 ; SYSTEM DATA BUS
0700	RAM And Primary Ports i Oe Cae SYSTEM CONTROL BUS
0700	8 : :
0700	A microprocessor system without any input and output ports islikea q s| 5 f 2 e
0700	car without wheels; it can look very impressive and exhibit a lot of { Q4...2 Q Qe
0700	potential, but nothing réally significant happens. The Rodney robot 1 Sa ee eas
0700	system you have constructed to this point doesn’t really do much. . |
0700	Oh sure, you can make some lights on the front panel go on and off, Z115 Z116 ipa:
0700	and there are a lot of switches to play with. | DO-D3_/4
0700	But the whole project, to this point, is mere foundation work.
0700	This chapter paves the way for getting some action from the machine : MOTOR [~ MOTOR
0700	in Chapter 8. BEpee BINARY COUNTER
0700	
0700	The diagram in Fig. 7-1 illustrates the I/O systems you willbe =) os. ate
0700	
0700	installing as part of the work in this chapter. The diagram shows the (“) (<5 ane
0700	
0700	system’s 12-bit address bus (AO through A11), the system data bus q
0700	(DO through D7), and some of the I/O and function-select signals q Fig. 7-1. Block diagram of Ports 0 and 2 and the program RAM.
0700	derived from circuits you built in Chapter 6. {
0700	
0700	Specifically, you will be installing the 2-way I/O port, Port 0, later time. The 8th bit will eventually serve some ancillary functions
0700	and the read-only port, Port 2. The program RAM shown in Fig. 7-1 / in the complete Rodney system. In the context of the system’s
0700	is not really one of the major ports, but it happens to fit nicely into the 1 overall view presented in Chapter 2, Port 0 is responsible for the
0700	scheme of things at this point, so it is included here too. | “a ACTL output and ENVL input operations.
0700	
0700	Port Ois actually responsible for directing an 8-bit data word toa j Port 2, also shown in Fig. 7-1, is a read-only port that picks up a
0700	major portion of Rodney’s output devices. Enabled by the IOWO a quasi-random 4-bit binary number whenever the IOR2 command
0700	signal from the I/O select circuitry, Port 0 loads the output buffer goes to logic 0. The data in this case is generated by a high-speed
0700	(Z115) with an 8-bit data word that ultimately tells the main drive j | binary counter that runs at all times except during a RD interval.
0700	motors what they are supposed to do and, when necessary, enables The program RAM, composed of Z106 and Z107, is addressed
0700	the motor speed sensing network. i by lines AO through A9 of the address bus, either writing data on, or
0700	
0700	The input portion of Port 0 is enabled by the TORO signal, i reading data from the data bus. Any sort of program RAM operation
0700	accepting an 8-bit data word from the outside world. The data in this | is enabled by the CRAM control, and the status of R/W from the
0700	case includes four bits telling what the motors are supposed to be q control bus determines whether the RAM will read or write data.
0700	doing and two bits that indicate what they are actually doing. Under normal operating conditions, the program RAM is oper-
0700	
0700	In reality, you will be using the six lower-order data bits, both ; ated by the microprocessor system. However, the RAM, as well as
0700	output and input, at Port 0. One of the remaining bits will remain q the two primary ports, can be manually operated from the front panel
0700	available for any 1-bit I/O operation you might want to add at some j whenever the system is in the PROGRAM mode.
0700	
0700	100 ! 101
0701	Table 7-1. Glossary of terms for the program RAM and primary 1/0 ports. q through D7). The two ICs are addressed from the same set of 10
0701	address lines (AO thr i
0701	
0701	AO through A11—The system's 12-bit address bus lines and both set : oe a enabled at the ies oe by CRAM,
0701	
0701	DO through D7—The system's 8-bit data bus lines d both set for either reading or writing operations by a common
0701	
0701	CRAM—an active-low signal that enables the program RAM for either reading or R/W line.
0701	
0701	_writing operations { . ale . : Aah tree i
0701	
0701	R/W—a control signal that determines whether the program RAM will read (R/W Storing an & Dea - ord into this RAM CEU tsa fairly
0701	= 1) or write (R/W = 0) straightforward process. First select the desired address location
0701	
0701	10W0—an active-high signal that enables Port 0 for writing a new 8-bit ACTL where the word is to be stored by setting th j -bi
0701	
0701	TORO —an active-low signal that enables Port 0 for reading the ENVL status word number on address-bus line AO iid hb Hy es 10-bit
0701	
0701	10R2—an active-low signal that enables Port 2 for reading a 4-bit random binary ee ge oug! . Then set the word to be
0701	number q stored on the data bus lines, enable the RAM by setting CRAM to
0701	
0701	TSWO through TSW3—The four binary bits for the Port-2 random binary number logi . : a E
0701	
0701	ACTO through ACT7—the eight low-order bits of the robot's output action code m and finally load the data into the RAM by setting R/W to logic
0701	
0701	ENVO through ENV5—the six lower-order bits of the robot’s environment-sensing . The data word will then be entered into the RAM at the specified
0701	
0701	A cae bia lige SE eS address and remain there until (1) a new data word is written into the
0701	7 ’ an -—-Conirol signals tnat ultimately ae ermine the direction 01 ¥ : 6
0701	
0701	| motion of the robot’s two drive motors: left motor reverse, left motor forward, Pame address location or (2) there is aloss of DC power to the RAM
0701	right motor reverse and right motor forward respectively circuit.
0701	
0701	FSLR, LSR, FSLL and LSL—command signals that request a testing of the robot's ' Readin: ; F
0701	motor speeds: FSLR and LSR for the right motor, and FSLL and LSL for the , be aie g data that has been stored in the RAM at some earlier
0701	fettmGtor me is simpler by one step. Specify the desired address location by
0701	
0701	SSR and SSL—motor speed sense signals from the motor assemblies: SSR from | setting address inputs AO through A9, then enable the RAM by
0701	the right motor, and SSL from the left motor a4 CDANT : :
0701	
0701	RMS and LMS—components of the ENVL status word that indicate the stall status palling CRAM down to logic 0. The stored data will Ses ee the
0701	of the robot's motors: RMS for the right motor, and LMS for the left motor. 8-bit data bus as long as R/W remains in its normal, logic-1 state.
0701	
0701	RD—an active-low signal indicating whether or not the systems calling fora read { : : ‘
0701	
0701	operation (RD = 0 for read, RD = 1 for not read) i ‘ All the operations for addressing the program RAM, enabling
0701	! t ey and causing it to store or read out data can be performed
0701	a | rather easily from the system’s front-panel assembly. See if you c
0701	Getting into things a bit deeper, take a look at Table 7-1. Thisis , . 4 hd nae
0701	a glossary of terms relevant to the primary I/O schemes featured in is
0701	this chapter. Some of the terms should seem quite familiar to you
0701	because they have been used in the sections you have already |
0701	studied, constructed, and tested. Other terms explain themselves aM orale Bh
0701	rather well, but don’t be too upset if a few of them don’t make any ae ileal +5V-A
0701	ense at this point. 5 5
0701	, Nea pte mar ggaeeaaE ;
0701	9 9
0701	ADDITIONS TO THE CPU BOARD q aE] ee dk
0701	yobs bes he i 3 é
0701	The schematics in Figs. 7-2 and 7-3 show the circuits to be | a Soe pri on
0701	ie une a q 1
0701	added to your existing CPU board, Board 100. Figure 7-4 shows the ! pi} t
0701	layout of these components as well as some of the IC devices you 1 j fore ne |
0701	have already installed. |
0701	The system’s program RAM is a static 1024 x 8 Random ae El rl 7 |
0701	Access Memory. In other words, it is possible to read or write 1024 BIW gue gr nmumanwaerem iil
0701	eight-bit data words into any addressable location. You will find that | et eys]
0701	this-RAM has more storage capability than you will need for even the { 00 Di 0203 O4 D506 D7
0701	most complex operating programs.
0701	Since each of the RAM chips handles only four bits of data itis
0701	necessary to use two RAMs. Z107 handles the four lower-order data
0701	bits (DO through D3) and Z106 handles the four higher-order bits (D4 ii Fig. 7-2. Schematic diagram of the program RAM circuit on the CPU board.
0701	102 } 103
0702	Z116 does not have the latching capability that characterized the
0702	c ° output function from Z115. Z116 is simply a 3-state hex buffer.
0702	+5V-B E a Goold ta BERS ae 5 +5V-B . The Port-2 input buffer works much the same way as the output
0702	PZ101 20 PZ101 ! section of Port 0. Z117, in this case, is enabled whenever IOR2 goes
0702	rewoltZ2 3] 3 ae Me to logic 1, placing whatever 4-bit wordis present at the TSWR inputs
0702	TSWt FF 2 a | S_alacry directly onto the four lower-order lines of the system data bus.
0702	Tewalt2_6. ee B—tacta Eventually, you will be connecting the four TSWR lines (TSWO
0702	TSW3 pet ttt fa ree j through TSW3) to a quasi-random number generator on the I/O
0702	fe jb rie 15_Slacrs ak, ae
0702	ili q igure 7-4 shows how these additional components should be
0702	|_|r3| 19 8lacr7 . placed on the CPU board, Board 100. A list of the additional parts
0702	° appears in Table 7-2.
0702	7 a Install the sockets for Z106, Z107, Z115, Z116, and Z117 into
0702	= ae their designated locations. Insert the 40-pin socket (PZ101) into its
0702	16] +5V-B | ‘place just to the right of the 5V regulator you installed in the upper
0702	3 2 40} enyo } left-hand corner of the board as part of the work in Chapter 6.
0702	App He Stenvi | Tack-solder all the sockets at two or more points.
0702	i els ENve2 q Note from Figs. 7-2 and 7-3 that the RAMs are powered from
0702	‘LS367 ae the existing +5V-A source, while the port buffers are operated from
0702	ees Lope ese a‘) } a +5V-B source. You have to add this second regulator, +5V-B,
0702	ee ENVS5 along with its filter and deglitching capacitors, in the lower right-hand
0702	q corner of the CPU board. Install the regulator assembly using the
0702	iORO pe j
0702	é ' NOTES: (1) COMPONENTS WITHOUT NUMBER
0702	Fig. 7-3. Schematic diagram of Port 0 and Port 2 buffers. DESIGNATIONS WILL BE ADDED LATER
0702	(2) COMPONENTS@WERE TO
0702	i f BE INSTALLED AS WORK IN
0702	avoid the temptation of running ahead and trying out the RAM Len CHAPTER 6.
0702	system until you have a chance to see what else is going to happen on : E W
0702	the CPU board. ' o eeelc a
0702	The diagram in Fig. 7-3 includes the I/O buffers for Ports 0 and } | [ate | | |
0702	2. The communication in this case is between the system’s data bus j 373 lal Meieis BG) A
0702	and a large, 40-pin connector (PZ101). This 40-pin connector will ay. aes Kol os [een Bish
0702	soon carry I/O information between the CPU and I/O boards viaa Z106 | | |
0702	40-conductor ribbon cable. 1 6 : © lecay oon
0702	Whenever the system calls for an ACTL output operation, fi I |
0702	IOW0 enables Z115 so that information on the data bus is entered q © |
0702	and latched at the output section of Port 0. The 8-bit data word from ee eute tcr " |
0702	Z115 to PZ101 represents motor-direction commands as well as | 746 WW PINS FOR
0702	) requests for motor-speed information. eee pag wre aee el ps |
0702	The environment, at least the ENVL portion of it, is picked up |
0702	by Z116 whenever it is enabled by IORO. The information is then , )
0702	applied directly to the data bus as long as IORO remains at logic0. | Fig. 7-4. Physical layout of the additional CPU board parts.
0702	;
0702	104 . | 105
0703	Table 7-2. List of additional parts for the CPU board. q
0703	’ Pins 5 and 6 from PZ201 in Fig. 7-5 feed logic levels through a
0703	ne 2107-2114 1024x4 static RAM (Jameco) set of current-limiting resistors (R216 and R215). Ultimately, these
0703	Z115 —74LS373 octal D flip-flop (Jameco) ‘i signals will operate LEDs in the motor-speed sensing circuit. What
0703	Z116, Z117—74LS373 hex 3-state buffer (Jameco) 2° 7 d is important at this time is to note that the two resistors are located
0703	2133—5V, 1A regulator, 7805 or LM340T-S (Jameco) on a device called PR201. PR201 is simply another one of those
0703	Capacitors and Resistors ; 24-pin DIP headers we have been using for mounting a lot of
0703	C102—1000uF, 16 WVDC electrolytic (Jameco) resistors on the I/O board. A complete layout for PR201 is illus-
0703	Sao bane big (Jameco) j trated in Fig. 7-7.
0703	Wire-Wrap Ic ot The primary purpose of the circuitry in Fig. 7-5 is to condition
0703	2 ea. 16-pin WW socket (Jameco) the six bits of ACTL that will be used for Rodney’s primary actions.
0703	2 ea. 18-pin WW socket (Jameco) y More will be added later, but these are the essential ones.
0703	: me rel ey aes anes 1 The circuit in Fig. 7-6 represents the conditioning circuits for
0703	the inputs to Ports 0 and 2. It also includes a wiring diagram for the
0703	Other Parts last regulator to be installed on either of the main circuit boards.
0703	hashing Aa acelin te rar Inputs SSR and SSL come from pads c and d on the edge connector of
0703	PC1—40-pin DIP cable assembly (ameco DJ40-1-40) | the I/O board. These inputs are actually the output from a pair of
0703	Kynar WW wire, assorted colors phototransistors in the motor-speed sensing circuit. LEDs operated
0703	ce dariece Elecrcnies ie ee and R216 in Fig. 7-5 are the light sources for these
0703	1021 Howard Ave. q phototransistors.
0703	San Carlos CA 94070 Z201-A is an input buffer/amplifier for the SSR, motor-speed
0703	sensing signal. It is a linear-type amplifier with a very high gain,
0703	same procedures and circuit outlined for the +5V-D source on the ' | designed to translate some rather “indecisive” voltage levels from a
0703	I/O board. See Fig. 5-12 and the associated technical discussion. j
0703	You will also have to add a few more T46 wire-wrap terminals at Table 7-3. Summary of 100-pin connections for the CPU-board connector.
0703	the edge-connector pads. Table 7-3 shows the connections you Sid R Sid ; a
0703	should have at the pads for the CPU board when this part of the job is
0703	completed. As always, make certain each of the terminals is sol- . | 1--412V K(59)—SOD
0703	dered to its pad, otherwise you will end up with some intermittent pas baad
0703	signal connections. ria Peay SMI
0703	. | 5—D3 v(68)—R/P
0703	ADDITIONS TO THE 1/0 BOARD | 6—D4 W(69)—LOAD
0703	Getting Ports 0 and 2 operational calls for adding a few more aes
0703	components to the I/O board. You will find the additional parts 9—D7
0703	specified in Table 7-4, the necessary schematics in Figs. 7-5, 7-6 and si 10—AO
0703	| 7-7, and the physical layout in Fig. 7-8. ae
0703	; physical layout in Fig 42—A2
0703	The I/O board picks up its Port-0 signals from the 40-pin DIP 13—A3
0703	plug and cable assembly connected to PZ201. The circuits in Fig. 7-5 : Ve
0703	shows the four lower-order data bits from the Port-0 latch going to 16_A6
0703	open-collector inverters in Z215. The motor-controlling outputs of 17—A7
0703	these inverters are tied directly to pads at the board’s edge connec- 18—AS
0703	tor. In a later section of this chapter, you will see how these four . | RAEI
0703	signals (LRM, LMF, RMR, and RMF) are conditioned to operate . 21—Al1
0703	motor-control relays. Sr
0703	106 107
0704	Table 7-4. List of additional parts for the 1/0 board.
0704	ICs P7201 +5V-C
0704	Z200—5V, 1A regulator, 7805 or LM340T-S (Jameco) 14 Z215-A
0704	2201—LM3900 quad Norton amplifier (Jameco) \ 1 } { 25] TR
0704	Z207—741.S00 quad 2-input NAND (Jameco) LMR > ol he
0704	Z208—74LS93 4-bit binary counter (Jameco) LMR 5 ‘ 221 ag
0704	Z215—7406 hex open-collector inverter (Jameco) LMF > LMF
0704	2206—74LS14 hex Schmitt-trigger inverter (Jameco) LME Z215-C
0704	13 5M 6 a7\AMA
0704	Capacitors and Resistors ; RMR De ae
0704	2 ea. 150-Ohm, 14W resistor RMR oe (aaa els:
0704	4 ea. 22k, %4W resistor } RMEL+ > 26| RMF
0704	2 ea. 47k, /W resistor , rise pemres reeu
0704	8 ea. 10k, %4W resistor : ———(6 11 R215 104 LSA
0704	8 ea. 1M, %4W resistor : FSLR 1500 |
0704	C216—1000uF, 16 WVDC electrolytic (Jameco) | rey oleae s Gn CSL
0704	C215—0.1uF mylar capacitor (Jameco) { : 4/902 J
0704	| C217—0.01uF mylar capacitor (Jameco) L
0704	Wire-Wrap Sockets ;
0704	5 ea. 14-pin WW socket (Jameco) f ;
0704	1 ea. 40-pin WW socket (Jameco) } Fig. 7-5. Schematic diagram of the signal-conditioning elements of the Port 0
0704	2 ea. 24-pin WW socket (Jameco) ; output.
0704	Other Parts ! a oe
0704	; 1 ea. TO-220 heat sink (Jameco 291-.36) i aie
0704	Vector T46 terminal pins (Jameco) our
0704	2 ea. 24-pin DIP header (Jameco 24-pin HP) \ Westone
0704	, > iN ia fama alecuee
0704	Source: Jameco Electronics Hay ON Tibooue Jo uF te Pz201
0704	1021 Howard Ave. le Bo CAC leg yer ABV-C
0704	San Carlos CA 94070 z me Tt f2iM ot en lhe
0704	i c 14
0704	| 1 5v-C | SE ae Rae Ae
0704	i phototransistor into a clear logic level. Plus, what Z210-A cannot do a | i
0704	: in terms of cleaning up the linear signal, Z206-A does. Z206-A is a Sof 470K iM | ae a
0704	1 . . . . . f 5
0704	Schmitt-trigger inverting device that ensures a clean, well-defined i Ree ie a
0704	logic 0 or 1 at the RMS (right motor stall) pin of PZ201. : Plo Poe ae 8 ee
0704	Now, if you look back to Fig. 7-3, you'll find that pin 36 on the | | | eee
0704	opposite end of this cable assembly is designated ENV4—it is one of q ples es : ae Tswi
0704	six bits included in Rodney’s environment sensing word. So the logic (i ee Ce Se ENG
0704	status of SSR is a vital sensing input for the system. tro
0704	The same explanation applies to the SSL input connection in = Was |
0704	Fig. 7-6. The circuit, in fact, is identical to the SSR circuit just = ees te . a ? |
0704	described. In this case, however, the signal represents the operat- | 2 ea L 2 L Ge17. |
0704	ing condition of the left-hand, rather than the right-hand, motor. j | es EOS ARIS ad |
0704	Z207 and Z208 make up the high-speed counter circuit that : as
0704	| serves the function of a quasi-random number generator. As longas |
0704	RD is at logic 1 (where, indeed, it is most of the time), the three | Fig. 7-6. Schematic diagram of the signal-conditioning elements of the Port 0
0704	NAND gates oscillate at about 12 MHz. This oscillation is fed to a } input and the Port-2 random-number generator.
0704	) 108 j 109
0705	4 Figure 7-7 shows the layout of %4W resistors on resistor head-
0705	PR200 PR201 ers PR200 and PR201. Most of the resistors on PR200 are used for
0705	biasing the linear amplifiers in Z201, while two of the resistors on
0705	1 [R203 10K | 24 we i p
0705	i ls eo _ PR201 are used for limiting the current to the LEDs in the motor-
0705	2|R204 10K jag 2 R216 1500 23 speed system.
0705	Bim ie 3 ie 10K 55 } You might want to solder all the resistors to the two headers
0705	shown here, even though many of them won't serve any purpose
0705	4 [R206 IM. | a 4 ie | 21 1 until later in the project. All resistor values are shown, but only those
0705	[207 IM | ee | carrying part numbers will be used in this chapter.
0705	5 20 ) 20 j Figure 7-8 shows the physical layout of the parts to be added to
0705	6] R208 IM fig eS be Me 19 ) the I/O board. All of them are located in the upper left-hand corner of
0705	the board. The part that is outlined, but does not carry a part
0705	Z 18 7 18 , i |
0705	8 ee 17 8 ee 17 7 ; 1/0 BOARD (BOARD 200) |
0705	) La 16 ) | 16 az O |
0705	10 F212 10K | 15 10 eae 15 ; i
0705	11] R214 10K [14 fark [ia , i
0705	0 aR oe 12 ie a 13 ] PZ201
0705	NOTES: (1) All RESISTORS %4W IN 24-PIN DIP HEADERS] |
0705	(2) RESISTORS WITHOUT PART NUMBERS { Lt e ee Ths
0705	ARE NOT USED NOW, BUT CAN BE © a g g
0705	| INSTALLED IN THE HEADERS | nN pazor | Py pe
0705	Fig. 7-7. Wiring diagram for resistor headers PR200 and PR201. a C217 () j Ee
0705	nN
0705	clocking input of Z208, an ordinary 4-bit binary counter. Thiscounter C216 = a
0705	thus runs at about 12 MHz, cycling through its 16 possible output
0705	combinations, about 750,000 times each second. . oY
0705	Whenever RD goes to logic 0, it blocks the oscillations and the yan PR200
0705	counter stops running at one particular 4-bit binary count. This 4-bit a
0705	number is then used whenever the system calls for arandom action. by
0705	The data from the counter (Z208) is actually the input informa- |
0705	. tion for Port 2 on the CPU board. Since this is a read-only port, it R250 () ()resi |
0705	) follows that the counter in Fig.-7-6 stops and holds a particular
0705	number only when needed during a Port-2 reading operation. The
0705	counter stops running for reading operations other than those
0705	specified for Port 2, but the counting actionis sofast, andthereading
0705	: operations are so irregular, that Port 2 seems to pick up arandom™
0705	number every time. / ; Fig. 7-8. Physical layout of the additional I/O board parts.
0705	110 111
0706	a |
0706	Table 7-5. Summary of 100-pin connections for the 1/0-board connector. | it now than to wait until the system is complete and ready to go—you |
0706	will have enough on your mind at that time.
0706	1 M(61)—RD._ i @ Hexadecimal Communication With The System
0706	ne eee aga Table 7-6 summarizes the complete hexadecimal code, show-
0706	3—D1 V(68)—R/P : 5 : : ae ; :
0706	4-2 W(69)—LOAD- ing the all-important binary equivalents and incidental decimal equi-
0706	ey Z(72)—+ 5V-C valents. Note that there are 16 different hexadecimal characters
0706	one re representing binary 0000 through 1111, or decimal 0 through 15.
0706	8—D6 f(78)—LSR_ Whenever a program step calls for entering a pair of hex data
0706	9—D7 h(79)—LSE characters, 9AH for example, it is to be entered via the data
0706	oe | switches as 1001 1010, where the bit on the left is D7 and the bit on
0706	ee a the right ‘is DO. (The -H suffix on 9AH merely confirms that.the
0706	13—A3 notation is in a hexadecimal format.) By the same token, some
0706	bea 7 address location might be specified as 02FH. The binary version
0706	16—A6 entered on the twelve address switches, in this case, is 0000 0010
0706	aan G 1111, where the left-hand bit is All and the right-hand bit is AO.
0706	vee ae In the PROGRAM mode, information on the address and data
0706	20—A1 0) { busses is read out in binary on the front-panel lamps. For the sake of
0706	21—Al1 consistency and convenience, these, too, should be read or re-
0706	oe LTE corded in hexadecimal codes. So if something addressing 1000 1110
0706	26—RMF 0010 is showing data 0000 0111, the hex version of the address is
0706	27—RMR | then. 8E2H and the data is 07H.
0706	So COMM The machine works in binary; it wants binary inputs and it
0706	outputs codes in binary, but the hexadecimal equivalent of all this
0706	number, will be added at a later time. Figure 7-9 shows the CPU and binary is easier to understand and record. If you have not already
0706	1/0 boards. Table 7-5 lists all the edge-card pads on the I/O board done so, you should take a bit of time to memorize the translation of
0706	TESTING THE PROGRAM RAM, PORT 0, AND PORT 2 - CC
0706	It is possible to work with the program RAM and I/O Ports 0 re oO
0706	; and 2 from the front panel as long as the system is set up for the ; _ >
0706	PROGRAM mode of operation. In fact, the RAM tests described . : oe ~~
0706	; here use exactly the same procedures you will apply for program- r | ' a Fe ee . oe
0706	ming the operational system. The ports, however, will be operated q aa Ces
0706	from the microprocessor under normal running conditions. Pi o. _
0706	This will also be your first opportunity to communicate with the . i, > —
0706	system in a hexadecimal code format. If you are already acquainted - oe . a |
0706	with the hexadecimal code, you shouldn’t have any trouble seeing - — |
0706	how it applies here. Just bear in mind that all addressing is done with . : i .—r—C |
0706	a 3-character hex number, and all data is input or read out as a | oo : Drm.
0706	2-character hex number. | — Ler
0706	| Experimenters who are not acquainted with the hex machine- . at : se
0706	. coding scheme will have a chance to learn it here. It is better to learn Fig. 7-9. The CPU and I/O boards.
0706	112 4113
0707	Table 7-6. The hexadecimai/binary conversion code. . you depress the LOAD pushbutton. After depressing the LOAD !
0707	button, the data lamps should show the same code you loaded from
0707	ee ae i a ee the data switches. This confirms that the data has, indeed, been
0707	a entered and stored in the program RAM at address 000H.
0707	0 0000 0 If any of these operations fail to take place as described here,
0707	4 aie : q you will have to check out the wiring of the RAM ICs (Z106 and
0707	3 0011 3 Z107) on the CPU board. Assuming you conducted all the tests and
0707	worked out any problems in the select circuitry (Chapter 6), the
0707	4 o100 y trouble has to be in the program RAM chips or its associated address |
0707	5 0101 5 and data wiring. |
0707	6 0110 6 J I have worked around digital electronics for a number of years,
0707	h Oa i { and have built, tested, and used a lot of different kinds of circuits.
0707	q However, I was still excited and rather pleased with myself when I |
0707	8 1000 8 Yon ran these first successful tests on Rodney’s RAM. |
0707	i fas Ht Play around with the system, first setting up a new address,
0707	B 1011 14 } observing the stored data, and then entering new data. Get yourself |
0707	accustomed to working with the program RAM in this fashion, |
0707	C 100 ie i : because you will be spending a lot of time entering formal programs |
0707	D 1104 13 this way later on.
0707	le 1110 14 You will most likely get tired of playing with the program RAM
0707	if ae a | before you have a chance to load some 8-bit data into all 1024
0707	Example 1: 78H data = 0111 1000 data possible address locations. After installing the microprocessor, you
0707	Example 2: 01AH address = 0000 0001 1010 address | can enter a diagnostic program that will doublecheck the function of |
0707	j all those locations within a few seconds. |
0707	hex to binary and binary to hex. It will certainly save you a lot of grief :
0707	in the long run. Checking 1/0 Port 0
0707	Checking Out the Program RAM Port 0 is a vital one, even for the simplest Rodney operations.
0707	Apply 12V power to the system from the auxiliary power supply { The output function is described as ACTL (low-order action)
0707	and set the RUN/PROGRAM switch to the PROGRAM position. through the programming sections of this book, and the input func- |
0707	After that, gain access to the program RAM by setting the address tions of Port 0 are designated ENVL (low-order environment).
0707	switches anywhere between 000H and 3FFH. Actually, anytime you | _ You can read the ENVL data by simply setting the address
0707	| are in the PROGRAM operating mode, setting Al0 and All tozero switches to 800H while the system is in its PROGRAM mode. |
0707	give you access to the program RAM. Those two higher-order bits © ENVL will then appear at the data lamps. When you first access |
0707	enable the program RAM system, and the ten lower-order bits are ENVL in this way, itis impossible to say exactly what the data lamps |
0707	used for establishing the RAM address. Hence, we cansaytheRAM will show. But, if you connect a jumper wire between SSR (pin ¢) on |
0707	. addressing interval is between 000H and 3FFH. the I/O board connector and system ground, D5 should show logic 0,
0707	) So set the address switches to 000H, the lowest possibleRAM connecting SSR to +5V should make D5 show logic 1. The D4 lamp
0707	address location, and observe the data at the data lamps. There’sno should respond the same way when jumpering the SSL input (pin d)
0707	telling what the data will be at this point because nothing has yet been on the I/O board alternately to COMM and +5V. ( |
0707	actively stored there. It’s “garbage,” but the data lamps are showing To obtain better control over things, set the data switches to
0707	you what it is anyway. FFH and depress the LOAD pushbutton. This action enables the !
0707	Now, set the data switches to some interesting pattern of ls ACTL function of the Port 0 circuit. After releasing the LOAD |
0707	and 0s—AAH, for example. The data lamps should not respond until 7 pushbutton, data lamps DO through D3 should be turned on. |
0707	| 114 115
0800-text	You know for sure you’re building a robot the first time you hear
0800-text	those drive motors start to whine. That’s the sound you should be
0800-text	hearing by the time you complete the work in this chapter.
0800-text	
0800-text	Here, we are mainly interested in getting the motor drive
0800-text	circuitry installed and checked out. Also, you will check that the
0800-text	subchassis for the motor controls can house the power-distribution
0800-text	system, so you might as well install this section now.
0800-text	
0800-text	The work in this chapter calls for some more sheet-metal work.
0800-text	If you wish, however, you can substitute the custom chassis with a
0800-text	commercially available one that has about the same dimensions.
0800	Next, load data 00H. The four lower-order data lamps should
0800	then go out. In fact, the four lower-order data lamps should take on |
0800	whatever code is loaded at their corresponding switches. This is due }
0800	to the latching action of Z115 on the CPU board and the four j
0800	turn-around connections at LMR, LMF, RMR, and RMF on PZ201 {
0800	of the I/O board. | es
0800	
0800	The four higher-order lamps have undefined responses in Moto r-Drive And
0800	ENVL sensing. Their inputs are not yet connected. So don’t worry . 4 . a
0800	about them after checking SSL and SSR as described earlier in this Power-Distributi on Assemblies
0800	section.
0800	
0800	Finally, check the output operation of D4 and D5 at the LSL and
0800	LSR connections, pins fandh onthe I/O boardconnector. Connecta
0800	logic probe or voltmeter to LSL (pin h), set D4 of the data switches You know for sure you're building a robot the first time you hear
0800	
0800	to logic 1, and depress the LOAD button momentarily. Aslongasthe those drive motors start to whine. That's the sound you should be
0800	system is still in its PROGRAM mode and addressing Port 0 withan hearing by the time you complete the work in this chapter.
0800	800H code, the LSL point should show a logic-0 level. | Here, we are mainly interested in getting the motor drive
0800	Setting D4 to its “0” position and loading should then cause the circuitry installed and checked out. Also, you will check that the
0800	LSL test point to showa logic 1. Test LSR in the same fashion, using subchassis for the motor controls can house the power-distribution
0800	| switch D5 instead of D4. Note that the LSL and LSR responses system, so you might as well install this section now. |
0800	should have the logic level opposite that entered at their respective The work in this chapter calls for some more sheet-metal work.
0800	data switches. If you wish, however, you can substitute the custom chassis with a
0800	Again, if you have carried out the testing and troubleshooting commercially available one that has about the same dimensions.
0800	| procedures as carefully as suggested in Chapters 5 and 6, any |
0800	troubles at this point can be isolated to the few parts just added to the MOTOR CONTROL CIRCUIT THEORY
0800	CPU and I/O boards. The Rodney robot system uses two independent motors that |
0800	F . serve both as the.main drive and steering assembly. The motors
0800	pre nite: THe Fale Nusibe pele ae ‘ ought to be identical in all respects; in this way, when they are both |
0800	
0800	Access the random-number generator at Port 2 by setting up running forward at the same speed, Rodney runs across the floor ina
0800	address 802H. As long as the system is in the PROGRAM mode, straight, forward direction. Running the motors at the same speed,
0800	some binary number should appear on data lamps D0 through D3. butin opposite directions, causes Rodney to spin on his center axis.
0800	
0800	The higher-order lamps are not important in Port 2 operations. Actually, the 2-motor drive and steering scheme allows nine |
0800	
0800	Each time you switch the RUN/PROGRAM switch to RUN and possible modes of motion, more than enough to get him in and out of
0800	then back to PROGRAM again, a different binary number should =~ just about any conceivable environmental trap. We will discuss these
0800	appear on the four lower-order data lamps, DO through D3. You ( modes of motion in greater detail later in this chapter.
0800	should get the impression that you are seeing a randomly generated q It is sufficient to say at this time that there is a need for turning
0800	number each time you make that transition from PROGRAM to some relatively high-current motors off and on. The outputs of the |
0800	RUN and then back to PROGRAM again. : control system described thus far are hardly adequate for handling
0800	
0800	Infact, you canuse the Port-2 system as a guessing game. Your the 2 or 3 amperes of running current, not to mention the 5 or 6
0800	
0800	. chances are exactly 1 in 16 that you can guess the 4-bit binary =~ ampere start-up surges. So there is a need for a circuit that steps up
0800	number at data lamps DO through D3 each time you make that the control system’s current-driving capability.
0800	particular set of PROGRAM-RUN-PROGRAM switch transitions. Figure 8-1 shows a simplified circuit diagram of such a circuit.
0800	If these Port-2 tests aren’t working, check the wiring around 1 Input point M represents one line from the Port 0 ACTL output.
0800	2207 and Z208 on the I/O board, as well as the plug and cable Whenever the signal at this levelis alogic1, the motor should run and
0800	assembly between the I/O and CPU boards. :
0800	) 116 me
0801	’ |
0801	
0801	LED indicator L1 should turn on. Whenever point M goes tologic0, : 0 +5V |
0801	the motor and LED should both turn off. 1 +12V
0801	
0801	The technical problems between input signal Mand the motor i
0801	involve both voltage and current amplification. The voltage levels at : R3
0801	input point M are between 0.5V and 4.5V, while the rated voltagefor 1 1500.
0801	the motor is 12V. The current drive capability of the circuit at point a MOTOR
0801	Mis on the order of 20 mA, while the surge current for the motoris M Ri » L1
0801	on the order of 5A or more. M > gmuareey ; Gi 7 ®
0801	
0801	This voltage and current amplification takes place in two ways. 1/6—7406
0801	The voltage problem is handled by the open-collector nature of the (OPEN-COLLECTOR) iene
0801	7406 inverter. A logic level near OV at M is translated intoa _ {rainy SOU aL: (LT |
0801	logic-high level of about 11.5V at M. A logic level of about 4.5V at M, | |
0801	on the other hand, is translated into a logic-low level close to 0.5V at D1 | |
0801	M. So that takes care of the voltage-buffering problem. 1 “4 i |
0801	
0801	A Transistor Q is connected as a current amplifier. Its mainjobis |
0801	
0801	to step up the relatively low drive current from the inverter toalevel ROUEN KS ors inven a ok
0801	suitable for driving the coil of the control relay, RL. {
0801	
0801	Whenever point M goes to logic 0, the emitter-base circuit ofQ COMM |
0801	is forward biased, and the emitter-collector circuit acts as a closed : |
0801	switch. Whenever point M rises to its logic-1 level, however, Qis Fig. 8-1. Simplified diagram of a motor circuit. |
0801	biased off, and the emitter-collector circuit acts as an open switch
0801	
0801	connection. indication of what the motors ought to be doing is then inferred from
0801	
0801	Putting this all together, it turns out that the relay coil is the status of the LED operated from the same relay assembly. |
0801	
0801	: energized whenever point M goes to logic 1, and de-energized Now, I must insert an editorial comment at this point. For those
0801	
0801	I whenever point M goes to logic 0. of you who have no initial negative reactions to using relays in a robot |
0801	
0801	q The relay in this case is of the double-pole variety, having an system, I suggest you skip over the next few paragraphs. |
0801	
0801	LED indicator (L1) connected to one of the poles and the motor My own experiences with writing about building robots clearly |
0801	
0801	connected to the other. Both poles are normally open, so whenever demonstrate the existence of some widespread misunderstandings |
0801	the relay coil is energized by a logic-1 signal level at input M, the about the role of relays in modern electronics technology. I hear |
0801	
0801	; LED and motor both turn on. Setting input M to logic 0, on the other from a number of readers who are very anxious to inform me that |
0801	hand, de-energizes the relay coil, allows both poles toopenandturn relays are old fashioned and can be easily replaced with SCRs, triacs, |
0801	off the LED and motor. i or VMOS devices. |
0801	
0801	The whole point of including the 5V LED indicator circuit is to I do not normally take a defensive posture on this matter of |
0801	make it possible to work with the motor control system without : using relays in my robot systems simply because my critics gener- |
0801	having to connect the current-gobbling motors to the power sup- ally reflect their own ignorance and lack of practical experience in
0801	ply. The auxiliary power supply can just barely handle the current for circuit design. |
0801	
0801	one motor; it cannot reliably drive two motors and the electronics at I like to think I can take a more tutorial position, informing my
0801	the same time. critics that SCRs and triacs are designed primarily for AC applica-
0801	
0801	When it is time to run Rodney under his own power, the motors tions, and that it is rather troublesome to use them in DC circuits.
0801	
0801	will operate from a fully charged battery, and the auxiliary power VMOS devices certainly have a promising future in this regard, but
0801	‘supply can be disconnected from the system. anyone taking the trouble to look up the prices and delivery times will
0801	
0801	The motor-control tests outlined later in this chapter willbe find the time has not yet arrived for replacing all relays with this sort |
0801	
0801	conducted with the motors switched out of the circuit. The only of semiconductor device. |
0801	|
0801	
0801	118 We
0801	
0801	|
0801	
0801	|
0802	Funny thing, all these people telling me how oldfashionedIam
0802	to use slow and inefficient relays, and yet notasingleonehasshown ML.
0802	me an alternave circuit he has actually built; one that works thesame MR pc
0802	way under the same conditions, as economically, reliably, and effi- rmf—C1 «MOTOR aie 4
0802	ciently as the relay version. we | eo B
0802	I will admit that there are less expensive relays than the ones I ypc | i oO canal
0802	specify in this chapter, but if you use them, I only hope they don’t fall a | | | |
0802	apart the first time the machine rams headlong into a solid wall. Loree fee as il
0802	The DC motor control scheme in Fig. 8-1 does not include
0802	provisions for reversing the direction of the motor. This isaneces- |
0802	sary feature of the 2-motor drive and steering system, so itis time to |
0802	look at another simplified circuit. Fig. 8-2. Simplified diagram of a motor direction control circuit.
0802	The circuit in Fig. 8-2 demonstrates how Rodney’s motors are
0802	switched to run in two different directions. This circuit uses two Figure 8-3 is a complete schematic diagram of the motor drive
0802	separate control relays, one connected to each side of the motor circuitry. It is shown here only for purposes of understanding how
0802	terminals. the circuit works and, perhaps, troubleshooting it at a later time. In
0802	When neither relay coil is energized, the contacts are inthe actual practice, the components will be divided between an
0802	| positions shown in the diagram. Both terminals of the motor are aluminum sub-chassis and a small printed-circuit board.
0802	connected to the positive side of the 12V supply. There is no
0802	difference in potential across the motor, so it cannot possibly run. RODNEY’S RESPONSES TO MOTOR-CONTROL SIGNALS |
0802	This is one of two different en SS : The circuit in Fig. 8-3 shows the motor-control circuit receiving
0802	| hecernd eT Oh condition ooairs: woenever. dots relay coil four different logic levels from the Port 0 ACTL output. Working in
0802	are cneretied atthe same une. = phe teers net Ol terminal this way from four different binary bits, there are 16 different
0802	are pulled down to the negative side of the 12V supply. Again, there combinations of input logic levels. The robot responses are sum-
0802	is no difference in potential across the motor terminals, and the mitieed a Pablo,
0802	Toten Canoe snr : ‘ : : It turns out, however, that some of the robot responses occur
0802	Suan: HOME N hast oly ie ie enereized anit hs isnot, Tha ‘under more than one set of binary inputs. There are just nine
0802	, “A” side of the motor is pulled down to the negative side of the 12V i
0802	source, while the “B” side remains at the positive 12V source. Table 8-1. Summary of motor motion codes and motor responses.
0802	There is thus a 12V difference in potential across the motor termi- ea | RIGHT MOTOR | LEFT MOTOR ROBOT
0802	nals, and it runs at full speed in a direction determined by electron om | om | ass ACTION ACTION RESPONSE |
0802	flow from terminal “A” to “B.” The motor runs at full speed, but in Pee ate | aie pelle a a aie mere |
0802	the opposite direction, whenever ML is energized and MR is not. : 1 one cere FORWARD | FORWARD WITH RIGHT TURN |
0802	A . ; 2 2 0:0 10 OFF REVERSE REVERSE WITH RIGHT TURN
0802	Indeed, one can suggest simpler and less expensive relay 3 3 0011 | OFF OFF STOP
0802	circuits for controlling the motor, but these other versions suffer one : : 0100 | FORWARD | OFF FORWARD WITH LEFT TURN
0802	of two disadvantages—either the motor cannot be stopped, orthere Ac MLE d Vtadteuel degene roel: governor) |eCWCHN S.) jue
0802	is a distinct possibility of creating a dead short across the power 7 7° 10411 | FORWARD | OFF a eee We ce
0802	source. 8 8 1000 REVERSE ORE REVERSE WITH LEFT TURN {
0802	The actual motor control circuit for the Rodney system is a ; a Sl iais REVERSE REVERSE. REVERSE STRAIGHT oy
0802	combination of the circuits in Figs. 8-1 and 8-2. There are two i i GUIS dco eg RA Lm
0802	identical motors, each one operated from a pair of relays, as shownin ce eae see FORWARD | FORWARD WITH RIGHT TURN
0802	Fig. 8-2, and each relay is driven by a transistor circuit such as the by ern. ofr REVERSE | REVERSE WITH RIGHT TURN
0802	one illustrated in Fig. 8-1.
0802	120 121
0803	,
0803	different responses, but they are more than adequate for a working
0803	robot system.
0803	So maybe Rodney wants to make a left-hand turn while running
0803	in a forward direction. This maneuver is simply a matter of stopping
0803	the left drive motor and running the right drive motor forward at full |
0803	speed. In other words, load a 4H or 7H at the low-order portion of Ti Kast fossa |
0803	the data bus while enabling ACTL (Port 0 output). j Iss |
0803	Before completing the work in this chapter, you will be able to ; ae $f (3 |_| |
0803	test out the motor responses by loading motor-direction codes from _ pee i Le |
0803	the front panel assembly. Infact, you willbe able tostoreasequence rt eal | $ a
0803	of motor codes in the program RAM and get the motors to respond 8 oy & (2) i) |
0803	as you work the address switches. Then one day soon, the micro- _~ ex : -------4 fe |
0803	processor will be pulling these 4-bit motion codes from the random- so = x i |
0803	number generator or main memory in an automatic fashion. , Su a Fe eo | BS
0803	{ =S 3a i |
0803	MOTOR SPEED SENSE CIRCUIT ‘ a! 4 be |
0803	Ina philosophical sense, the motor speed sensing circuitisone 3 tt | |
0803	of the most critical parts of the Rodney scheme. It is part ofacontrol 3 arpa ON OS sce |
0803	system that senses a stall condition—it informs the microprocessor Be i : ee Cus Ae |
0803	that Rodney has made contact with an immovable object of some &. rolial
0803	| sort. og SF ay | legen |
0803	' Actually, the motor speed sensing circuit tells the system as 3 , al | 5
0803	whether or not the motors are running when, indeed, they shouldbe - 2 |
0803	running. If one of the drive motors is supposed to be running at full asset al bs eo Es :
0803	speed (whether forward or in reverse normally isn’t relevant) and Ee E ee mecaceats | 2 3 |
0803	that particular motor is not running, the motor speed sensing circuit | | 2 Dey 6 |
0803	4 is the first to know about it. } aiid | a se. & |
0803	. The motor speed sensing circuit, as described in this chapter, Qs 8 2 7 Ia 8 |
0803	cannot make any logical decisions regarding the status ofthe motors. ae 4 ol ee a s
0803	The decision-making operations will be done with micro- — ook | * 2 |
0803	processor software, and the hardware is capable of doing little more ~ te " io
0803	than indicating whether the motor is running or not. , a Fee Le a a a oe a a md z |
0803	Figure 8-3 shows the general schematic for the motor speed 7 6 bso 3 b3 @ g & |
0803	sensing circuit. A simplified physical layout in Fig. 8-3A shows an | 2 BSOHSO 38H Gow pi 6 |
0803	LED light source and a phototransistor mounted on opposite sides of | + rs ee 3 8 2
0803	the gearmotor housing. If you use the gearmotor assemblies a_ RNof A oRN RAN &
0803	specified in this book, it so happens that one of the larger gearshasa is L\ Sadly S
0803	set of rather large holes drilled through it. , Te eae ee £
0803	The LED and phototransistor are arranged so that as the motor } ae ea 3
0803	turns the gear, light from the LED falls onto the phototransistor or is | 5
0803	blocked by the space between the holes in the gear. If the motor and 4 a
0803	gear are turning, the phototransistor sees a blinking ight from the | ra)
0803	LED. If the motor and gear assembly are stopped for any reason, the =
0803	122 { 123 |
0803	)
0804	| phototransistor no longer sees a blinking light. Rather, itsees either
0804	a steady light or none at all. |
0804	The circuit in Fig. 8-4B shows how this motor speed sensing |
0804	circuit is interfaced with the electronic control system. LED L1 is
0804	normally turned off by a logic-1 level at FSLR, one of the ACTL bits
0804	from output Port 0. Whenever it is time to take a look at the motor | FIRST LARGE
0804	status, however, FSLR is set to logic 0 and L1 responds by turning pan GEAR
0804	on.
0804	Since one of the gears in the gearbox actually rests between the j |
0804	. LED and the phototransistor, the phototransistor either ”sees” that | cK
0804	q light, or it doesn’t, depending on whether or not one of the gear’s =
0804	holes is lined up between these two devices. | j PHOTOTRANSISTOR
0804	If light does indeed pass from L1 to the phototransistor, the "7 ) | {
0804	phototransistor conducts and pulls point SSR down toward the Lu
0804	COMM potential. If, on the other hand, the gear is blocking the light Tas ldaen aha
0804	from L1, PT-1 remains in its switched-off condition, and SSR re- ®
0804	mains very close to +5V. ;
0804	The changes in the conduction of the phototransistor, as re- +5V
0804	flected by a change in the voltage level at SSR, are amplified by
0804	i operational amplifier Z210-A. The logic levels are inverted by this :
0804	i amplification process, but Schmitt-trigger inverter Z206-A “cleans R250 teu?
0804	up” the signal and inverts it again to its “upright” configuration. The 470K 10K 7201-A
0804	RMS (Right Motor Stall) output thus goes to logic 1 whenever there 7) 4 R206 Brie
0804	is no light falling on the phototransistor, and it snaps to logic 0 ie aay >
0804	whenever light is falling on the phototransistor. q Le ta 2206-A
0804	| This is only an interfacing circuit, and it carries out no logical R215
0804	; operations. It is the microprocessor software that turns onthe lamp 1500 R214
0804	at the right time, and then interprets the responses at RMS. ~ 10K
0804	Actually, the software will be looking for light-to-dark changes. If
0804	RMS is showing logic level changes at a specified rate, the system ESL nit
0804	will know the motor is running. If the changes in logic levels from i
0804	RMS are either too slow or do not exist at all, either the LEDisn’t B)
0804	switched on or else the motor is stalled. ;
0804	There are two such motors in the Rodney system, sothereare _ i TACO ERA, ane :
0804	to be two set-ups identical to that in Fig. 8-4. The relevant part mie ear asnpnnby 4B) Scheriaie Ana apeat TinIeN GARAGE
0804	numbers and specifications will be included with the main wiring
0804	diagrams in this chapter. , | The circuit as shown here has three main power connections:
0804	the battery charger inputs, the +12V auxiliary power supply inputs,
0804	POWER-DISTRIBUTION SECTION , and the main battery pack itself.
0804	Figure 8-5 shows the basic power-distribution scheme for Rod- __ Whenever Rodney is in free and full operation, there are no
0804	ney. The circuit will appear in a somewhat different fashion later on, connections to the battery charger and auxiliary power supply ter-
0804	This one is intended only for purposes of showing how it works. minals. The whole system operates from the main battery. Assum-
0804	4
0804	124 125
0805	ay }
0805	‘ |
0805	' Table 8-2. Parts list for the power distribution and motor 'contro| |
0805	. circuit. See Fig. 8-11 for additional parts required for the sensing system.
0805	| cee if a pn aay Semiconductors |
0805	CHARGER 5A TO | Q301 - Q304 4 ea. 2N4402 PNP transistor (Jameco)
0805	R300 MOTORS ; D301 - D304 4 ea. 1N458 rectifier diode (Jameco) |
0805	4700 L301 - L304’ 4 ea. LED (Jameco XC556R) |
0805	; Yo-W ae F302 ZD301 5.1V, 400 mW zener diode, 1N751 (Jameco)
0805	E ae BR300 6A, 50V bridge rectifier (RS #126-1180) i
0805	= MAIN +12V |
0805	2D301 a TL BATTERY Resistors and Capacitors
0805	+iayv tb 51V e | R301 - R304 4 ea. 1k, %W resistor
0805	+12V R305 - R308 4 ea. 820 Ohm, %4W resistor |
0805	AUXILIARY TO ELECTRONIC R309 - R312 4 ea. 150 Ohm, %W resistor
0805	POWER SYSTEMS q R300: 470 Ohm, /W resistor
0805	INPUTS .
0805	ue : C301, C302 0.1u4F mylar capacitor (Jameco)
0805	people! = ; Relays and Motors
0805	j RL301 - RL304 12V DPDT relay, 10A contacts (RS# 275-208)
0805	Mi, M2 2 ea. 12 VDC motors (Surplus Center #5-936) |
0805	q ot . age . . . . , I
0805	Fig. 8-5. Simplified diagram of the power-distribution system. i Other Components |
0805	| : : : : | $301—SPST switch (RS #275-602)
0805	. ing switch $301 is closed, main battery power reaches the motor- TS300, TS301—2ea. 8-terminal barrier strip (RS #274-670)
0805	: control circuit through fuses F302 and F301. Since diode D2 is . e be Vector T46 wire-wrap terminals
0805	forward biased under this particular set of circumstances, main =~ ae isnomey ieee eae (RS #270-1287) |
0805	battery power passes through it to the electronic system as well. 4 ea. Cliplite LED mountings (Jameco)
0805	Note, however, that diode D1 is reverse biased as long as the . | Wire: AWG #18 stranded, AWG #22 solid hook-up wire, Kynar W-W wire
0805	system is running only from the main battery. This is evident bythe = 7 : a ae a a Fn
0805	fact that the FEED signal will be undefined, or at least NOT at in : " a ih ds A CL ge
0805	+5.1V. Later on, you will find that D1 also prevents accidental short BE nS AGe ey aria S0Ch ers (lo reo 8)
0805	circuits between the battery-charger terminals while Rodney is RS = Radio Shack
0805	! running around the floor. }
0805	Now, when the battery charger is connected to the charging ' Jameco = Jameco Electronics |
0805	terminals specified in Fig. 8-5, D1 is forward biased to allow charging eee o lars |
0805	current to reach the main battery. At the same time, voltage from |
0805	the charger allows a zener-regulated 5.1V level to appear at the Sie e
0805	FEED terminal. This FEED signal is one of the bits in the ENVL, ee
0805	Port-0 input to the data bus. The presence of FEED information Lincoln NE 68501
0805	informs the microprocessor system that Rodney is connected to the
0805	battery charger. The battery charger can also supply 12V power to |
0805	the electronic system through D2. | current demand of either circuit. If the auxiliary power supply is |
0805	Connecting the auxiliary power supply to the system changes | connected to the system and the battery charger is not, only the
0805	things around a bit. If the battery charger and auxiliary power supply electronic system will be receiving power. This is a desirable situa-
0805	) are connected to the system at the same time, diode D2 will be | tion in the early going where charging the battery and running the
0805	reversed biased. In this case, the battery charger will feed only the motors are unimportant.
0805	motors and battery, while the auxiliary power supply will feed only q There is yet another vital reason for using this particular diode
0805	the electronic system. It is important to isolate the auxiliary power | logic scheme between the battery charger and auxiliary power
0805	supply from the battery and motors because it cannot handle the
0805	127
0805	126
0806	supply. Recall that the program RAM and mainmemory systemscan |
0806	be scrambled hopelessly if there is an interruption of supply power.
0806	The auxiliary power supply can be used as an emergency back-up
0806	system if anything starts going wrong with the battery or battery |
0806	charger. ] |
0806	=
0806	ASSEMBLING THE MOTOR CONTROL AND POWER PANEL j a OF
0806	The power panel houses most of the circuitry describedsofarin & hein $ |
0806	this chapter. This includes the motor relays, fuses, motor status an |
0806	indicator lamps, barrier-terminal connectors, andacustomPCboard & | 8 an |
0806	for smaller components. *o cael = oz |
0806	You can buy a ready-made aluminum chassis for all these parts, { L ms |
0806	or you can “roll your own” as suggested here. In either case, the unit %, 9 |
0806	attaches to the bottom-plate assembly leaving room for thecardrack 0 z < |
0806	; and battery. ri %, | ay mel = xt = s |
0806	Figure 8-6 is a schematic diagram of the circuitry tobe included ‘ imeem erwin or = we - DO}
0806	on the main power-panel chassis. Figure 8-7is the schematic for the a | Midian s
0806	q custom PC board that can be either mounted under the power panel 3 =
0806	or attached to the side of it. I originally planned to fasten this a x al 3 SO 5 |
0806	particular PC board to the underside surface of the power panel, but & i es = e e o |
0806	then I found it especially advantageous to have ready access totest 7) armor tfc or = oo) = Is) |
0806	; points on that board, so I finally mounted it to the side of the panel. ' 3 ea a 3 0) + |
0806	The parts list for both the power-distribution and motor-control .% it So) is RS)
0806	circuits and the associated PC board is shown in Table 8-2. The main % ) RG an zt a
0806	motors for the Rodney unit are also specified on this list, although 0 =
0806	you might not choose to install them at this time. The LED indicator | EN i eae |
0806	lamps on the power panel are adequate for testing the system up S re. Coe g's
0806	| through the motor-control circuit. 28 De, <= 8 |
0806	There should be nothing surprising about the schematic for the » > a= : |
0806	power and motor-control chassis circuit. You have seen most of 50 sis ie @ |
0806	these components in one way or another in earlier figures of this < < > fe fee ee Be a
0806	chapter. Use the general panel layout in Fig. 8-8 as a guide for { a ¢ Sea a ou e 2
0806	placing the components. Also see Fig. 8-9. BO I 2
0806	Diodes D301 through D304 swamp out the flyback currentfrom ee es =
0806	the relay coils whenever their drive transistors are switched off. 4 © x OES ke)
0806	These diodes can be soldered between pins 2 and 7 onthe 8-pinoctal a 4 a * &
0806	sockets provided with the relays. ; ~ « ae D>
0806	The parts list also shows wires of several different types and | 2
0806	gauges. The power-handling wires on this unit should be made of = £ |
0806	stranded wire of size 18 or larger. This wiring includes all of that | = |
0806	connected to (+) BATC, the fuses and pin 5 of each of the relays, as j bs
0806	well as the (-) BATC wiring to the COMM terminal and pin 6 on each | i)
0806	relay. All of the remaining wiring, except that going to the LEDs and i |
0806	| 128 ae
0807	pin 2 of each relay, should be the 22-Ga. solid hook-up wire. The {
0807	wiring to pin 2 of the relays and LEDs can be the finer Kynar 6
0807	wire-wrap variety. 4 ms
0807	The printed-circuit board in Fig. 8-7 includes a feature that x ate
0807	must be explained. Note from the diagram in Fig. 8-5thattwodiodes one
0807	(D1 and D2) are used to control the distribution of input power = ee
0807	whenever the Rodney system is operating from both the battery =< Taw
0807	charger and auxiliary power supply. These are relatively high- { fe re
0807	current diodes that appear as part ofa bridge rectifier assembly on ae TW
0807	the circuit board in Fig. 8-7. This is a somewhat unusual application 8
0807	for a full-wave bridge rectifier package, but the scheme is a tidy one MA cae 74WHY
0807	that works out very nicely. , 9 8
0807	A suggested drilling and bending plan for the power panel is cr 0 qaa4
0807	shown in Fig. 8-10. Figure 8-11 shows the layout for the PC board. vo |
0807	, | 0 WWOO |
0807	INSTALLING AND TESTING THE MOTOR-CONTROL SYSTEM ‘ es 3 S = Loedz ; |
0807	After completing the wiring on the bottom of the power panel, 7 3 0 Oya) £ |
0807	bolt it down to the bottom plate of the mainframe unit, just ahead of | co, Z © cos! 5 |
0807	the card-rack assembly. The indicator lamps should be situated near 3 |
0807	the outer edge of the bottom plate for easy viewing. , | 3 & |
0807	Doublecheck the interconnections between the power panel 3 O dHINT 2 |
0807	and PC board. For preliminary testing purposes, there shouldbeno eo =
0807	connections between the PC board and the I/O board at this time. 7) | O HINT a
0807	Begin your preliminary tests by connecting the +12V output of es 8s =
0807	the auxiliary power supply to the (+) AUX terminal on the power 3 ane 41 2
0807	panel, +5V from the power supply to the +5V-C terminal, and one of aes S
0807	the COMM connections from the power supply to one of the power ve
0807	panel’s COMM terminals. | th a a e
0807	You should not notice any responses at this point. Now, con- S 3 i 2 |
0807	nect one end of a test jumper wire to a COMM terminal on the uy Od NY 2 |
0807	auxiliary power supply. Touch the other end tothe RMF pinonthe ee | 6 |
0807	PC board. You should be able to see the RMF relay (RL301) pullin “ OHINY 2
0807	and the RMF indicator lamp should go on. If this does not happen, . i S 9 Ss ra)
0807	check to make sure the wiring is correct and complete between the 3 6 ge a
0807	PC board and power panel. Also doublecheck the appropriate con- eo ®
0807	nections on both units. O 4H 5
0807	You can test each of the four motor-control relays in this se 8S s
0807	fashion, making certain each one of them is energized whenever its = oe a
0807	corresponding motor-control input terminal is grounded. ra Pa)
0807	Once you are sure these circuits are operating as they should ; ae nN
0807	be, it is time to wire the four motor control inputs on the PC board uy
0807	(RMF, RMR, LMF and LMR) to the pins of the same designation on ! ic
0807	q
0807	130 131
0808	|
0808	1 Table 8-3 summarizes the wiring between the I/O board and
0808	(AUX (BATE He motor-control circuits. The exact wiring for the motor sensing LEDs
0808	$300 ee ie ¥ and phototransistors has not yet been described, although the wires
0808	18800 a j are specified here. You can either put off this part of the job until
0808	a ug ‘ tests on the motor-control section are complete, or you can peek
0808	F302 E| | See ase ahead in this chapter to see what is going on and wire them in now.
0808	i} BOARD e ey . .
0808	g ald ad Sa 300 With full power from the auxiliary power supply still going to the
0808	TS301
0808	oF el 41 Li } motor-control system, apply 12V power to the CPU and I/O boards.
0808	Pee RM AME You should now be able to control the action of the relays and
0808	iNeP motor-status indicator lamps from the system’s front panel. To
0808	ee ai Peal jek RMR access this control circuit from the front panel, set the RUN/ |
0808	RI : é 6
0808	CAL PROGRAM switch to PROGRAM and set the address switches for
0808	LMFL j
0808	AMAL Port-0 tests—800H. Now, you should have complete control over
0808	RMFL j .
0808	rv , 3 the relays from data switches D0 through D3. Of course, you have to
0808	UML LMF RMR RMF 1} * I
0808	@ 50 @ 1203 @ wx @ x20: eo depress the LOAD pushbutton momentarily to load any sequence of |
0808	(+)BATC 1 logic conditions. |
0808	LMR should be responsive to the setting of DO, LMF to the
0808	+ i 4 . ° . |
0808	Fig. 8-8. Mechanical arrangement of components on the power panel. ; setting of D1, RMR to the setting of D2, and RMF to the setting of
0808	the 100-pin connector of the I/O board. These connections and all D3. If this combination is scrambled for any reason, you must change |
0808	| others running between the I/O board and motor-control assembly the four corresponding connections between the I/O board and PC |
0808	ie m fi *
0808	ought to be made through a 12-pin plug-and-cable assembly. I wired board at the motor-control unit. |
0808	them directly in my prototype model, however. Frankly, I was quite |
0808	i - i m the main © FRONT TOP |
0808	anxious to see the motor-control system operating from t vaw'\ELANGE-—BEND DOWN |
0808	I/O bus. 1 EEE a NSE "OEE LI 222272
0808	==) = CO 12" RIGHT SIDE |
0808	i - ~~. | _ q rare A A é A |
0808	| .}.©€370»V . - LET alg We nolgag |
0808	| z.4©§=hCl | - =. Se |
0808	 . - =... _ - CO | D
0808	CS r—=l#RERDCCQG§ asi isC)iCiiit swerunce {Loja NAA Uiols
0808	Se lll sr le BEND out EAS |
0808	— | i [ , i. ie» —BEND DOWN 14" SPACING TO EIT
0808	i = 9N2"
0808	| - | #3=©=Frcr—= =r rds NOTES: (1) NOTCH OUT %4" x 112” SHADED AREAS
0808	a Ay, 4a _ ] (2) HOLE KEY: A—%e"
0808	; >  - ~~ — Bore i ON TUNE Ak
0808	=, : D—vz
0808	~ ee ee oe : ] (3) DIMENSIONS NOT SHOWN ARE NOT CRITICAL OR MUST
0808	i : : a a : 4 } BE DETERMINED FROM THE ACTUAL DEVICE TO BE MOUNTED)
0808	Fig. 8-9. The motor control and power panel. Fig. 8-10. Suggested bending and drilling pattern for the power panel.
0808	132 133
0809	Table 8-3. Summary of connections between the 1/0 board (Board 200) and the on
0809	power-distribution and motor-control assemblies. |
0809	i 1/0 Board Power/Control f
0809	Pin No. Connection
0809	IMR. 25 PC Board fe) re)
0809	LMF 24 PC Board ;
0809	RMR 27 PC Board j (e)
0809	RMF 26 PC Board
0809	+5V-C Z PC Board 4
0809	LSR_ f TS301
0809	LSL h TS301
0809	SSR c TS$301 | 1% I : ,
0809	SSL d TS301 6
0809	+12V 1 (+)AUX TS 300
0809	' COMM 50 (—)AUX TS300
0809	FEED 28 FEED PC BOARD. |
0809	INSTALLING AND TESTING THE MOTOR SPEED SENSE CIRCUIT 5 2 2 2 ;
0809	Figure 8-12 is the wiring diagram for the motor-motion sensing Cuexeac ees is isaaso
0809	
0809	phototransistors and LEDs. The theory of how this circuit operates SS 2 2 2 Be = Es = S & = = 0 WS e
0809	has already been described in connection with Fig. 8-4, so there’s So ae ae | eee ie
0809	little more to say than “hook it up.” i.
0809	
0809	i To test the circuitry, apply 12V power from the auxiliary power (A) FOIL SIDE
0809	supply, switch off the motors Gf you have them wired into the :
0809	system), and set the system for the PROGRAM mode of operation. © $
0809	Address Port 0 operations with hex code 800H and then LOAD data VOUNTING oe 2
0809	FOH. All four motor status lamps should go off and the data lamps | Tiny oe :
0809	should read FOH. | " $83883888 : =
0809	
0809	Next, turn on the FSLL motion-sensing LED by LOADing data Torco 8
0809	
0809	EOH. D4 of the data display indicates the status of the left-motor BR300 a
0809	phototransistor, but since we do not know whether or not that motor ° 3s |
0809	
0809	is in a position to let LED light fall onto the phototransistor, there is %
0809	
0809	no way to tell whether or not D4 should be on. Therefore, rotate the f Tas} O. fal ae |
0809	
0809	left motor by hand, keeping a close eye on the D4 data lamp. If it = = |<
0809	
0809	blinks on and off as you turn the wheel, everything is in good working a cf 3
0809	
0809	; order. If things aren’t working out this way, you have to perform a | 3 28 S
0809	
0809	couple more tests. Q Po ea oc G
0809	
0809	Connect a logic probe or voltmeter to the LSL terminal on 4
0809	
0809	T$301 and alternately LOAD data FOH and EOH. If the turn-on 88 eee Oe eee a eae & =
0809	
0809	signal is reaching the LED, the logic level should be 0 when loading Fe o& 2 g = c = = Ps “ = eae = be
0809	
0809	EOH and logic 1 when loading FOH. If you aren’t getting this kind of a S PO rersaereras +o g
0809	
0809	response, check the circuitry between the system data bus and that Sal = a =
0809	
0809	LED connection. (B) COMPONENT SIDE a
0809	
0809	If, on the other hand, your tests show you are indeed getting Pet
0809	
0809	the logic-0 turn-on signal at the LSL terminal, the problem is either 4 fe
0809	
0809	| 134 ; 135
0809	
0809	4 ;
0810	the LED itself is improperly wired or something is wrong with the Check the left motor and its motion-sensing circuit by LOADing
0810	associated phototransistor circuit. Check out the phototransistor E1H and then E2H. In the first case, the left motor should run in
0810	circuit for possible wiring problems, and, of course, don’t overlook 7 reverse, and D4 should blink on and off.'In the second case,the motor
0810	the possibility that the two motion-sensing circuits might be re- should run in a forward direction, and D4 should blink. If the motor
0810	versed. ij does not run in the directions indicated here, simply reverse the
0810	Check the right motor-sensing circuit in a similar fashion, 7 connections to (+)LM and (-)LM on TS301. Of course, the motor
0810	LOADing FDH and observing the response of data lamp D5, the 4 status lamps should indicate an LMR in the first case and LMF in the
0810	right-motor motion-sensing lamp. j second case.
0810	As a final test, LOAD data COH and manually turn the motors, j You can check out the right motor system by LOADing data
0810	: either one at a time or at the same time. Data lamps D4 and D5 E4H and E8H. In the first case, the right motor should turn in a
0810	should blink on and off as their respective motors turn. 1 reverse direction, the RMR motor status lamp should go on, and D5
0810	If you haven’t already done so, you can now connect the motors should blink on and off. In the second case, the right motor should
0810	to their designated terminals on TS301: the positive and negative turn in a forward direction, the RMF motor status lamp should go on,
0810	leads of the right motor to (+)RM and (-)RM, and the left-motor 7 and D5 should blink.
0810	leads to (+)LM and (-)LM. Remember to solder 0.1uF capacitorsto
0810	the motors’ power terminals as shown in Fig. 8-3.
0810	Check out the system by leaving it in the PROGRAM modeand was ‘ey
0810	addressing 800H. Do not enter a data word that callsforrunningboth =~ pee Do 1 2 0304 Ds DED7 3 Bot
0810	motors at the same time—the auxiliary power supply cannot handle ase te 4 E 5 gee
0810	the current drain for both motors. 5 essere [etal EAN eS HIE COLE Bhi aiden
0810	| eee cae ed 1 lee
0810	ey eatia| 208 feces Ey ead 23
0810	‘LS367 ] ACTH
0810	] 1 N envi2i2812 bal al WS 14l vctig
0810	i 1 eA aed EAE EERE eats
0810	shea
0810	) u
0810	q 8
0810	| Sor Soh q “5V-B= 710
0810	q 16 —
0810	| Cro i a r 8 a RE aioe ENV14 ram : areas : PORT 1 OUTPUT |
0810	LEFT | att | RIGHT ae |
0810	MOTOR | ¥L1 pri! 4% '2  [prel motor | im eee fl |
0810	ace, 1X 7 ent ; Assy | 4 |
0810	[yd Le aR EDA a is lala SE Lt | ( envels+—l2
0810	| 13
0810	{ ENV7 1iow1
0810	1 i) . ADDITIONAL PARTS:
0810	\ 8 Z113—74LS373 8-BIT LATCH (JAMECO)
0810	LSL LSR ) = Z114, Z1161—74LS367 HEX BUFFER (JAMECO)
0810	it 1 EA—20-PIN WW IC SOCKET (JAMECO)
0810	il 2 EA~—16-PIN WW IC SOCKET (JAMECO)
0810	{ L1,L2—LED (JAMECO XC556R) i, ORO
0810	(—)AUX PT-1, PT-2—PHOTOTRANSISTOR j 1OR1
0810	(RS#276—130)
0810	i Fig. 8-12. Wiring diagram for the LED/phototransistor speed and motion-sensing 4
0810	system. i Fig. 8-13. Additional 1/O buffer circuitry on the CPU board.
0810	136 4 137
0810	| q
0810	J
0811	ADDING THE CIRCUITRY FOR “FEED” SENSING ;
0811	The Alpha-Rodney program described in Chapter 1 cannot be PZ201
0811	run unless the machine is capable of responding ina positive fashion _
0811	to contact with the battery charger. The actual feed sensing point is FEED
0811	across the zener diode shown in Fig. 8-5. Whenever the positive 34
0811	terminal of the battery charger is connected to (+) BATTERY ~~
0811	CHARGER (and of course a good COMM connection is also made), {
0811	the voltage at the cathode of ZD301 rises to about +5.1V. R252
0811	This FEED point must be interfaced with the system as 4700,
0811	ENV6—D6 of ENVL. Figure 8-13 shows additional I/O bufferstobe
0811	added to the CPU board, including the connections for FEED. Fig. =
0811	8-14 then shows the suggested layout.for these additional ICs. ‘
0811	The FEED signal reaches the CPU board, however, through Eig, 6 ic ERED wir the I/O board (Board 200
0811	the 40-pin cable running to the I/O board, so that means you must ae ee cel ag i
0811	add the simple circuit in Figure 8-15 to the I/O board. q mode. Under these circumstances, thellamp should go off unless
0811	As an overall view of the FEED signal, it starts at ZD301 onthe +12V is applied to the (+)BATC connection on the power- |
0811	PC board in the power-distribution circuitry, passes through a wire | distribution panel. |
0811	to pin 28 on the I/O board edge-card connector, and then goes |
0811	across a 470-ohm resistor to pin 34 of PZ201. After that, the signal is J
0811	picked up at the other end of the 40-pin connector (pin 34 of PZ101)
0811	] where it becomes ENV6 at pin 12 of Z1161—a Port 0 read input
0811	buffer.
0811	| After connecting this circuitry, the FEED status will appear at
0811	data lamp D6 whenever Port 0 is addressed in the PROGRAM
0811	CPU BOARD Sat
0811	(BOARD 100) |
0811	| ( C106 |
0811	| PZ101 = ! :
0811	E : im |
0811	Fig. 8-14. Suggested layout of the additional parts on the CPU board. (
0811	f |
0900-text	Whatever your source of good fortune and success might be, this is
0900-text	the time to call uponit. You'll need a lot of positive thinking and all the
0900-text	technical talent you can muster. The work in this chapter represents
0900-text	the worst and the best of everything you do with Rodney. You are
0900-text	going to have to dig in and make things work on your own, because
0900-text	the work is tricky.
0900	That’s the bad news, and there will be more to do with it later.
0900	4 Now for the good news. Adding the microprocessor and its im-
0900	mediate buffer circuits gets your Rodney project running on its own
0900	for the first time. And, when that happy moment arrives, you will
0900	sy j | have paid your dues and have every right to run around the house
0900	Add I ng the M I croprocessor | shouting “eureka” and things such as that. I’ve played around with a
0900	Pie lot of neat circuits over the years, but nothing parallels the moment
0900	and Bui iding the Nest Rodney sprang to life under the control of the microprocessor.
0900	: \ { You should build up the nest assembly now, too. Thereis alittle
0900	bit of tricky mechanical work involved in building the nest and
0900	Rodney’s charging rings, but compared to ironing out the micro-
0900	Whatever your source of good fortune and success might be, this is processor despiking problem, building the nest seems like relaxa-
0900	the time to call uponit. You'll need a lot of positive thinking and all the tion.
0900	technical talent you can muster. The work in this chapter represents . |
0900	the worst and the best of everything you do with Rodney. You are THE MICROPROCESSOR AND BUFFER CIRCUITS |
0900	going to have to dig in and make things work on your own, because Figure 9-1 shows the 8085 microprocessor chip and the com-
0900	the work is tricky. eee 8 immediately a as with it. A few definitions and special
0900	; This is the point where all the circuitry you have built thus far is | explanations are in order.
0900	transformed from switch-operated DC control to r-f control. A SID—This is the serial data input. You won’t be using it for a while,
0900	. ae frequency of 2. che is ne anyone’s oe ae ne is what { but it will eventually serve as the input point for data coming from a
0900	e microprocessor introduces to your circuitry. e wiring cassette tape player.
0900	running between ICs on the CPU board and all that ae TU RESET IN—Pulling this point down to logic 0 immediately stops all
0900	between the CPU and I/O boards becomes an inductive and caper q microprocessor operations, and upon returning the point to logic 1,
0900	ye en : ; the microprocessor resumes operation taking its first instruction
0900	eee er ited aes beat goa pee ane Leet from the lowest address in the program RAM. A time-constant
0900	ae ee can a ponecene iat the ee a co circuit (C105 and R100) pulls this point down to logic 0 whenever DC
0900	Maybe you have wired everything just as I described so far in this power is first applied to the system, giving Rodney a “power-on
0900	book, and since my model works, doesn t it seem logical yours clear” teers.
0900	ae See. and shi ae a patie eae ie ae | RESET IN is also connected directly to the RESET switch on
0900	ioe pissy Se ee meee the front-panel assembly. You can stop microprocessor operations
0900	; route It BOP one pon om oe : at any time by switching on the RESET switch, and when it is |
0900	aoe eins ay ip bal a be different from mine and Ai { switched off, microprocessor operations begin from address 000H. |
0900	else’s. The wiring diagrams are the same, but the stray capacitance : :
0900	and inductance are bound to play different roles in each case. X1 AND X2—These are the connections for the system’s 5 MHz
0900	| I am dealing with this bad news now in order to get you crystal, X100. This frequency is internally reduced to 2.5 MHz,
0900	| prepared for some potential problems later on. There ave solutions thereby establishing a constant 2.5MHz clocking frequency for all
0900	: to the problems, and I’ll guide you along the way. You are going to microprocessor operations.
0900	have to start adding decoupling capacitors all over the CPU board ADO THROUGH AD7—These eight lines carry a multiplexed
0900	and maybe on the I/O board, too. I don’t know how many you will combination of addr esses AO through AZ, and data DO through D7.
0900	need, so I won’t bother numbering them, or even showing them, on The different kinds of information are demultiplexed (or sorted out)
0900	. the schematics. You will be adding these capacitors until the micro- by the three buffer circuits in Fig. 9-2.
0900	processor system works properly and reliably. That might take one | A8’ THROUGH A11'—These are the higher-order address lines
0900	evening or a week. which are buffered by Z103 in Fig. 6-3. Since these lines are not
0900	. 140 141
0901	age SOD'—This is the serial data output connection which will be used
0901	only for transcribing programs and memory information onto cas-
0901	+5V-A 1 sette tape.
0901	® @ a “Tr Ota ) Figure 9-2 shows the microprocessor buffer circuits which,
0901	5 = incidentally, also demultiplex the AD lines. Z102 is an 8-bit data latch
0901	ap, i a Ha i which is enabled only when the system is in the RUN mode. Other-
0901	ape) Ce) 5 13 ape wise, its outputs, AO through A7, go to a tri-state condition.
0901	| a are
0901	RESET| p | @9 15 AD3 i
0901	f :
0901	IN 6 1 x1 = AD4 i ae
0901	C105 ADS f
0901	ieee 18 q » ADO 5 2 Do
0901	rar a 18» ape hae Bs
0901	2 ne AD7 vee 6 rs or
0901	@ EP vl 5 | z1017 ho D1
0901	AQ’ ; AD2 | 4 |p2
0901	ee Ca04) 24000 a 9 _ 4 702103 ra] 8216 e
0901	22DF 8085 A10 (FIG. 6-3) \ a 13 rs Jos
0901	NUMERALS IN in ong j = ia
0901	CIRCLES ARE a iy el 3 yh
0901	DIP HEADER PIN ve RD’ . . re aL
0901	NUMBERS (SEE WR’ i S MOT
0901	FIG. 9-3) 4 SOD’ q = -
0901	} i
0901	A D4
0901	= 20 Rae Ree aie 6 me
0901	= LS aa ete “
0901	= 8216 |10
0901	| AD6 D6
0901	ean, ey NAR ee
0901	Fig. 9-1. The microprocessor circuit. q AD7' bieitatelable | 9 |o7
0901	| | D7
0901	| multiplexed with anything else, there is no need for demultiplexing __ Oe NEG s Be ee ee
0901	. them. j oT jane
0901	ALE—This one-line signal is responsible for signalling the differ- Bil! si bat
0901	ence between address and data information on lines ADO through FIG. 6-3 20 40
0901	AD7. Whenever ALE is at logic 1, it informs the outboard demultip- vie cree Ao
0901	lexing scheme that address information is present on those lines. js ga2 Has
0901	Otherwise, the information is data or not relevant. | ae vn
0901	S1'—This is a status signal that informs outboard circuitry of the HEE avi Hm
0901	| microprocessor read or write status. In essence, it is a R/W signal, ) AG
0901	indicating read operations when at logic 1 and write operations when | | i rg mt |
0901	it is at logic 0. (FROM Z100) —[_] = EDGE-coNNECTOR
0901	RH WR ; a TERMINAL
0901	RD and WR—These are active-low pulses that indicate exactly ToL A se EEN ON
0901	when the microprocessor is expecting valid input data on the data ; in SAME BOARD
0901	bus (RD=0) or is generating valid output data on the data bus
0901	| (WR=0). q Fig. 9-2. The microprocessor buffer circuit.
0901	142 143
0902	' :
0902	data flows from the AD outputs of the microprocessor to the DO
0902	through D7 lines of the system data bus. When S1’ goes to logic 1
0902	1 ae seloDy 24 (indicating a read operation), data flows from the data bus to the AD
0902	2 | Rigo | 23 connections of the microprocessor. Address information is some-
0902	leornere: | times present on the data bus, but the RD and WR pulses make
0902	3 22 | q certain no I/Os are connected to the data bus at that time.
0902	| 4{_ Rice [oy
0902	5 C105 feo } INSTALLING THE BUFFERS AND MICROPROCESSOR
0902	Install the microprocessor and buffer circuits shown in Figs. 9-1
0902	6 C103H19 and 9-2. The small components associated with the micro-
0902	7 18 a coe header for the small processor chip can be mounted on a DIP header as indicated in Fig.
0902	C104 R : 4 9-3. The numerals inscribed in circles in Fig. 9-1 correspond to the
0902	8 17 : : Wig.
0902	{ pin numbers on this header circuit.
0902	9 16 ‘ Figure 9-4 is the recommended layout for these components on
0902	the CPU board. The parts list is in Table 9-1. When you have
0902	10 2 completed the wiring, install the buffer ICs, but do not install the
0902	11 14 { microprocessor chip yet.
0902	12 13 _ Static Tests for the Buffers
0902	With the three buffer ICs installed (Z1011, Z1012 and Z102), |
0902	CZ101 apply 12-V power to the system and set things up for the RUN mode |
0902	24-PIN DIP HEADER j
0902	| | al
0902	Whenever the system is in the RUN mode, new information is ° a
0902	latched and held valid at the outputs whenever ALE shows a positive om
0902	pulse. The inputs to Z102 are connected to the eight AD lines, and ' o
0902	since ALE occurs only when valid address information is on these CZ101 2100 is
0902	lines, it follows that Z102 picks up and latches the lower-address ;
0902	byte for the system. Connections AO through A7, in other words, [> c ;
0902	carry only valid address information, data from the AD lines never ca N a a 14
0902	reach this part of the address bus. \ SMO any Baha I ea
0902	The microprocessor must be able to send out a byte of data as N N N i
0902	well as receive it from the system data bus. Therefore, lines ADO :
0902	through AD7 are also connected to a pair of bus transceivers (bi- |
0902	directional bus drivers). The devices in this case are Z1011 and 3 CPU BOARD (BOARD 100)
0902	: Z1012.
0902	! _Like the address latch, these bus transceivers are enabled by |
0902	the R/P signal. This means they are operative only when the system |
0902	is in the RUN mode. Otherwise, the microprocessor is completely f *INSTALLED PREVIOUSLY
0902	isolated from the data bus.
0902	Whenever the bus transceivers are enabled in the RUN mode, : Fig. 9-4. Physical arrangements of microprocessor and buffer components on
0902	; $1 determines the direction the data flows. When S1’ is at logic 0, : tere Renee
0902	144 | 145
0903	of operation. The socket for Z100 should be empty, makingit a good Table 9-1. List of parts to be added to the CPU board.
0903	place to insert test wires. Cut a couple 6-inch lengths of Kynar
0903	
0903	wire-wrap wire and strip about one-half inch from each end. These obs ud Nedlands tlhe i bal (intel
0903	ec one lee nal Saal dbae cataaalas 21011, 21012 8216 quad bus transceiver (Jameco)
0903	
0903	First check the data buffers’ ability to pass data from the AD 7102 74LS373 octal latch (Jameco)
0903	lines to the data bus. To start, connect one of the special test wires
0903	
0903	' between COMM (pin 20) and S1’ (pin 33) of the microprocessor Resistors and Capacitors
0903	i : i f 3 ea. 2.7k, “4W resistor
0903	socket. Insert the ends of the wire right into the places where the 2 ea. 22pF ceramic capacitor (Jameco)
0903	pins belong. 2 or more 0.14.F mylar capacitor—see text for explanation (Jameco)
0903	Then, connect one end of the second test wire into the Vcc (pin | ’ Wire-Wrap IC Sockets
0903	40) slot for the microprocessor. Touch the opposite end of that wire 7 1 ea. 40-pin WW socket (Jameco)
0903	to ADO, AD1, AD2, and so on. As you do this, use a voltmeter or y : ih etal Heh rar pak
0903	logic probe to check the logic levels at the data bus connections on aie
0903	the edge-card pins of the CPU board. When you connect the jumper Be EAD NN ROE ARO)
0903	to ADO, you should see a logic-1 level at DO, pin2 onthe 100-pincard sins saplldbli
0903	: 1 ea. 5 MHz crystal (Jameco CY7A)
0903	connector. In the same way, when you connect the jumper toAD1, 1 ea. 24-pin DIP header (Jameco)
0903	you should see logic-1 at D1, and so on. Check the system through
0903	AD7 in this way. Then, connect one end of the second wire to — sponding address-bus pin on the 100-pin edge connector, pins 10
0903	COMM instead of Vcc and run through the sequence again, looking through 21, for a logic-1 level. When connecting ADO from the
0903	for logic 0 at the data bus connections. This completes the static microprocessor socket to +5V, for instance, you should see logic 1
0903	checks for microprocessor-to-data bus transfers. at pin 10 on the 100-pin connector.
0903	Now, you have to test the same circuit for data flow in the j You can complete this series of static tests by connecting the
0903	gpposite direction. Remove the test wire running between COMM 1 special test wire between COMM and the microprocessor’s address
0903	and S1' and reconnect it so it is running between Vcc (pin 40) andS1’ terminals instead of between +5V and those terminals. wanes for
0903	of the microprocessor. This time you will need an ordinary clip-type logic 0’s at the corresponding address-bus pins on the 100-pin
0903	jumper wire to apply COMM and Vcc to the databus connectionsand Pil
0903	monitor the logic levels at ADO, AD1, AD2, etc. at the microe | I realize this is a time-consuming and tedious series of static
0903	processor. I tests, but they will point out any wiring problems in the micro-
0903	Connect one end of the clip-type jumper to a +5V source (the processor bus system. It is important to uncover any problems at
0903	
0903	ue iatong Senge ae eee Asin Sat and touch the this time so that the dynamic microprocessor tests won’t be so
0903	
0903	other end to pin 2) on the oard’s -pin connector. confusing.
0903	
0903	Check the logic level at the ADO (pin 12) connection of the micro-
0903	
0903	processor socket. It should show a solid logic-1 level. Firing Up The Microprocessor |
0903	Check all eight data bus and AD connections in this way, then Carefully check the wiring of the control lines from the micro- |
0903	wire the test jumper to COMM instead of +5V and repeat the processor socket, RD, WR, SOD’, etc. You might like to use an |
0903	| sequence looking for logic-0 levels this time. This completes the test ordinary ohmmeter continuity test in these cases. |
0903	routine for the bi-directional buffers, A1011 and Z1012. i TURN OFF ALL POWER TO THE SYSTEM, and carefully
0903	
0903	Checking the address buffers is a bit simpler. Remove all } slip the 8085 microprocessor into place. Have you installed the
0903	
0903	jumper wires and connect one of the special test wiresbetweenALE 24-pin DIP header for the small components? If not, do it now.
0903	(pin 30) on the microprocessor socket and +5V. Connect oneendof Is the RESET switch on the front-panel assembly connected to
0903	the second test wire to +5V as well, and touch the other end tothe RESET IN of the microprocessor? Pin D of the CPU board should be
0903	microprocessor’s address terminals, ADO through AD7 and then A8’ © going to pin D of the I/O board and from there to the RESET switch
0903	through All’. With each test, check the logic level at the corre- via one of the 16-pin plug assemblies. (See Fig. 5-9.)
0903	146 \ 147
0904-1	000 00 TEST:
0904-1	001 C7 ;RETURN TO TEST
0904-2	0003) .21 00 08 OTST: LXI H,PORTO
0904-2	003), .3E ER MVI A,FFH
0904-2	005 77 MOV MA
0904-2	
0904-2	006 C7 RST 0
0904-3	Set up the panel address for 000H and LOAD 00H. This is a
0904-3	NOP (no operation) command. Then set the address to 001H and
0904-3	LOAD data C7 (a command that tells the system to return to address
0904-3	000H). You are telling the microprocessor to do nothing and then
0904-3	return to doing nothing again. Ideally, the system will buzz back and
0904-3	forth between these two commands at an r-f rate.
0904-3	
0904-3	In a semi-assembly programming format used for most of the
0904-3	work remaining in this book, this simple program will look something
0904-3	like this:
0904-3	
0904-3	000 00 TEST:
0904-3	001 C7 ;RETURN TO TEST
0904-3	
0904-3	Now set the RUN/PROGRAM switch to RUN. If the RESET,
0904-3	switch is still ON (as it should be at this point), nothing should
0904-3	happen. Return the system to PROGRAM after a few seconds and
0904-3	check the content of the program RAM. The data at 000H address
0904-3	should still be 00H and the data at 001H should still be C7H. If it is
0904-3	not, something is wrong with the RESET wiring between the front
0904-3	panel and the microprocessor. Do not go any further with the testing
0904-3	until you are convinced the program RAM holds the 2-step program
0904-3	when switching the system between RUN and PROGRAM.
0904-4	Things will probably get scrambled every time. If the program
0904-4	isn’t scrambled by some quirk of good fortune, try it again for several
0904-4	minutes. You cannot afford to hedge on this bet—programs must
0904-4	remain intact in the program RAM indefinitely.
0904-4	
0904-4	Let’s suppose the program isn’t getting scrambled and you are
0904-4	wondering what this fuss is all about. In this case, the system just
0904-4	might not be working right anyhow. Try this program:
0904-4	
0904-4	000 21 00 08 OTST: LxI H,PORTO
0904-4	003 3E FF MVI A,FFH
0904-4	005 «(77 MOV MA
0904-4	
0904-4	006 C7 RST 0
0904-4	
0904-4	If you have been doing your homework on 8085 instruction sets
0904-4	and programming, you will see that this program loads all I’s at the
0904-4	motor-control outputs (Port 0). The 3-digit numbers are address
0904-4	locations and the 2-digit numbers are hex data to be entered at the
0904-4	outputs. Since the first line of the program uses three different bytes
0904-4	of data, it figures they will occupy address locations 000H, 001H and
0904-4	002H. That’s why the second line begins with address 003H.
0904-4	
0904-4	Load this little program but before RUNing it, turn off the motor
0904-4	status lamps by addressing Port 0 (800H) and LOADing data 00H.
0904-4	Then start the program by first setting the system to RUN and then
0904-4	turning off the RESET switch.
0904-4	
0904-4	If the system is reading the program properly, the motor status
0904-4	lamps should turn on and remain on. They probably won’t stay on,
0904-4	but they should.
0904-4	
0904-4	If your system wasn’t scrambling the 2-step TEST program,
0904-4	but the OTEST program doesn’t run right, you know the system
0904-4	isn’t executing any commands. If that’s the case, you have to doub-
0904-4	lecheck a lot of circuitry, beginning with the program RAM tests in
0904-4	Chapter 7 and working all the way through the static tests in the
0904-4	previous section of this chapter.
0904	Set the system to its PROGRAM mode and turn on the RESET less commands that eventually replace your program with a “gar-
0904	switch. Apply power to the system. Nothing of any real consequence bage” program of some sort. :
0904	should happen because the microprocessor is isolated from the . The motor-control circuit probably went crazy for a moment 2
0904	system by the PROGRAM mode and disabled by the RESET func- anyway. That’s because some of the “garbage” commands addres-
0904	tion. P sed motor-control functions. After the 2-step program gets scram-
0904	If you have access to a fairly decent oscilloscope, you should be g bled, the microprocessor flies off into strange places in the program
0904	able to see a 5MHz waveform at pin 1 of the microprocessor and a RAM that carry meaningless instructions and data.
0904	2.5MHz waveform at pin 37 (a CLK output function thatisn’tusedin It’s a mess, isn’t it? Maybe it is of some comfort to know that
0904	the Rodney system). All of the address and data lines at the micro- someone else recognizes your predicament.Try reloading the
0904	processor should be “floating” at about 2.5V. 2-step program and running it several times, always going to RUN
0904	Hold on —here comes the real test of everything you've done before turning off the RESET switch and turning on the RESET
0904	so far! You are going to enter a simple program into the program switch before going back to PROGRAM.
0904	RAM and see how well the microprocessor executes it. If you are Things will probably get scrambled every time. If the program
0904	going to have the problems outlined in the opening paragraphs of this isn’t scrambled by some quirk of good fortune, try it again for several
0904	chapter, you’re going to run into them now. : minutes. You cannot afford to hedge on this bet—programs must
0904	Set up the panel address for 000H and LOAD 00H. This is a ‘ remain intact in the program RAM indefinitely.
0904	NOP (no operation) command. Then set the address to 001H and Let’s suppose the program isn’t getting scrambled and you are
0904	| LOAD data C7 (a command that tells the system to return to address , a wondering what this fuss is all about. In this case, the system just
0904	000H). You are telling the microprocessor to do nothing and then might not be working right anyhow. Try this program:
0904	return to doing nothing again. Ideally, the system will buzz back and eo Hess ple
0904	forth between these two commands at an r-f rate. / 003 «3E. OE ‘ Mui AFFH
0904	In a semi-assembly programming format used for most of the 005 «(77 MOV MA
0904	| work remaining in this book, this simple program will look something 006 °C RST 0
0904	1 ie es TEST: If you have been doing your homework on 8085 instruction sets
0904	) ~ o -RETURN TO TEST . and programming, you will see that this program loads all I’s at the |
0904	; ‘ - ai motor-control outputs (Port 0). The 3-digit numbers are address |
0904	i Now Sek the RUN/ PROGRAM switch +0 RUN. lf the RESET locations and the 2-digit numbers are hex data to be entered at the |
0904	: Switch is still ON (as it should be at this point), nothing should outputs. Since the first line of the program uses three different bytes |
0904	happen. Return the system to PROGRAM after a few seconds and of data, it figures they will occupy address locations 000H, 001H and |
0904	check the content of the program RAM. The data at 000H address 002H. That’s why the second line begins with address 003H.
0904	should still be 00H and the data at 001H should still be C7H. If it is Load this little program but before RUNingit, turn off the motor
0904	| not, something is wrong with the RESET wiring between the front = status lamps by addressing Port 0 (800H) and LOADing data 00H.
0904	panel and the microprocessor. Do not go any further with the testing Then start the program by first setting the system to RUN and then
0904	until you are convinced the program RAM holds the 2-step program turning off the RESET switch.
0904	when switching the system between RUN and PROGRAM. If the system is reading the program properly, the motor status
0904	Assuming things are holding together so far, set the system for :. lamps should turn on and remain on. They probably won’t stay on,
0904	RUN and turn off the RESET switch. Wait for afew seconds, set the but they should.
0904	RESET switch to OFF, and return the system to PROGRAM. Is If your system wasn’t scrambling the 2-step TEST program,
0904	data 00H still at address 000H and is data C7H still at address 001H? but the OTEST program doesn’t run right, you know the system
0904	Probably not. If it is, you are exceedingly lucky! CO isn’t executing any commands. If that’s the case, you have to doub-
0904	| Chances are quite good that this test has scrambled the simple j lecheck a lot of circuitry, beginning with the program RAM tests in
0904	2-step program. Why? With inadequate capacitive decoupling onthe = Chapter 7 and working all the way through the static tests in the
0904	CPU board, the microprocessor picks up some strange and meaning- previous section of this chapter.
0904	148 . 149
0905-1	Maybe it isn’t so bad to have the 2-step TEST program fouling
0905-1	up after all. At least you know the microprocessor is executing
0905-1	commands. The commands are “garbage,” but at least that part of
0905-1	the system is working.
0905-1	
0905-1	The odds against the system running both of these dynamic test
0905-1	programs are tremendous.
0905	Maybe it isn’t so bad to have the 2-step TEST program fouling moments, then turn ON the RESET switch, go to PROGRAM and
0905	up after all. At least you know the microprocessor is executing look at the data for the program. Continue this procedure until the
0905	commands. The commands are “garbage,” but at least that part of little program remains intact for an indefinitely long RUN time.
0905	the system is working. Who knows? Maybe you will end up putting a decoupling
0905	The odds against the system running both of these dynamictest capacitor on every IC on the CPU board. If the TEST program still
0905	programs are tremendous. { gets garbled, you have to start working on the I/O board as well.
0905	1 I’m sorry. I wish you didn’t have to go through this. It can be
0905	SOLVING THE NOISE PROBLEM i frustrating. Some competent manufacturer might one day produce a
0905	Suppose you have arrived at the point where the 2-step TEST | Rodney-type CPU board that has the decoupling problem solved for
0905	program gets scrambled every time you tryitformorethanasecond us. However, until such a time arrives, we have to live with the
0905	or two. As long as this is happening, there is no chance at allthatthe problem, just as any microprocessor engineer does.
0905	system will run the OTEST program properly, so we can forget If you find yourself losing patience with this part of the work,
0905	about that for the time being. you might like to skip ahead in this chapter to the nest-building part.
0905	Getting the elementary TEST program running properly is That will give you some relief from the tedious work.
0905	both a matter of hard work and luck. Basically, you have to find the Rest assured, the board will work once it is properly decoupled.
0905	IC devices that are generating r-f spikes on the power supply which It’s just a matter of time, patience and, maybe, a whole carton of
0905	is fouling the program sequence. This means adding despiking or 0.1uF capacitors.
0905	| decoupling capacitors between the +5V and COMM connections of Again, let me say that you must not hedge on this problem. If
0905	the devices causing the problem. The catch to the whole matter is you are getting frustrated now, imagine what it would be like to
0905	that there is no way to determine which devices are at fault, andthat spend a whole evening entering a long program, only to have it blow
0905	can mean adding decoupling capacitors, virtually at random, until the up in a couple of microseconds because you ignored the problem at
0905	system runs TEST without scrambling it. . this point. Now that’s real frustration!
0905	Of course, it is possible to stick a decoupling capacitor onevery After you get the TEST program running, load the TESTO
0905	j IC on the CPU board from the outset, but that’s alot of capacitors. program and run it. If all goes well, you are all set. It’s time to enjoy
0905	You are certainly welcome to take that approach if you want. the fruit of all your labor. Try this program:
0905	Otherwise, try attaching 0.luF capacitors directly across the ae
0905	Vcc (+5V supply) and COMM of the two program RAM chips, pins é
0905	1 18 and 9 of Z106 and Z017. Then decouple the microprocessor buffer eine Nod eg eee ila Bot aa Peek a
0905	ICs (Z1011, Z1012, Z102, and Z103) in the same fashion. ! a a rea on , ‘ ;CLEAR A TO 0'S
0905	Load the 2-step TEST program and RUN it. If the program 005 es cE MVI B.EFH INITIALIZE B
0905	remains intact after a few moments of running, you are onthe right 007 OEFF :INC MVI .C.FFH
0905	track. Otherwise, you must add some more decoupling capacitors. | 009 16FF ;IND MVI_ D,FFH
0905	This time, add them to the function and I/O select ICs: Z108, 4
0905	Z109, Z110, Z105, Z111, andZ112. Load the TEST programandrun ooB 15 ‘DCD DCR D é
0905	It j 00C C20B00 JNZ DCD IF NOT ZERO,
0905	Bear in mind that the decoupling capacitors must be connected & gti aly ioe
0905	e OOF OD DCR C ;ELSE DECREMENT C
0905	directly between the supply-voltage pins of the ICs they service. You
0905	won't make any progress at all by using indirect connections through 010 C209 00 JNZ IND IF NOT RRO oe
0905	pieces of wire-wrap wire. :
0905	Add some capacitors, make certain the RESET switchis ON, a 07 00 ae see Stila :
0905	set the system for PROGRAM, enter the TEST program, set the JUMP BACK TO INC |
0905	{ system to RUN and then switch RESET to OFF. Wait several 017 FEFF CPI FFH i |
0905	‘IF O'S, NZ. |
0905	150 q 151 |
0905	|
0906	q
0906	019 CA 03 00 JZ. STA IF ALL 1S q Next, you will need some vinyl trim about %-in. wide. It doesn't
0906	JUMP BACK TO STA have to be anything fancy; simply the kind of trim that is sometimes
0906	i used for covering seams in wooden paneling. It usually comes in 8-ft.
0906	01C 3EFF MVI A,FF ‘ELSE SET ATO ALL 1'S i sections, and you will need enough to go around Rodney twice and
0906	O1E C304 00 JMP MOA ;AND JUMP BACK TO MOA j the nest twice. And finally, there is a need for some bands of
0906	| ‘END OF BLKT , | standard 1/16-in. thick aluminum sheet. These should be long
0906	| Wiis qgraerit erases tke motor eatue irune Akg tla: enough, or at least there should be enough to add up to the right
0906	switch on ae off alternately. It is alooping Pee i Bish) run iit nil eee feeney diet ee ay atsaiell’
0906	indefinitely, and the only way to stop it is by goingto PROGRAMand ou is ae yee a Lapaks he cou a 4 :
0906	switching on the RESET switch. Of course, it can be started again by oe The nes v na a plate canner heat
0906	going to RUN and turning off the RESET switch, assuming, of pie ee Abies Deca oa ee nar ee
0906	ee aes aes Pa hii iE ae mess up the are cemented toit. You can usea good epoxy cement, although vinyl
0906	Let this program run for an extended riod of time. Y tile cement ought to work just about as well. wars
0906	: pe ae The aluminum bands are then fastened to the trim pieces and
0906	wouldn’t be all crazy to let it run for 24 hours or more. Let the _ : q my ; ‘ : Voualheave ¢
0906	system “burn in” with this program. If you are going to have prob- mop board” backing with flat head machine screws. You! a :
0906	lems with more extensive programs in the future, it would be nice to countersink the holes for these screws so that the charge reece lb
0906	iron them Ge nee a uniformly smooth surface.The lower charge ring should be
0906	screwed onto place where the 2-in. gaps occur on the skirt assem-
0906	bly. This will be the (+) BATC ring, and is “hot” relative to the
0906	INSTALLING RODNEY’S BUMPER AND CHARGE RINGS | COMM potential of Rodney’s mainframe. :
0906	If you haven’t figured it out by now, you ought to realize that Since the upper charge ring will carry the cou ana a
0906	Rodney needs a pair of passive wheels to balance him. Iusedaset of _ the battery charger, the screws for ee this ring can 80
0906	casters which are available in just about any hardware or department through all the vinyl Reena and the skirt ain well. Although this
0906	store. The arrangement isn’t really critical, as long as the passive ( scheme seems to be quite awkward at first, it turns out to be very
0906	wheels hold Rodney level and don’t impede his motion. | sturdy when it’s completed. j
0906	The job at hand now is to install the charge rings. These two Any one of the screws to the lower charge lah Meanie aii yi
0906	rings of aluminum, one for (-) BATC and another for (+) BATC, will connecting point for a length of 18 AWG wire to (+) BATC on the
0906	contact a set of identical rings on the nest assembly. Of course, the
0906	rings on the nest assembly are permanently wired to the battery Neigh ty
0906	charger assembly. Rodney’s charge rings run completely around the /
0906	outside edge of his skirt. The rings are parallel to one another and y : Aree ca
0906	must be lined up precisely so they mate with their counterparts on ag
0906	the nest. i i
0906	You will have to visit a good home improvement store tofindthe ee G ALUMINUM CHARGE RINGS
0906	special materials needed here. For one thing, you will need some e Z
0906	sections of vinyl “mop board” material, the sort of material normally if
0906	j cemented to walls where the walls meet the floor. Some mop boards G (1) BOLT “MOP BOARD" TO ALUMINUM SKIRT ASSEMBLY |
0906	are made of wood. Of course, that won't do, so look for the very 1 ikea rr», (2) CEMENT PANEL TRIM TO “MOP BOARD”
0906	: flexible, vinyl type. You will need enough to wrap all the way around “MOP BOARD” (3) BOLT ALUMINUM CHARGE RINGS TO PANEL TRIM
0906	Rodney’s skirt and an identical skirt assembly on the nest. This vinyl
0906	q mop board is available in a standard 2-in. width, so it fits the skirt 5 oe
0906	assemblies perfectly. ; Fig. 9-5 Arrangement of charge-ring sections.
0906	152 153
0907	power-distribution panel. Likewise, any of the screws on the upper 4
0907	ring can be a connector for a COMM lead to (~) BATC on the power a
0907	panel. e) |
0907	THE NEST ASSEMBLY = s |
0907	Now, all you have to do is construct the nest mainframe. You Ne rE
0907	can begin by building a circular bottom plate and skirt assembly that oO > |
0907	is identical to the one that Rodney already has. For the nest, iF Me ~) |
0907	however, the bottom plate can be made of wood or some other = Ooo z
0907	material that is easier to work with than aluminum. Suit yourself. = C abl ray ni
0907	Fashion the skirt from aluminum as described in Chapter 4, and ao Zz
0907	attach the charge-ring assembly, one practically identical to Rod- q if rs} 7) a a
0907	ney’s. The only difference is that the lip extending from the vinyl | a & g am
0907	mop board should be at the top, rather thanat thebottomasshownin __ a 5 aa |
0907	F ig. 9-5. se
0907	Now, it’s time to make some legs for the nest. Half-inch y
0907	threaded stock works nicely here because it lets you assemble legs 0)
0907	with adjustable lengths. It is important to be able to adjust the height 0 é oS x
0907	of the charge rings on the nest so that they mate perfectly with fo =
0907	| Rodney’s charge rings. a oI +
0907	Simply cut the threaded stock into four lengths approximately j = 3
0907	; 6-in. long, drill four holes at “corners” of the nest’s bottom plate, and 12)
0907	feed the threaded stock through these holes. Bolt the “legs” into | oh!
0907	place with a pair of nuts on each one, one on top of the plate and one | il
0907	on the bottom. | ee ea
0907	You might like to fit some vinyl tips on the ends of the legs that < a i = :
0907	make contact with the floor. It isn’t such a good idea to have the legs Q rs = D 5
0907	on the nest scratching the floor or getting snagged on the carpet. = 3 ‘a = g
0907	Look around a department or hardware store for some soft “feet.” I < aia i .
0907	used the little tips that come with spring-loaded curtain rods but = y 4
0907	since that meant throwing away a couple of potentially useful curtain a ul = fr o> | S
0907	rods, you might want to use something else. <u 7 5
0907	At any rate, adjust the charge-ring and nest assembly so that q A ti = 3 SS 8
0907	the rings line up with Rodney’s rings and, of course, are level all q ii 9 2 an @
0907	around. a E < 5
0907	Finally, complete the nest assembly by installing a battery . co rs) € |
0907	charger and current limiter in the nest. I have a 4-ampere charger D |
0907	i acquired from Sears. Such chargers should not be allowed to deep- { © oh ic)
0907	charge Rodney’s battery on a routine basis—that will destroy the ‘ @ a 3
0907	battery in a short period of time. Couple the output of the battery & < i
0907	charger through a current limiter such as Sears’ Ampere Damper ™, 1 5 ef
0907	Using this device, the charging current can be adjusted to suit the uy 2
0907	battery you buy. i
0907	154 155
1000	Table 9-2. Electrical components for the battery-charger system.
1000	1 12V, 14-Ahr motorcycle battery (Sears #28K44314N)
1000	1 12, 4A battery charger (Sears #28K7126)
1000	1 battery-charger current limiter (Sears #28K7104) q
1000	Equivalent devices from other sources ]
1000	may be used—Sears is merely a , a 2
1000	suggested source. 1 | Running Alpha Rodney
1000	Connect the negative output of the current limiter to the upper
1000	charge ring on the nest assembly and wire the positive output to the
1000	lower charge ring. i
1000	THE BATTERY-CHARGER SYSTEM cea s
1000	Figure 9-6 shows the electrical features of the battery system We have beva foghig @F Hg) Ae ih alera re iis iy ai
1000	‘ al 4 something rolling around the floor and behaving in a semi-intelligent
1000	- A Neue guctiyesteiveral ire there has to e pore sort of battery . manner. After completing the work and conducting the experiments
1000	i _ mean i ia Tae itera eas eee ec onl ' outlined in this chapter, you will have been exposed, first hand, toa
1000	; ae ale | bit of ine machine intelligence.
1000	Rodney unit. It fits nicely in the space below the circuit cards and it ' aan vi sii pa poe Alpha-Class machine is its purely
1000	ci C ae ae a a Rodney to run about 4 hours at a reflexive and, for the most part, random behavior. Alpha Rodney will
1000	eae By ns be urs aun ead thishaters tle newer aan | behave much as a little one-cell creature that struggles to survive in
1000	j : : ane : its drop-of-water world. The machine will blunder around the room,
1000	ee Kesar erie ae ete winearae j working its way out of menacing tight spots, and hoping to stumble,
1000	i 8 8 J P : quite accidentally, into the battery charger.
1000	| ee bathers nether it i lead-acid on eel istonid not held This chapter also includes a few circuit refinements that add to
1000	' ve a oy " Rodney’s range of behavior. However, bear in mind the real point of
1000	pan miner oe ne aL Sb Ha nae rea this whole project—to demonstrate the sige era a
1000	; i i i . Dwelling too much on the showy side of the machine wi
1000	have to keep the current limiter set at 1.4A. If you happen to use a Paces ale pict neat me pcience:
1000	: 10-AHr battery, you'll have to set the current limiter down to 1A.
1000	Table 9-2 lists the components used for the entire battery- ALPHA RODNEY-ONE—THE SIMPLEST SYSTEM
1000	\ charger scheme. Even if you have no immediate plans for running } ea : :
1000	Rodney from the battery, it is a good idea to connect the battery : The flowchart in Fig. 10-1 summarizes the petals es sy
1000	system now. Much of the work in upcoming chapters involves __ simplest Alpha RO eee eS ae
1000	storing some very extensive programs in the program RAM section. ! Eas aie Ra Caney Oe: : f
1000	The slightest interruption in supply power will wipe out all that Study this flowchart carefully before looking at the programs for
1000	programming. So the battery, battery charger, and auxiliary power om it. It is important to understand the basic mode of behavior and the
1000	ably chould he bonneeted ne in full ies 0 Gh all tines j definitions of certain special terms before anything else can make
1000	If anything shuts down utility power in your lab, the battery will ; much sense.
1000	: continue supplying power to the system; if the motors aren’t run- } Ds :
1000	ning, the battery will preserve the contents of the program RAM for j Defining of Sh aetal sas ana is ' ee
1000	quite a number of hours. With the auxiliary power supply also : Compare the expressions in Fig. 10-1 with the following list of
1000	connected to the system, it can supply power to the program RAMif definitions and preliminary explanations. ‘ ‘ :
1000	anything should happen to go wrong with the battery system. So ___ INITIALIZE—A general housekeeping operation that in-
1000	everything is backed up pretty well with this scheme. itializes the position of the microprocessor stack pointer and sets up
1000	;
1000	156 q 157
1000	i
1001	the system for dealing mainly with the Port 0 I/Os—ENVL and
1001	ACTL.
1001	FETCH ENVL—A read operation where by the 8-bit, lower- C RuN~-1 )
1001	order portion of the environment status word is fetched into the
1001	system. After all, Rodney must know what is going on around him =
1001	before he can take any action to alter his environment. a
1001	Note that the FETCH ENVL operation implies that we are
1001	working only with the 8 lower-order bits. The entire Alpha
1001	Rodney-One scheme, as it is presented here, totally ignores any
1001	environmental parameters assigned to the 8 higher-order bits. Only N
1001	ENVL and ACTL will be used as far as communication with the
1001	outside world is concerned. The higher-order portion, ENVH and
1001	ACTH at Port 1 will be applied in a later version. |
1001	RUN TO LM—The question here is whether or not the left
1001	motor is getting a command that tells it to run. The answer is “yes” <P
1001	(Y) ifitis seeing a run command, andit is “no” (N) ifitis seeing a stop
1001	command. |
1001	LM RUN—Is the left motor indeed running? This question is acta
1001	answered by testing the motor-control, speed-sensing circuit for the {
1001	left motor. If the motor is running as it should be, the answer is “yes” Y
1001	(Y). But, if the motor is stalled or else running too slowly for some
1001	reason, the answer is “no.”
1001	The RUN TO LM and LM RUN questions are closely related to
1001	one another, but they serve entirely different purposes. RUN TO { —<
1001	LM merely answers this question: Is the motor supposed to be
1001	running? LM RUN asks: Is the motor actually running? A discre-
1001	pancy between the answers to these two questions signals a prob- e >
1001	lem as far as Alpha Rodney is concerned.
1001	RUN TO RM—This statement has the same general meaning y
1001	as RUN TOLM. RUN TO RM, of course, applies to the right motor, |
1001	rather than the left one. {
1001	RM RUN—Again, the expression serves the same function as
1001	its left-motor counterpart, LM RUN.
1001	FEED—Is the system feeding at the battery charger? If Rod-
1001	ney is connected to the battery charger andis gettingenergyfromit,
1001	the answer to this question is Y. Otherwise, the result is N.
1001	Recall that the FEED signal is included in the ENVL status q
1001	word. It originates at the charge rings on the robot and takes on an
1001	active-high, logic-1 level only when battery-charger power is pre-
1001	sent. Rodney, you see, can be connected up to the battery charger,
1001	but if the charger is turned off (or the connection is a poor one), j
1001	FEED drops to logic 0 and the answer to the question is “no” (N). BI Nac Aa a
1001	158 159
1002	4 |
1002	OUTPUT STOP ACT—This operation sends a motor- Now, assume the left motor is supposed to be stopped, and the
1002	stopping code to ACTL. The purpose is to turn off both motors. 1 right motor is supposed to be running. This situation arises
1002	Although the drive and steering code format includes four different whenever Rodney is to turn to the right. |
1002	.stop codes, B will be used because of its simplicity. % The answer to RUN TO LM, in this instance, is N. If the left
1002	FETCH RAND—This means, “Fetch a 4-bit motor-control motor isn’t supposed to be running, there is little point in actually |
1002	code from Port 2.” , | checking it. A more sophisticated program might call for checking |
1002	VALID— While any number fetched from the random number i 7 the actual motor status against a N from RUN TO LM, but all that
1002	generator at Port 2 could be successfully used by the motors, we a would accomplish is sensing whether the motor is being pushed by
1002	must impose some restrictions as an “intuitive” element of Rodney’s 7 some outside force or, perhaps, rolling down a hill. |
1002	behavior. In this particular scheme, standing still cannot effectively So if the left motor is not supposed to be running, the next step |
1002	solve a stall problem. So if the FETCH RAND operation should is to see if the right motor is supposed to be running. In the present |
1002	happen to generate one of the four stop codes, the code must be example, the answer from RUN TO RM should be Y. Then the |
1002	replaced with a different one, one that causes Rodney to move in f system checks the actual operation of the right motor at RM RUN.
1002	some fashion. VALID merely asks the question: Is this a motor- ) Again, if the answer is Y, the whole operation starts over again by
1002	control code that will result in some motion? picking up an updated version of ENVL. |
1002	OUTPUT NEW ACT—This command sends a new motor- The system works much the same way if the right motor is |
1002	control code to Port 0, ACTL. supposed to be stopped and the left motor is supposed to be running. |
1002	: } ] This would be the case for left-hand turns. The reply to the first
1002	The Main Flowchart Analysis RUN TO LM is Y, the left motor is supposed to be running. The
1002	The Alpha-One system is first initialized to set the stack pointer motor is then tested by LM RUN to see if it is indeed running, and if
1002	and inform the system that most I/O operations will be taking place the answer is Y, the system looks at the condition the right motor is
1002	at Port 0. This is a one-time INITIALIZE operation. supposed to have. In this particular example, the answer should be
1002	The first really meaningful step is to query the relevant ele- ] N.
1002	ments of the environment. FETCH ENVL acquires information The three examples cited thus far assume everything is in good
1002	i regarding the control codes that have been previously directed to | operating order, at least one of the two motors is running and |
1002	the motors (bits DO through D3), stall status for both motors (D4, nothing very dramatic happens. The system simply keeps looping
1002	D5), and FEED (D6). The remaining bit (D7) in ENVL is not | around to FETCH ENVL time and time again.
1002	relevant in this case. Now, several things can go wrong to upset this tidy loop, and no
1002	: Information contained in ENVL is then the foundation for matter what the nature of the problem might be, the final result is a
1002	answering a series of questions. First, RUN TOLM: Dothe control | look at the FEED system. Suppose the left motor is supposed to be
1002	bits to the left motor tell it to run? If so, the system determines } running, but it isn’t, as signalled by a N output from LM RUN. This
1002	whether or not the motor is actually running (LM RUN). If the left ; situation breaks up the basic loop and sends the operation to FEED.
1002	motor is not receiving a code that calls for a running operation for that The same sort of thing happens if the left motor is supposed to be
1002	motor, the system then looks to see if the right motor is supposed to ; running, but RM RUN indicates it is not. That also calls up the FEED
1002	be running (RUN TO RM). Ifit turns out that the right motorisalso © | step. And finally, it is possible to break up the basic loop and go to the
1002	getting a code that calls for a running operation (Y from RUN TO FEED question. This happens if both motors are being told to stop.
1002	RM), then that motor is tested to see if it is actually running. In this case, the N output of the first RUN TO LM takes the
1002	Suppose the motor system is receiving valid “run” commands operation directly down to RUN TO RM. If the left motor is not
1002	and both motors are indeed running. The answer to all four questions getting a valid run code, the next step is to see if the right motor is
1002	is “yes,” and the whole business cycles back to check ENVL once getting a valid run code. The N from RUN TO RM leads to another
1002	again. No matter what the combination of running codes might be, inquiry regarding the control code to the left motor; if the motor isn’t
1002	the system shows that the machine will continue doing the same . supposed to be running, the system goes to the FEED question.
1002	thing, at least until one of the four questions is answered with a “no.” ] i
1002	160 . a 161
1003	The second look at RUN TO LM is necessary for the simple 1 The machine isn’t “told” what to do initially. The registers are
1003	reason that RUN TO RM cannot tell whether the left motor is going to come up with garbage in them, and Rodney is either going to
1003	supposed to be running or not. The Y and N replies from the first move in one way or another or, if the “garbage” happens to be a stop
1003	RUN TO LM are joined together (thus indistinguishable) by the time : code, he will stand still only for the few milliseconds it takes the
1003	they reach RUN TO RM. j system to correct this particular state of affairs.
1003	
1003	In summary, the system runs in a loop as long as at least one i So what does Rodney do when he is first turned on? For all
1003	motor is getting a valid run code and the motor(s) that is(are) : practical purposes, he takes off across the floor. Just be sure to keep
1003	
1003	supposed to be running is(are) doing precisely that. The system . your own feet out of the way when you throw the RESET switch off.
1003	immediately checks FEED, however, if either motor is stalled or a What happens when Rodney makes contact with his battery
1003	set of motor-control commands calls for stopping both motors at the | charger? The event is first seen as a stall condition. One or both
1003	same time. motors will stall whenever Rodney first encounters the nest assem-
1003	
1003	FEED is a question that is easily answered by the information bly. What happens after that depends on whether or not the electri-
1003	contained in ENVL—it is the FEED bit from the battery-charger cal connection to the charger is a good one.
1003	terminals. If the system answers FEED with a Y, a stop code is The FEED question in the flowchart in Fig. 10-1 is most
1003	loaded to ACTL. If the machine happens to be trying to move at the relevant to this particular situation. Anytime Rodney stalls, his first
1003	time, it is told to relax and stop trying. | question is, “Am I stalled at my own battery charger?” If the stall |
1003	
1003	If, on the other hand, the reply from FEED is N, the system isn’t due to the nest, or if the connection to the battery charger is a
1003	goes to FETCH RAND. This picks up a random 4-bit number from poor one, FEED outputs a “No” answer. If, on the other hand,
1003	Port 2 and then checks it at VALID to make certain the random the stall is at the nest and the connection to the battery charger is a
1003	number does not represent a stop code. Should the new code be a good one, the answer from FEED is “yes” and Rodney responds by
1003	stop code, the N line from VALID leads back to FETCH RAND switching off his motors.
1003	where the system is told to pick another number. The system How long does Rodney stay at the battery charger? He stays
1003	
1003	continues picking new numbers until a number, other than one | there until the connection is somehow interrupted. Left to his own
1003	representing a stop code, occurs and the answer to VALID is Y. devices, Rodney will remain there forever. If the connection is
1003	OUTPUT NEW ACT then loads the 4-bit number as the | interrupted somehow, the output of FEED is no longer Y, and the
1003	motor-control portion of ACTL, and the machine is told to do some system responds immediately by picking up a response from
1003	sort of motion. Whether or not this new, randomly selected motor FETCH RAND. In fact, one way to keep Rodney quiet and out of the
1003	code actually clears the problem is determined by cycling back to way is to lead him up to the battery charger. He will remain there,
1003	FETCH ENVL and starting all over again. If the new code works, quietly absorbing energy for the battery as long as the supply is
1003	the system enters its most desirable loop. If the new code doesn’t available. Turn it off, even for just an instant, and he’s off and
1003	work, it doesn’t take long for the operations to return to FEED ; running.
1003	where there is a chance a new random number will be selected and My own Alpha Rodney-One spends most of his time resting at
1003	tried. the charger; when I need him for a few hours every day or so, the
1003	We could now delve into some of the finer features of the battery is fully charged. The battery cannot be “overcharged” if you |
1003	flowchart in Fig. 10-1, but it might be more fun and equally instruc- e are using the current-limiting circuit described in an earlier chapter.
1003	tive to consider some commonly asked questions about the scheme. What keeps Rodney from running down his battery before
1003	What will Alpha Rodney-One do when the system is first finding the nest and battery charger? Nothing. There is no way this
1003	started? A certain machine code could be included in INITIALIZE. j Alpha-One system can sense the presence of the charger until
1003	We could, for example, output a fast-forward command to ACTL as ; Rodney makes direct contact with it.
1003	part of INITIALIZE. But, don’t do it! This sort of thing borders on | Rodney is an exceedingly active creature, however, and if his
1003	heresy. An intelligent machine must be told to do something specific : movement is restricted to an average-size room, and the nest is
1003	as rarely as possible. It is bad enough that the scheme already 7 centrally located, he will most likely find it before it’s too late. My
1003	contains such a step in the form of OUTPUT STOP ACT. own unit has never failed to stumble across the charger in time. In
1003	162 ; 163
1004	fact, he usually “finds” it too soon. If your Rodney is spoiling the fun
1004	by finding the nest too often, simply switch off the power to the
1004	battery charger. The nest will then seem to be just another obstacle
1004	to be dealt with.
1004	The XM RUN Routine
1004	Most of the programming for the steps in Fig. 10-1 is quite
1004	simple and straightforward. A notable exception, however, is the
1004	two run-sensing steps, LM RUN and RM RUN. These two opera- |
1004	tions are practically identical, but it turns out that they are more
1004	complex than the main Alpha-One routine.
1004	Recall that the purpose of the LM and RM RUN routines is to
1004	sense whether or not the respective motors are indeed running _
1004	when they are supposed to be running. The process begins by
1004	{ sensing whether or not a light passing through some holes in a motor ;
1004	gear is flashing. If the light is flashing, the gear (and motor) is
1004	turning, but if the light is shining steadily or if there is no light at all,
1004	the motor certainly is not moving. | N
1004	Rather than building and installing a special circuit for detecting
1004	the flashing (or non-flashing) light from the motor speed-sensing 7
1004	circuit, we are going to use a software subroutine. The only 1
1004	hardware that is dedicated to this particular applicationisan LEDand
1004	phototransistor located on or near the gearbox for each motor.
1004	The software operation includes: { Y
1004	| * turning on the light to the motor that is to be checked {
1004	| ¢ picking up a bit from ENVL that signals whether or not the
1004	phototransistor is seeing a flashing light |
1004	i * counting the number of on/off transitions that occur ina |
1004	given period of time and ; |
1004	* generating a flag bit that signals whether or not the motor is j |
1004	turning at a speed fast enough to be considered “OK.” 1 <>
1004	A rather detailed flowchart for the LM and RM RUN opera-
1004	tions appears in Fig. 10-2. For all intents and purposes, the opera-
1004	tions for the two units are identical, so a look at the theory of N
1004	operation for one of them is sufficient. The differences that do exist !
1004	will be reflected in the actual programming. 4
1004	This particular flowchart represents a program subroutine cal- q
1004	led XMRN, where the “X” stands for either an “L” for left motor (RETURN)
1004	sensing or an “R” for right motor sensing. So don’t let this bit of
1004	nomenclature throw you. Some of the other terms on this flowchart
1004	require some special explanation, though. { Fig. 10-2. Flowchart for LMRN and RMRN.
1004	164 : 165
1005	TURN ON FSLX—This means, “Turn on the lamp for either ] seeds
1005	ihe le : fr Suppose it is time to call this subroutine. Again, it might be for
1005	be nag right motor.” The lamps are turned on only when they are either left or right motor tests, it doesn’t make ae Afecaiee at this
1005	TIME 124 Software tine dat OC nodO.S point in the explanation. The first step is to sample the low-order
1005	purpose is to give the motor a chance i“ turn a bit ie em ee, j cH een nA LEE ee eon ep Ed Pip
1005	the output of the phototransistor another time. - Bee ae Py uy ay ee ey
1005	XMS=NMS The question is whether oF wot che etatus UM i ACTL loading operation involving only the FSLL or FSLR bit (D4 or
1005	from the phototransistor is the same as it was on the previous query. i mie er a el bp ne lamp 9) pe) teoeee ie cic aie
1005	If there has been no change in the light level, the answer is Y. If the logic-0 level, while the other bits are allowed to remain as they were
1005	light level has changed, presumably because the motor turnedalittle from nee
1005	bit. the answer is N. The two counters, C COUNT and D COUNT, are initialized at
1005	XMS SAVE—The XMS=XMS operation just described calls the INITIALIZE operation. A 4-bit register, actually the four higher
1005	for a bit that was gathered and stored on an earlier pass through the ey CE Me Mase ematical Uopcncee
1005	operating cycle. The XMS SAVE operationis responsible for storing melee ee saa RB eee :
1005	the phototransistor status bit from the present cycle. ' Immediately after initializing the system, TIME 1 inserts a
1005	| C COUNT The ecteria foc whether or'not the motor 7a short delay, about 0.5 seconds. After the delay the system checks
1005	turning fast enough to be considered running properly is based on a re Soe nE aie isi ene yy sernnc Gad ie el
1005	counting scheme. The scheme includes two counters, C COUNT Te ities . .
1005	being one of them. In this case, the counter keeps track of the 1 : ihe St ueaembseen st lg my iS ona e ee
1005	number of times the system senses a change in light level from one Weeden 5 loyivona eb Gace we ae : Ape boibista lac hd
1005	cycle to the next. been completed at this point in the explanation, it is compared with
1005	CC=0—C COUNT is actially 4'down counter, so each tint ] the 0 value set during the initialization step. If this XMS=XMS
1005	there is a change in light level, the count decrements by one. When __ spore ne cuca te ae sO ibe ate hs eae
1005	the count reaches zero, the system knows a significant number of indication is that the motor has not turned. (Again, this is not a valid
1005	pulses has occurred. A Y output indicates CC has reached zero ee cues ibe ny eo ene he
1005	while an N output says it has not. ? a wiped out iy an ade ddaragr aaa : ee ts a on.) So 5
1005	D COUNT—This is the second counter in thi ' aR Had Nhe virgo Orne neers oa lly ar ee
1005	COUNT keeps track of the total number of let oe o CON ene cian Sai leas aap etanlattne
1005	show any change in light level from the phototransistor or not. | i ee Aes habeas ie seme oY ar a
1005	DCs0-4D COUNT is also a’down edit faF ies count arcu equal. This indicates (on all but this first pass) that the motor has
1005	reaches zero, there is a good chance the motor is not running, orat pris on Dear igs sietle Ni seaaeiaNli cae
1005	least it isn’t running as fast as it should. { i sil Leal ee a » ote etl Aisa Hille
1005	SET NOT OK— Age Q somewhere among the four higher-order bits in :
1005	running as it should b Bil the flag that indicates the motor is not | ee is then decremented one count, indicating a change has
1005	SET OK—Set the cae , : 4 en place. |
1005	properly. flag that indicates the motor is running . i COUNT is normally initialized to something on the order of
1005	| TURN OFF FSLX— 10. If four transitions are noted by the system, C COUNT reaches |
1005	tnotor epeadinenaiie nee off the lamp that was used for the peers senses me condition. On our first pass through the
1005	RETURN—This entire i owchart, however, the count cannot possibly count down to zero.
1005	led from the main Alpha pro a ee In fact, the best it can do is decrement from 4 to 3 which means the
1005	terminated with a RETURN. : j output of CC=0 has to be N.
1005	Those are the special terms used on the flowchart in Fig. 10-2 Bo Oiek te decremented cach tinggi Sydier ant
1005	FETCH ENVL and INITIALIZE have the same meaning they do he occurs, no matter what the output might be. It might decrement as
1005	the main program flowchart in Fig. 10-1. 1 the result of a Y output from XMS=XMS or, more indirectly, as the
1005	166 167
1006	2 : cially when considering that each moment of stall time drains an
1006	
1006	result of an N output and some C COUNT operations. The essential excessive amount of valuable power from the battery. Of course, the
1006	
1006	pointis that D COUNT keeps track of the number of times the whole TIME 1 interval can be shortened. The initial numbers loaded into C
1006	
1006	| subroutine is cycled. COUNT and D COUNT could then be reduced. Before tampering
1006	
1006	D COUNT must be initialized at the beginning with some ia with the specifications listed here, however, look at the overall
1006	number that is larger than the C COUNT number. Loading D #4 picture.
1006	
1006	COUNT with 810 counts would be compatible with 4 counts initially First, consider that these time delays aren’t at all relevant while
1006	loaded into C COUNT. : Rodney is running freely around on the floor. The delays do indeed
1006	
1006	We are getting very close to showing exactly how the counters i | occur, but since Port 0 has an active motor-control code stored in it,
1006	
1006	. and, in fact, the entire scheme works. Suppose that DC=0 results in the delays are never noticed.
1006	an N output—the D COUNT has not counted down to zero. If this is | The delays are noticeable whenever a stall condition occurs.
1006	the case, the entire testing sequence begins once again from TIME The delay is no longer than one D COUNT cycle, though, because
1006	1. As the system cycles around time and again, C COUNT decre- the flowchart in Fig. 10-1 shows that only one of the two XM RUN
1006	ments each time it picks up a change in the XMS bit, but D COUNT subroutines is executed during a stall. The delay in this case is 4
1006	| decrements every time around. seconds at most.
1006	
1006	Here’s the critical question: Which one of the two counters will TIME 1 delays show up in a somewhat different fashion when
1006	reach zero first? Remember that D COUNT is initialized with a Rodney is trying to clear up a stall condition and the code he is trying
1006	number that is larger than the one loaded into C COUNT. Well, the . isn’t working. Under this set of circumstances, the D COUNT and
1006	answer depends on how fast the motor is running. If the motor is not TIME 1 features give the new code up to 4 seconds to work. If it
1006	running at all, C COUNT never decrements and D COUNT will doesn’t work within this amount of time, it’s no good anyway and
1006	certainly reach zero first. In that case, the NOT OK flag is set, the | Rodney picks another motion code.
1006	
1006	LED is switched off, and the program returns to the main Alpha-One For experimental purposes, the TIME 1 delay interval can be
1006	routine, carrying the NOT OK flag with it. shortened, but the initial values of D COUNT and C COUNT cannot
1006	
1006	If, on the other hand, the motor is running properly, CCOUNT be reduced significantly without reducing the reliability of the
1006	will decrement to zero before D COUNT does. As a result of a Y motion-sensing scheme.
1006	from CC=0, the OK flagis set at SET OK, the LED is turned off, and :
1006	
1006	the subroutine returns to the main program with an OK flag. Table 10-1. Summary of Alpha Rodney-1 1/0 and subroutine addresses.
1006	Whenever this subroutine is called again, everything is initialized and } Haitacee Ginn Ades
1006	the counters race each other to zero. PORT-0 (ENVL/ACTL) 0800H
1006	
1006	Before going into the programming details, consider the effect | PORT-2 TSWR 0802H
1006	TIME 1 has on the overall system. This short delay occurs each time ; : : i
1006	XM RUN executes one of its internal loops. The number of looping Fright Maley Maven Genes SLB acs i Poe
1006	operations depends on the number initially loaded into the counter Left Motor Motion Codes: LMF—D1 of Port-0
1006	that reaches zero first. If, for instance, C COUNT is initialized at 4 beter Sf Godes aya A See ENV
1006	and the motor is running properly, the execution time of the sub- : ° RMS—D5 of Port-O ENVL
1006	routine is 4 times the value of the time delay from TIME 1. A ' Stall Test Lamps FSLL—D4 of Port-O ACTL |
1006	0.5-second delay at TIME 1 would be a total execution time of about Foleo oF Pome AeTr |
1006	2 seconds. If a motor is running, it takes about 2 seconds to deter- . Software-Oriented Addresses ;
1006	mine this fact. If the motor is not running, D COUNT has to | tent ace RO eee program)—-0000H
1006	
1006	decrement about 8 counts before the cycling can be completed, and RTLM—0100 (RUN TO LM)
1006	that takes about 4 seconds. RTRM—0110 (RUN TO RM)
1006	LMRN—0150 (LM RUN)
1006	Time Delays In Perspective RMRN—0250 (RM RUN)
1006	At first thought, these rather long execution times for the XM el a
1006	RUN subroutine might seem to pose something of a problem, espe- , rea
1006	; 169
1006	168
1007	| i i = rogram, but it
1007	THE ALPHA RODNEY-ONE PROGRAM This completes the main Alpha Rodney-One program,
1007	Viae | : i cannot be properly run until the called subroutines are programmed
1007	t bang — a lope lnidiatopa sige si re v6: epee ; into the system. The subroutines required are as follows: RTLM
1007	Steps 1s not appropriate or a book of this type. The proerany 1s j (RUN TO LM), RTRM (RUN TO RM), LMRN (LM RUN), RMRN
1007	presented in something of an assembly language format that includes y (RM RUN), and FETR (FETCH RAND).
1007	brief step-by-step comments. Experimenters who have acquainted )
1007	themselves with the 8085 instruction set will be able to determine Subroutines RTLM and RTRM
1007	the exact procedures for themselves and even insert modifications i a RTLM:
1007	and some improvements.
1007	The programs and subroutines ought to be studied, at least ecae ihe
1007	comparing them with the flowcharts, before beginning the actual | 100 47 Mov BA ‘SAVE AINB
1007	programming operation. This will certainly give you a better ap- : 101 87 ADD A ‘SHIFT LEFT TO LINE UP
1007	preciation for what is happening and, more importantly, provide the EME ANT a
1007	nae ! : : A 102 A8 XRA B ‘-EXOR TO COMPARE BIT
1007	insight you will need for any software troubleshooting that might be q ‘VALUES
1007	necessary. 103 E6 02 ANI 02H ‘ISOLATE LM BIT
1007	j IF Y, THEN NZ
1007	" IFN, THEN Z
1007	ALPH1: 105 C9 RET ;RETURN
1007	;BEGIN INITIALIZE ‘END OF RTLM
1007	000 31 FF 03 LXISP, TOPS _ ;INITIALIZE STACK ; RTRM:
1007	;AT TOP ‘START WITH STATUS WORD
1007	003 21 00 08 LXIH, PORTO — INITIALIZE H,L FOR } “IN REGISTER A
1007	;PORT-0 OPERATIONS I 110 47 MOV BA ‘SAVE A INB
1007	006 7E FETEN MOV A,M ; 111. 87 ADD A ‘SHIFT LEFT TO LINE UP
1007	q 007 CD 00 01 CALL  RTLM _ ;CALL “RUN TOLM” f -RMR AND RMF
1007	00A CA 16 00 Jz RURM __ ;IF N, JUMP TO “RUN 112 A8 XRA B -EXOR TO COMPARE BIT
1007	;TO RM” ‘VALUES
1007	00D CD 50 01 CALL LMRN _ ;ELSE CALL “LM RUN” 113 E6 08 ANI 08H ‘ISOLATE RM BIT
1007	010 78 MOV A.C ,FETCH STALL FLAG IF Y, THEN NZ
1007	011 E6 10 ANI 10H ‘ISOLATE STALL FLAG ‘IFN, THEN Z
1007	013 CA 29 00 Juz FEED __ IF N, JUMP TO “FEED” , a 115 RET RETURN
1007	016 CD 1001 ;RURM CALL ~ ATRM ‘END OF RTRM
1007	019 C2 3A 00 JNZ RULM2 __ ;IF N, JUMP TO SECOND
1007	“RUN TO LM” | :
1007	01C CD 5002;RMN CALL AMRN _ :ELSE CALL “RM RUN” Subroutines for LMRN and RMRN
1007	O1F 79 4 ’ ; : ih ‘ : :
1007	ey he oe Elton bike Consider the following register definitions while studying this
1007	020 E6 10 ANI 10H ISOLATE STALL FLAG : ae }
1007	022 CA 29 00 Jz FEED __ ;IF N, JUMP TO “FEED” { subroutine: C COUNT is in D0-D3 of register C, XMS status
1007	es BLINN cul memory is in D4-D7 of register C, D COUNT is in DO-D3 of register
1007	“FETCH ENVL” | 3 : :
1007	028 00 NOP s D, and OK/NOT OK flag is D4 of register C.
1007	029 7E FEED MOV AM ‘FETCH ENVL a LMRN:
1007	02A E6 40 ANI 40H ISOLATE FEED BIT 3 150 7E MOV A.M FETCH ENVL”
1007	02C CA 34 00 nz FTR IF N, JUMP TO “FETCH 4 151 E6 EF ANI EFH ‘SET FSLL BIT TO ZERO
1007	“RAND” 1 153 77 MOV MA “TURN ON FSLL”
1007	02F 36 FO MVI M,FOH “OUTPUT STOP ACT” 154 OE 04 MVI C,04H _; INITIALIZE C COUNT
1007	031 C3 06 00 JMP FETEN = ;RETURN TO “FETCH ENVL” ;AND LMS STATUS MEMORY
1007	034 CD 50 03 ;>FTR CALL = FETR } 156 16 08 MVI D,08H INITIALIZE D COUNT
1007	037 C3 06 00 JMP FETEN  ;RETURN TO “FETCH ENVL” ;
1007	038A CD 00 01 ;RULM2 CALL  ATLM f 158 CD 0003 ;CTIM CALL _ TIME
1007	03D C2 1C 00 JNZ RMN IF Y, JUMP TO “RM RUN” 15B 7E MOV A.M “FETCH ENVL”
1007	040 C3 29 00 JMP FEED _ ;ELSE JUMP TO “FEED” i a 15C AQ XRA c ;EX-OR TO COMPARE BIT
1007	-END : 4 VALUES
1007	170 ; 171
1008	15D E6 10 AN) 10H_—SOLATE LMS BIT—IF | ae fe ae Tepe o
1008	;SAME,Z. IF NOT SAME, il by A
1008	NZ ;
1008	15F CA 6B 01 JZ DCONT  :iF Y, THEN JUMP TO a, |
1008	"COUNT" 276 OE 10 ;SETOK2 MVI C,10H |
1008	162 AQ XRA c ‘ELSE RESTORE NEW 278 C3 71 02 JMP TOFL2 JUMP TO “TURN OFF FSLR |
1008	AGT ‘END OF RMRN
1008	163 4F MOV GA “SAVE LMS” : |
1008	164 E6 OF ANI OFH ‘ISOLATE C COUNT TIME | Se |
1008	166 3D DCR A :DECREMENT A ‘ |
1008	167 CA 76 01 WZ SETOK IF Z, JUMP TO “SET OK" pow ul ee |
1008	16A OD DCR c *C COUNT” ; } |
1008	ce ye ‘CONT DCR a 302 1E FF ;SETE MVI E, FFH |
1008	16C C2 58 01 JNZ CTIM. JUMP BACK TO “TIME 1” | niin ee a ag POUT Eeanr oe
1008	IFN i
1008	i OE 60 ENR OM Can 305 C2 04 03 JNZ DCRE «IF NZ, DECREMENT E AGAIN
1008	171 7E TOFL MOV AM . paged BES ire panies atl
1008	172 F6 FO OR}  FOH _—_ SET FSLL BIT TO ONE bod oan Wh PE
1008	174 77 MOV MA "TURN OF FSLL” | ‘COUNT CYCLE
1008	175 C9 RET ;RETURN—D4 OF C IS NZ j i
1008	IF LEFT MOTOR IS 30C C9 RET ‘ELSE RETURN
1008	: ‘END OF TIME1
1008	TURNING, |
1008	‘ELSE Z { :
1008	| 176 OE 10 <SETOK MVI  C10H__s; . FETR Subroutine
1008	178 C3 71 01 JMP TOFL. lle ae, OFF FSLL” The FETR subroutine includes selecting a valid random
1008	‘ ; number and outputting it to ACTL as a new response to a stall
1008	; : condition.
1008	RMRN: FETR:
1008	250 7E MOV AM “FETCH ENVL” 350 3A 02 08 LDA TSWR — :FETCH RANDOM NUMBER
1008	251 E6 DF ANI DFH :SET FSLR BIT TO ZERO FROM
1008	253 77 MOV MA “TURN ON FSLR” ‘PORT 2
1008	254 0E 04 MVI C,04H _ INITIALIZE C COUNT AND ‘BEGIN “VALID”
1008	RMS STATUS MEMORY 353 4F MOV CA :SAVE TSWR IN GC
1008	256 16 08 MVI D,08H _ INITIALIZE D COUNT 354 CD 00 01 CALL = RTLM
1008	258 CD 00 03 ;CTIM2 CALL TIME1 357 C2 64 03 JNZ ONAC IF Y, THEN JUMP TO
1008	25B 7E : MOV AM “FETCH ENVL” A “OUTPUT NEW ACT”
1008	25C AQ / XRA c ;EX-OR TO COMPARE E 35A 79 MOV A.C ‘ELSE FETCH TSWR
1008	; BIT VALUES FROM C
1008	25D E6 20 ANI 20H ISOLATE RMS BIT— : 35B CD 10 01 CALL RTRM _ ;CHECK RIGHT MOTOR
1008	IF SAME, ; CODE
1008	i. IF NOT SAME, NZ 35E C2 64 03 JNZ ONAC _ ;IF Y, THEN JUMP TO
1008	25F CA 6B 02 Jz DCONT2_ IF Y, THEN JUMP TO “OUTPUT NEW ACT”
1008	;“D COUNT” 361 C3 50 03 JMP FETR  ;ELSE FETCH NEW RANDOM
1008	262 AQ XRA c ;ELSE RESTORE NEW RMS BIT ‘/NUMBER
1008	263 4F MOV GA “SAVE LMS” 364 7E ‘ONAC MOV AM
1008	264 E6 OF ANI OFH ISOLATE C COUNT 365 F6 FO ORI FOH ‘SET ACTL
1008	266 3D DCR A :;DECREMENT A 367 77 MOV MA “OUTPUT NEW ACT”
1008	267 CA 76 02 Juz SETOK2 IF Z, JUMP TO “SET OK” 368 C9 RET ‘RETURN
1008	26A OD DCR Cc “© COUNT”
1008	26B 15 ;DCONT2 DCR D
1008	; 26C C2 58 02 JNZ CTIM2 IF N, JUMP BACK TO j FIRING UP ALPHA RODNEY-ONE
1008	“TIME 1” : : :
1008	26F OE 00 ;SNOK2 MVI COOH + 1 Load the program and subroutines listed in the previous sec-
1008	al o ;TOFL2 oid aise scars) j tions. If you have the patience to do so, it is a good idea to run
1008	oa MOV MA TURN OFF FSL” through the addresses to doublecheck the data content of the pro- |
1008	172 173
1100	gram memory before running the program. Make sure the RESET :
1100	switch is in its RESET position, throw the RUN/PROGRAM switch
1100	to RUN, and then turn off the RESET switch. :
1100	If the program is loaded properly, Rodney will respond im- '
1100	mediately, jumping off into some kind of motion. Let him run for 3 i k
1100	about 10 seconds. If he doesn’t run into an immovable object by then, | 7 Addin 9g Main M emory
1100	. grab him and hold on tightly. In either case, he should start picking
1100	random motions to get away from the situation.
1100	| If you lift Rodney up from the floor while he is running freely, his An d £ Loo k At Beta Rod n ey
1100	motors should continue running in the same directions. Observe 1
1100	Rodney’s behavior carefully, making sure both motors are stopping, !
1100	running forward and in reverse at one time or another. Both motors : ey : : :
1100	| should stop at the same time only when Rodney is feeding at the While Alpha Rodney does exhibit some interesting behavioral
1100	nest. i characteristics, one really has to stretch the definition of intelligence
1100	After making certain the nest is energized, coax Rodney toward j to make it fit an Alpha-Class machine. The intelligence is there, of
1100	it. This can be done by grabbing him tightly until he picks amotion course, but it operates on such a primitive level that little of signifi-
1100	code that carries him in the general direction of the nest. Remember ! cance comes from it. ‘
1100	that Alpha Rodney-One has no provisions for actively seeking out A Beta-Class machine uses the Alpha-Class mechanisms, but
1100	the nest himself. | extends them to include some memory—memory of responses that
1100	Upon making firm contact with the charge rings at the nest, 1 worked successfully in the past. The main purpose of this chapter is
1100	both motors should stop. One way to get him moving againis to pull to extend the intelligence level of your own Rodney machine and get
1100	him away from the nest. Will he immediately return to the nest? , | it operating on a Beta-Class level. You are going to be adding more
1100	That’s hard to say; probably not. , 3 parts to the CPU board, and there is a lot more programming to do
1100	A second, and perhaps more meaningful way to get Rodney but it's certainly worth the effort.
1100	away from the nest is to turn off the battery charger. He will ]
1100	immediately perceive the nest as an obstacle aie nie generating i THE MAIN-MEMORY SYSTEM lost
1100	random motions to get away from it. a The main-memory system is something quite different from the
1100	If, heaven forbid, something should go wrong and Rodney’s j program memory you have been using. The program memory is the
1100	program “spaces out,” simply switch on the RESET switch. That 1 a storage place for Rodney’s basic operating programs — programs
1100	will restart the entire program when you subsequently turn off the | a that are somewhat analogous to intuition or the subconscious in
1100	RESET switch. The RESET switchis Rodney’s “panic button.” Ifhe higher-level animals. The main memory is the seat of Rodney's
1100	starts shaking, buzzing, and clicking and doing all sorts of meaning- knowledge and, in the case of Beta-Class machines, this means
1100	less things, it is time to hit that panic button. , a knowledge that is gained only by direct experience with the envi-
1100	If the crazy behavior continues, even after trying a couple of | ; ronment. A Beta-Class machine still relies on Alpha-like random
1100	resets, it is time to doublecheck the program memory. Put the ; a responses in the early going but after experiencing some life and
1100	system into the PROGRAM mode and run through all the addresses problem solving, knowledge in the main memory becomes dominant
1100	relevant to the Alpha-One programming. Correct any errors that q over the more primitive Alpha-Class reflex actions. ’
1100	might have cropped up in the data portion of the program. | Fig. 11-1 shows, in a block-diagram fashion, how the main
1100	4 memory fits into the data-bus system already built into the system.
1100	) 4 The main memory, itself, is composed of eight 1 X 4096 static
1100	. | RAMs, type 2141, to be exact. One byte (8 bits) of data is written
1100	) | into or read out of this main memory system as Port 6 operations.
1100	. The function enabling signal is CSMM (see Fig. 6-4). Note in Fig.
1100	174 ( . 175
1101	b
1101	11-1 that the main memory chips are addressed from a special
1101	address bus. This main memory address bus is a full 16-bit bus j g
1101	capable of addressing more than 65k memory locations. Only 4k is ‘ 0
1101	specified here, however. The Rodney system can be expanded to j me
1101	accommodate a 65k main memory, and experimenters who have f eas
1101	the will and know-how to carry out this expansion are certainly 5
1101	encouraged to do so. However, back to the main memory address @ caer jz =
1101	bus. A separate bus is needed because it uses too many bits (even at — msl GE, faa fe
1101	the basic 4k level) to be addressed directly from the microprocessor. 4 2 =z a ll e on
1101	Yes, the microprocessor has enough address lines for a 65k main /@g = Fi a O |
1101	memory, but then there wouldn’t be any address space left for the | 3 at © N fo)
1101	' program memory and function-select operations. So we must use a | 5 5 vy
1101	separate address bus. q = =
1101	Now, here’s the next question: How can we generate a 16-bit a So ees
1101	main memory address from an 8-bit microprocessor system? Well, = = a D Lh E
1101	the job requires two data output ports. Look at the 8-bit data latches | | Ni N 2)
1101	in Fig. 11-1 labeled as Z120 and Z118. These are actually data output ; ean eS a ae
1101	ports 4 and 5 respectively.
1101	Addressing the main memory is thus a 2-step operation: First
1101	load the lower 8 bits from the data bus through output port 4 (Z120) 1 es |
1101	i and then load the upper 8 bits from the data bus through output port 5 || o> D A B
1101	(Z118). A 16-bit address appears on the main memory address 0 | a rs O
1101	bus (MAO-MA15) after those two operations are completed. s ge RS oo o
1101	As mentioned in the opening chapters of this book, higher order ‘ fe) i a
1101	machine intelligence ought to have some sort of short-term = = ee
1101	memory—a small memory that is capable of remembering what had j oO os to < 5 z
1101	been happening in the world just before the world undergoes a a $ 00 5 = = 2 S
1101	| change. A response that is appropriate at one given moment is often 4 oO c E = iu fe
1101	contingent upon what was happening a moment before. The output j ie oa © - fo) H = |
1101	functions of Ports 4 and 5 serve as the system’s short-term memory PS “as 3
1101	as well as sources of main-memory address information. Q 3
1101	Merely storing this main-memory addressing information is not > ou oN
1101	enough as far as short-term memory functions are concerned. There 5 O= 3 A
1101	has to be some way to recover the information without disturbing the } = re NI =
1101	main memory itself. This is accomplished by the input functions of = LS he ee s ee z
1101	Ports 4 and 5. Whenever the system calls for reading the 8 lower bits Z <= | ©
1101	of main memory address IOR4 from the I/O select circuitry goes to x = g
1101	logic 0 and main-memory address bits MAO through MA7 go onto 2 S ean es x
1101	the system’s data bus. See the block designated Z121 and 4%-Z122 in = 9 5 S a
1101	Fig. 11-1. — & = =
1101	The 8 higher-order main-memory address bits, MA8 through a | joo = :
1101	MA\15, are placed onto the data bus whenever IOR5 goes to logic 0. { el
1101	176 177
1102	This Port-5 input function is carried out in the block labeled Z119 and
1102	¥-71191. | BN ie
1102	Summarizing the function of Ports 4 and 5, it can be said their 3 2 ce
1102	output functions both address the main memory and deposit informa- a MAI"
1102	tion for short-term memory operations. The only purpose of the D2 kd Lo MA2|
1102	input functions of Ports 4 and 5 is to recover short-term memory oe an | eed ins
1102	information whenever it is needed. ‘ D4 41 hs! 7190 2 a MA4
1102	Inany event, Port 4 handles the lower-order 8 bits, while Port5 . DS wpeptebe ‘LS373 Ee MAS
1102	deals exclusively with the higher-order 8 bits. The main memory D6 Srainteha ones | | MA6.
1102	addressing and short-term memory are 2-byte, 16-bit operations. ia al a ee
1102	Port 6 is divided between a couple of different functions. Its lows
1102	output or write function is to provide 8-bit data to the data input 710)
1102	connections of the main-memory system. Note the TOW6 signal i
1102	connected to the enabling terminal of the block designated %-Z122
1102	and ¥%-Z1191. The input or read function of Port 6 is tucked away in
1102	the CSMM function-select signal. This signal, along with the Port-6
1102	write signal, enables the main memory. - 3 wei |
1102	All of this means that the main memory ICs are enabled for Peg Z124
1102	ee ay : Port-6 operation. Data to be stored in the memory i Peer ‘LS367
1102	0 = 7) is only available, however, during a Port-6 write _ al 4 |
1102	operation. i j pains
1102	And finally, the R/W signal to the main memory ICs determines :
1102	whether the memory will accept new data or write previously stored 8
1102	data onto the system’s main data bus. a
1102	These newer 2141 memory chips have been selected for the { i
1102	main memory because they have a nice power-down feature. 5 2 MDO-
1102	Whenever they aren’t being selected by a logic 0 at CSMM, they Pf neh MD1,
1102	automatically power down toa very low level of power dissipation. If psf ~ MD2
1102	it were not for this feature, you would have to add another 5V- rip8 MD3
1102	regulator just to power the main memory functions onalong-term __ ‘LS367 ae)
1102	basis. j ‘ges
1102	iow
1102	ADDING MAIN MEMORY TO THE CPU BOARD 5 a
1102	All of the components for the main memory system fit onto the = TORS |
1102	existing CPU board. The detailed schematics are shown in Figs.
1102	11-2, 11-3, and 11-4. A suggested parts layout appears in Fig. 11-5
1102	and you will find the parts list for these additional components in Fig. 11-2. Low-order main-memory schematic diagram.
1102	Table 11-1. |
1102	The circuit in Fig. 11-2 is that of the lower-order operations, errors. This circuit handles Port-5 functions and the remainder of
1102	consisting of all Port-4 functions as well as a section of Port-6 writing the Port-6 writing operation.
1102	operations. The circuit in Fig. 11-3 practically identical, so itis The circuit in Fig. 11-3 calls for some special attention. It is
1102	most important to note the differences before making some wiring i only a partial schematic, one showing just two of the eight main-
1102	178 179
1103	A 100pF capacitor, C108, appears on the circuit layout diagram
1103	in Fig. 11-4, but it does not appear on any of the schematics. I’m
1103	- & sorry, but I did this to catch your attention. The negative terminal of
1103	f5V-B C108 can be soldered to the COMM line along the top of the CPU
1103	20 board. Its positive terminal must go as close as possible to the
1103	| bo MAB ;
1103	Dt MAg ]
1103	D2 | 17] et MA10 i
1103	ma ee ea ae a wat 18
1103	D4 i lcecheeall LS373 a Pon RI MA12 4 | il
1103	| a el i ee
1103	| a COP be cA mikes
1103	pi i OT et RC io TT TT TT owas Pee
1103	One| ipere tear GO es a
1103	4
1103	710) | Mas a ee ee
1103	i MA6 OU ae Oe) ee
1103	} MAT PR ee oe
1103	- @! MAS 2 Cs TF Ce =|
1103	MAQ it ss a a a]
1103	| z119 a avon eh eae | Bi,
1103	| 15067 | be nema Oe MS ag
1103	.
1103	{
1103	i 4 +5V-B 9
1103	“L Ne,
1103	' 1
1103	16 +5V-B | oa |
1103	3 2
1103	MD4 |
1103	eae wee
1103	| nis elo rs
1103	cn nai caaee Figen curs ct S| Z124
1103	ea MD7 a el zat
1103	‘nent | Ti
1103	| ee he BED
1103	| | | 45
1103	ree Taal
1103	L GRS 4 AEE Le Di
1103	q inGE Jie MD1
1103	} Connections to 2125 through 2130 |_[10,}
1103	4 are identical except: al
1103	Raa yi Z125 pin 7 to D2, pin 11 to MD2 s
1103	Fig. 11-3. High-order main-memory schematic diagram. { Z126 pin 7 to D3, pin 11 to MD3 BA 5
1103	i i | ‘ 2127 pin 7 to D4, pin 11 to MD4 O's =
1103	memory RAMs. Wire the two as shown on the schematic (Z123 and 7128 i 7 to DS, a 11 to MDS i
1103	Z124), then use the chart in Fig. 11-3 as a guide for wiring the rest of Z129 pin 7 to D6, pin 11 to MD6
1103	the ICs (Z125 through Z130). As noted on the table, only the 2130 pin 7 to D7, pin 11 to MD7
1103	connections to pins 7 and 11 are different for each of these eight
1103	RAMs. Y Fig. 11-4. Main memory RAM schematic diagram.
1104	' memory at some address that is not clearly specified at this point.
1104	Load a main-memory address such as 0000H. This is going to be a
1104	CPU BOARD o | 2-phase operation because it calls for generating a 2-byte address
1104	(BOARD 100) + _ from a 1-byte data bus. Start by addressing Port 4 (804H) on the
1104	address switches and setting the data switches to 00H. Momentarily
1104	j depress the LOAD pushbutton and then note the condition of the
1104	° ¢ ae as : i ) data lamps. The data lamps should show 00H, thus confirming
1104	2 ms i © a 2 2 9 { proper entry of the 8 lower-order, main-memory address bits.
1104	. NIINTIN NIN NLL MeN Now, set the address switches for Port-5 operations (805H),
1104	make sure the data switches are still at 00H, and momentarily
1104	' depress the LOAD pushbutton. Again, the data lamps should con-
1104	Re ie : i firm a 00H entry. |
1104	S172 1/2418 ey | At this point, the main memory is being addressed with 0000H. |
1104	NPE N ITN { Now set the address switches for Port 6 (806H) again. What you see
1104	on the data lamps is the contents of the main memory at 0000H. You
1104	: ought to be able to change this data by simply setting the data
1104	Q a . 7 switches to some desired configuration and momentarily depressing
1104	Oe ee ea the LOAD pushbutton.
1104	This is certainly a drawn-out process, and it is certainly not a
1104	practical one for checking out the main memory system completely.
1104	! If everything has worked as described thus far, you can be reasona-
1104	; bly certain things are going in the right direction for you.
1104	Fig. 11-5. Suggested layout of main memory on the CPU board. Some Programmed Tests
1104	pin-18, +5V-B connection of RAM Z126 or Z127. This capacitor Figure 11-6 is the flowchart for a dynamic diagnostic test of the
1104	serves as a “bulk decoupler” for the rather extensive main-memory entire main-memory system, including the short-term memory fea-
1104	system. | ture. The general idea is to load a MMAL address at Port 4, then
1104	CHECKING THE MAIN-MEMORY SYSTEM read that stored data to see if it matches the original. If it does not,
1104	; , the system lights up all the motor status lamps and goes intoa HALT
1104	The main-memory system can be tested from either the front mode. If, on the other hand, there is a good match between the
1104	) panel or by entering a simple diagnostic program into the program MMAL information which was loaded and then retrieved, a MMAH
1104	memory. The first test is a static test suitable for locating any gross byte is loaded at Port 5. This information is also checked for a good
1104	troubles such as poor solder connections, missing wires, and the | match and if there is something wrong with the process, the system
1104	like. The second test is a dynamic test that confirms the results of turns on the motor status lamps and does an automatic HALT.
1104	the first one and gives you the confidence you need to enter Beta- Otherwise, a set of 0s or 1s is loaded into the main-memory data
1104	Class programs. port, Port 6. Like the address ports, this data port is also read and
1104	Front-Panel Tests ; Table 11-1. Additional parts for the CPU board.
1104	Power up the Rodney system, preferably from the auxiliary :
1104	power supply, RESET the microprocessor, and set the system to its ? Bal erie praecil ane
1104	PROGRAM mode. Now, you can take a look at the content of the 8 ea. 2141 4096x1 static RAM
1104	main memory by setting the panel address switches to the Port-6 : i
1104	address, 806H. The data lamps then indicate the content of the C108, 100uF, 16WVDC electrolytic capacitor (Jameco)
1104	182 183
1105	’ If the MMAL, MMAH and MMD (main-memory data) all load
1105	1 , and read out properly, the system automatically moves on to the
1105	q next set of addresses. As long as everything goes according to
1105	specifications, the system systematically checks all 65k of main
1105	» | memory addressing and data. When the job is completed success-
1105	} fully, the motor status lamps respond by flashing on and off. The
1105	q lamps continue flashing in this fashion until you either interrupt
1105	} power to the system or turn on the RESET switch on the front
1105	y This process ought to be carried out at least two times; once
1105	N 7 loading all 0’s into the main memory, and then again loading all 1’s.
1105	The tests should be conducted with the motors switched off at the
1105	<oK> | motor-control panel. Otherwise, Rodney will go through some
1105	q strange gyrations if anything goes wrong.
1105	i Assuming you have loaded the prescribed diagnostic program,
1105	j you must determine whether you should load 0s or 1s before running
1105	4 : the diagnostic. So just before starting to run the program, address |
1105	< 7 program memory location 0200H and LOAD data 00H (for Os test) or |
1105	| FFH (for 1s test). |
1105	{ After that, you start the test by setting RUN/PROGRAM to |
1105	1 RUN and switching off the RESET switch. If all is going well, there |
1105	will be some time delay before the motor status lamps begin flashing
1105	] onand off. If and when that happens, you are ready to begin working
1105	i with Beta Rodney-One. But, if the motor status lamps go on and stay |
1105	oes ] on, there is a problem in the main-memory system that has to be |
1105	{ resolved. |
1105	. 4 In the event of a problem, doublecheck all the wiring and wrap )
1105	<En> Y ‘ connections, even though the static tests would most likely uncover |
1105	i such troubles. If this visual inspection doesn’t uncover the problem, |
1105	| add decoupling capacitors (something between 0.01uF and 0.1uF) |
1105	LIGHT ACT j between the Vcc and COMM pins of all the main memory IC chips. |
1105	LAMP LAMP } Sorry, but anyone building up microprocessor memory systems |
1105	4 from scratch has to go through this, it all comes with the territory.
1105	i Here is the main memory diagnostic program and its sub-
1105	Oe HALT : routines:
1105	Fig. 11-6. Main memory diagnostic program flowchart. | i 000 31 3F 03 iil LXI SP, TOPS ;SET STACK POINTER
1105	compared with the original information to see ifitloaded and readout _ ye ‘2 6 e ea ee “TURN OFF MOTOR
1105	properly. A bad match, as far is the data is concerned, throws the STATUS LAMPS
1105	system into its HALT mode, as signalled by all motor status lamps oe fl oe Re Beer ‘FETCH DATA CODE
1105	furning on. | TO BE TESTED ,
1105	184 185 :
1106	00C 01 FF FF LXI B,TOPMM INITIALIZE MMA POINTER | ie geuiianes
1106	OOF 21 00 04 START LXI H,PORT4 INITIALIZE PORT POINTER wee Bet HALT TG VES) UNTIL
1106	002 CD 00 01 CALL ADRAK ;MANUALLY RESET
1106	005 C4 50 01 CNZ NOTOK _ ;IF BAD CHECK,
1106	CALL“LIGHT GOK
1106	“ACT LAMPS" AND HALT a 250 AF Mea OK ;CLEAR REGISTER A
1106	008 CD 00 02 CALL DECRAD ELSE SET NEXT MMA ; bs ee nahn a Hy EORTO POINT TO PORTO
1106	00B CC 50 02 Cz 254 1E 08 ;SETE  MvVI E,08H _; INITIALIZE E COUNTER
1106	ISOK _—_;IF TEST IS DONE, CALL a
1106	ELASH ACT LAMPS” : 256 06 FF ;SETB- MV! B,FFH __ ;INITIALIZE B COUNTER
1106	00E C3 0A 00 UMP START ‘ELSE CYCLE AGAIN a 258 OF FF ;SETC MvVI C,FFH _ INITIALIZE C COUNTER
1106	‘END OF MAIN PROGRAM 25A 0D ‘DECC DCR C ;DECREMENT C COUNTER
1106	| | 25B C2 5A 02 JNZ DECC _;IF NOT ZERO,DECREMENT
1106	TOPS EQU 033FH - “AGAIN
1106	TCOD EQU 0200H . 25F 05 DCR B ;ELSE DECREMENT B COUNTER
1106	TOPMM EQU FFFFH 260 C2 58 02 SNZ SETC _;IF NOTZERO, RESET
1106	PORTO EQU 0800H : ;C COUNTER AND DO AGAIN
1106	PORT4 EQU 0804H 263 1D DCR o£ ,ELSE DECREMENT E COUNTER
1106	PORTS EQU 0805H 264 C2 56 02 JNZ SETB _;IF NOT ZERO, RESET
1106	PORT6 EQU 0806H ;B COUNTER AND DO AGAIN
1106	ORG EQU 0000H . 267 2F CMA ,ELSE COMPLEMENT A
1106	ADRK EQU 0100H 268 77 MOV MA ;CHANGE LAMP STATUS
1106	NOTOK EQU 0150H 269 C3 54 02 JMP SETE —;AND_ REPEAT ENTIRE CYCLE
1106	DECRAD EQU 0200H ;END OF ISOK
1106	ISOK EQU 0250H DECRAD:
1106	200 OD DCR 6C ;DECREMENT MMAL POINTER
1106	ADRK: 201 CO RNZ IF NOT ZERO,
1106	100 71 MOV M,C — ;LOAD MMAL AT PORT 4 { ee
1106	101 79 MOV C
1106	, eer 202 05 pCR =—o«B [ELSE DECREMENT MMAH
1106	aor MMAL POINTER Fosse
1106	e CMP oM ;COMP
1106	peal lane Gs . 203 C8 RZ IF ZERO, RETURN
1106	103 CO RNZ ‘RET! WITH Z
1106	NOT may ad . 3 204 06 FF MVI B,FFH — ;ELSE RESET MMAL
1106	104 2C INR L POINTER
1106	| edt ele aaalliaes alah) 206 C9 RET ;AND RETURN WITH NZ
1106	;PORT 5
1106	105 70 MOV MB {LOAD MMAH AT PORT 5 ; : bi END OF DECHAD
1106	106 78 MOV AB ;FETCH MMAH FROM ‘ This completes the listing of the main memory diagnostic prog-
1106	del ala mell U | ram. Good luck.
1106	107 BE CMP = M ;COMPARE MMAH
1106	WITH ORIGINAL .
1106	108 Co RNZ ;RETURN WITH NZ RUNNING BETA RODNEY
1106	109 2c INR . Pome ie PORT 1 The essence of the Alpha-Class version of machine intelligence
1106	POINTER ‘ is its purely reflexive and largely random behavior. Beta-Class
1106	Av PK ee OER © ‘ j machines implement the primary features of the Alpha-Class ver-
1106	a Hes oO aii stale ia sions, but extend them to include remembering responses, presum-
1106	10B 77 MOV MA ;LOAD DATA AT ' ably responses that were most successful in the past. |
1106	nde. bE ce 4 PORT 6 | @ The main-memory circuitry you have just assembled and tested |
1106	rn ee i eed @ gives Rodney the basic equipment he needs for functioning as a more
1106	10D CO RNZ ;RETURN WITH NZ , | efficient machine. The thing to watch for in this mode of behavior is
1106	10E C9 RET HED! Saute : 3 how effective his work becomes with increasing levels of experi- |
1106	NTOK: ioe ne aes . 4 ence. He will start out acting just like Alpha Rodney-One but as
1106	150 21 00 08 LXI H,PORTO ;POINT TO PORT 0 knowledge accumulates in his main memory, the machine will spend
1106	153 36 OF MVI M,OFH — ;SET FOR “LIGHT ACT far less time dealing with stall situations and a great deal more time
1106	if
1106	186 ; 187
1107	running freely around the room. q
1107	"The Rodney Beta-One software described in this chapter does
1107	not include any special provisions that force Rodney to actively seek
1107	out his battery charger. Like the Alpha version, he willfindit only by
1107	_ accident. But (and this is an important point) you will find Beta 1 3
1107	Rodney is far more effective at finding the battery charger. Whyis
1107	that? Because he spends more time criss-crossing the room, andthe !
1107	more time he spends running freely, the greater the chances of _
1107	stumbling across the battery charger. Beta Rodney, inother words, _
1107	is amore efficient creature in terms of caring for his ownsurvival.He
1107	is a higher-order creature on the evolutionary scale of machine
1107	intelligence. ‘ |
1107	Beta Rodney is ot specifically programmed to find his battery Y |
1107	charger any better than Alpha Rodney—note this statement very |
1107	carefully. The addition of some memory makes Beta Rodney run
1107	more effectively, and by running more effectively, he has a better _
1107	chance of finding the battery charger in a shorter period of time.
1107	So the Beta Rodney-One programming presented here willgive
1107	your machine a greater amount of effectiveness when it comes to __
1107	survival. Bear than in mind while loading this rather lengthy and
1107	sometimes tedious program. i BEFORE
1107	The flowchart in Fig. 11-7 represents an overall view of the oi
1107	Beta Rodney-One program. As in the case of the simpler Alpha
1107	program in Chapter 10, it is important to understand the basic mode , Y <>
1107	of behavior and some definitions are called for before anything else. !
1107	f
1107	Definitions of Special Terms and Acronyms :
1107	INITIALIZE—A housekeeping operation which initializes the
1107	microprocessor’s stack pointer to the top of the program RAM. i <on>
1107	CLEAR MM—This operation clears the contents of the main
1107	memory to zeros. Rodney thus begins with absolutely no knowledge
1107	conoettting the rays af the warldand how to deal witht Leche Tati sere
1107	memory were not completely erased in this fashion, it would be full _
1107	of random garbage. Rodney would certainly respond to this garbage, } — |
1107	but isn’t it always better to start a project knowing nothing at allthan
1107	to begin with your head full of a lot of misinformation? ,
1107	RUN ALPHA-PLEX—This is a rather extensive subroutine (
1107	that includes most of the features of an Alpha-Class machine. Virtu-
1107	ally all of the operations in RUN ALPHA-PLEX come directly from q
1107	Alpha Rodney-One, but it serves two different purposes at two
1107	different places in this program. It is used first for determining
1107	whether or not a stall condition exists, and then it is used at a later 1 j j
1107	time to determine whether or not a selected response is indeed } Pils) inehlowehe tia me Beta Hones ie iat Remit
1107	188 | Laie
1108	working. STORE AS MMDL—A response that “works” and its as-
1108	OK—The OK operation always follows RUN ALPHA-PLEX & sociated 2-bit confidence level are stored as data in the main mem-
1108	and serves a twofold purpose. In the first instance, an N output from ory. The address of this data is, of course, predetermined by the
1108	OK indicates the machine is stalled, while a Y output signals a ENVL word that existed at the time Rodney was called upon to make
1108	not-stalled, or “ok” condition. OK functions the same way later in ; aresponse. STORE AS MMDL loads the response information into
1108	the program, but this time an N output indicates the selected re- gg the main memory at a location determined by the environmental
1108	sponse is not working, while the Y output indicates the response is a condition that existed a moment earlier. Here is where the system’s
1108	workable one. , short-term memory is demonstrated.
1108	: SET STALL TO 1—Here the stall bits in ENVL (bits D4 and FETCH-PLEX—This is a subroutine that is taken directly.
1108	D5) are actively set to logic 1, thereby acting as a not-stall flag for J from Alpha Rodney-One. It is responsible for selecting a random
1108	further operations. response code and checking to make certain it represents a valid
1108	SET STALL TO 0—This operation sets the stall bits of the motion code (as opposed to one that would make Rodney stop in his
1108	ENVL word to 0, indicating a stall condition. tracks).
1108	ADDRESS MM—The ENVL code, as modified by SET OUTPUT AS ACTL—The random response from FETCH-
1108	STALL TO 1 or SET STALL TO 0, is used for addressing the PLEX is loaded as an ACTL to Port 0.
1108	main-memory system. This is the ADDRESS MM operation. The SET CONL=1—The confidence level bits accompanying a
1108	main memory is always addressed with an ENVL code which is | randomly generated motion code are set to decimal 1.
1108	picked up during the first RUN ALPHA-PLEX. In this particular
1108	version of the Beta programming, Rodney will be using only the The Main Flowchart Analysis
1108	lower-order environment byte, ENVL. Thus, the main-memory After studying the definitions just outlined, you should already
1108	addressing involves only the lower-order address, MMAL of Port 4. have some good notions about how this Beta Rodney-One scheme
1108	READ MMDL—“Read the main-memory data” from Port 6. works. Nevertheless, a brief analysis is in order.
1108	The idea here is to first find out whether or not the machine has ever { The program starts by initializing the stack pointer and clearing
1108	encountered this ENVL condition before and, if so, give the previous the main memory. These are both one-time operations which
1108	response a good try. merely serve to get things started on the right foot (or wheel as this
1108	| BEFORE—“Have I ever encountered this exact situation be- case might demand).
1108	fore?” The answer to the question is implied by the status of two The first operational step is a RUN ALPHA-PLEX routine,
1108	confidence-level bits in the MMD word which was fetched during followed by a conditional OK. In this case, RUN ALPHA-PLEX
1108	READ MMDL. q fetches the ENVL code and checks it for stall and feeding conditions.
1108	OUT MMD AS ACT—“Output the stored action from the past 7 The OK operation then determines whether the results call for a
1108	| as an ACTL solution to the present situation.” The system in other stall-type response or a go-ahead response.
1108	words, is instructed to do whatever had been done before in the If the system is both stalled AND feeding, or it is NOT stalled,
1108	present ENVL situation. This is the point where the main-memory the response from OK is Y and the stall bits in the ENVL code are
1108	scheme really pays off. ) actively set to 1s. Otherwise, they are set to Os.
1108	DCR CONL—This is a step that is responsible for decreasing F We have no way of knowing what Beta Rodney will do when this
1108	Rodney’s confidence in a particular response. In plain text it means, program is first started. It depends on what motion code happens to
1108	“Decrement the confidence level.” come up at ACTL when power is turned on, and that isn’t specified
1108	CONL=3—“Is the confidence level of aremembered response anywhere. There is a 1:4 chance ACTL will come up with a stop
1108	at its highest level,” e.g., decimal 3? There is no advantage in using ' code, but that’s all right, the RUN ALPHA-PLEX operation will get
1108	confidence levels any greater than 3 for any higher-order machine things moving within a few milliseconds.
1108	intelligence. ; There’s no telling what will be entered into the system at RUN
1108	INR CONL—Here Rodney’s confidence is increased by one ALPHA-PLEX. To be sure, the system will respond anyway. The
1108	unit. ENVL code, whatever it might be, is then loaded into MMAL, Port
1108	190 | 191
1109	4, at the ADDRESS MM step. ‘The condition in the environment is, | expecting to do some serious work with this particular brand of
1109	itself, the address for the main memory. 7 machine intelligence. It is something that separates Rodney from the
1109	The next step is to read the contents of the memory at that mainstream approaches to artificial intelligence and gives him a high
1109	location, the READ MMDL step. Now, if the system is just starting level of adaptability that totally escapes traditional machine pro-
1109	, up, the data will be all Os as dictated by the CLEAR MM step. But, gramming philosophies. Sorry we have to leave it at that.
1109	on the other hand, if the system has been working for some time and So let’s suppose the answer to OK is “N” for some reason. The
1109	Rodney has encountered this particular ENVL before, there willbe system got into this loop only by having encountered the situation
1109	some sort of action code and confidence-level information in the / before, and that means the confidence level has to be something
1109	MMDL data. @g greater than zero. But if the response doesn’t work, the confidence
1109	After reading MMDL, the system first checks the confidence ig level is decremented one count by DCR CONL.
1109	level bits, D6 and D7 of MMDL. These two bits actually comprisea Control from DCR CONL is then looped back to BEFORE.
1109	2-bit binary number that can have decimal equivalents betweenQand Now here’s an important point —if the confidence level is still greater
1109	3. Zero represents the lowest possible confidence level andisasure than zero after DCR CONL, the answer to BEFORE is also still “Y”
1109	sign that Rodney has never encountered this particular ENVL situa- 1 and Rodney tries the same response again. If it doesn’t work a second
1109	tion before. ) time, the answer to OK is still “N” and the confidence level is
1109	So the BEFORE question really wants to knowif the confidence decremented once again by DCR CONL before looping back up to
1109	level is zero or not. If the confidence level is zero, the response is N, BEFORE.
1109	and the system switches over to pick up a random response. And j It is quite possible that Rodney might enter this loop with a
1109	why not? Rodney doesn’t have the foggiest notion about what to confidence level of 3—the highest possible level. If the previous,
1109	| do—so he simply picks out something at random. See how the Alpha high-confidence response doesn’t work, Rodney gets the dickens
1109	features buttress the Beta-Class operations? ; 4 knocked out of him each time the response is tried. In other words,
1109	However, let’s see what happens if the confidence level hap- . 7 Rodney is going to keep trying a high-confidence response until his
1109	pens to be greater than zero, a clear indication that Rodney has confidence is reduced to zero. If the response worked four times
1109	encountered this particular ENVL situation before. If indeed he has 4 before, shouldn’t it work again? But if it doesn’t work, as determined
1109	encountered the situation before, the next step is to try out the by looping around through DCR CONL several times, it wasn’t the
1109	response he made before. This is the OUT MMD AS ACT step. The q best possible response anyway and it ought to be eliminated. That’s
1109	four lower-order bits in the MMDL represent the previous action, } what happens—Less-than-best responses are eliminated and even-
1109	and it is immediately loaded as ACTL at Port 0. tually replaced with better ones. Rodney’s knowledge is refineable
1109	The question at this point is: Does the old response still work? and that is one of the key elements of a Beta-Class machine.
1109	Now one might think the answer should be a certain yes, but this We could really get wrapped up in a lot of detail and machine-
1109	isn’t necessarily the case. Rodney is working in a real world, you ( intelligence theory at this point, but we have to leave this most
1109	see, and the real world has a way of pulling some tricks on all of us. \ intriguing loop for the sake of getting the machine working. For the
1109	The complexity of the real world is virtually infinite compared to the \ sake of those who are following the real meat of this matter, I’d like
1109	simple range of responses and senses Rodney has available to him. 4 to point out that the RUN ALPHA-PLEX step includes at least one
1109	Slight changes in angles and velocities from one sort of contact to (] FETCH ENVL update. Rodney’s persistence at trying an action that
1109	another can be meaningful; just because Rodney’s rather coarse worked before just might alter the environment in such a way that a
1109	view of things resulted in a workable response in the past doesn’t whole new set of meaningful circumstances arise—the relevant, but
1109	necessarily mean the same response will work again, particularly 4 finer points of a given situation might come to the surface.
1109	since Rodney’s coarse view will most certainly miss a few subtleties There are two ways out of the DCR CONL loop, either running
1109	now and then. the confidence level down to zero or by finding that the old response
1109	This all a rather critical notion in the evolution of machine : does indeed work. In the first case, Rodney gets out of the loop by
1109	intelligence as it is presented in this book. It is a far-reaching notion the “N” path from BEFORE, and he goes over to pick up a new
1109	that calls for some thoughtful consideration on the part of anyone random response—“What worked before doesn’t work now, so I'll
1109	192 j 193
1110	try something new”. In the second case, Rodney leaves the loop via 7 otherwise crop up when actually entering them into the system.
1110	the “Y” response of OK. This would mean that the old response ‘J
1110	works. Now, if the confidence level of the old response is not already iJ Main Program
1110	: ie ter point, the “N” output of CONL-3 goes to INR CONL i This program follows the flowchart for the main Beta Rodney-
1110	) satel . te level is incremented by one. Otherwise the @g One sequence in Fig. 11-7. The numerous NOP (no operation)
1110	| confidence level is left at 3. ie commands are inserted to allow for additional Gamma-Class com-
1110	In either case, the successful response and the confidence level iL mands in Chapter 12.
1110	bits are stored in the main memory as data. This information is 7 BETAI:
1110	placed at an address representing the ENVL condition that promp- i 000 31 FF 03 LX! SP,TOPS: iSET STACK POINTER
1110	ted the action in the first place. After depositing this information f | begs
1110	Bee et Cee tS ee . 003 CD 00 01 CALL CLRM__ ;“CLEAR MM”
1110	future reference, control loops back to the first RUN ALPHA-PLEX 006 21 00 08 Lx! H,PORTO ;SET PORT POINTER TO
1110	where the whole thing starts over again. . 7 Weis es ah eee ‘PORT 0
1110	A negative reply to BEFORE actually indicates the machine has i 00c 7E MOV AM ‘FETCH ENVL
1110	no response available, the confidence level is zero, either because ( 00D C2 15 00 JNZ SSBi IF “OK” IS Y,
1110	Rodney has never encountered the situation or has not solved the ia a Lionel Mf
1110	problem with any success. In any event, the program calls the a 010 E6 CF ANI CFH ‘ELSE SET “STALL
1110	FETCH-PLEX subroutine where a random response is selected and q BITS TO 0”
1110	checked for validity (something other than a stop code). This random @ 012 C3 17 00 JMP AMM =~ AND JUMP TO "ADDRESS
1110	response is loaded in Port 0 as ACTL, the confidence level is set to ; 015 F6 30 -SSB1 ORI 30H ‘SET STALL BITS TO 1
1110	1, and the results are stored as data in the main memory. @ 017 32 0408 AMM STA PORT4
1110	Experimenters who are skilled at reading flowcharts and rela- : O1A 3A 06 08 ;SAVD = LDA PORTE
1110	Hae ears fine acute ane bl Gg 01D 47 MOV BA ‘SAVE MMD IN B
1110	ig them to macnine activity are going to have some problems ' O1E E6 CO ANI COH ISOLATE CONL BITS
1110	understanding how this system can possibly work as described. The . 020 CA 5C 00 JZ FEDUP __ IF “BEFORE” IS N, JUMP
1110	roblem is that I haven’t completely described the full spectrum of b | EIN igen |
1110	4 ee pum re ey : th a ae id a 023 78 MOV AB ‘ELSE FETCH MMD FROM B
1110	eta-Class behavior. Ina traditional sense, the scheme would seem } 024 F6 FO ORI EOH ‘CONDITION ACTL
1110	to create a hopeless mess of Rodney’s behavior. He seems to go into 026 77 MOV MA ‘AND “OUT MMD AS ACT”
1110	a series of meaningless, random spasms that leave him shuddering A 027 CD 50 01 CALL  RUAPX — ;CALL “RUN ALPHA-PLEX”
1110	; F na 02A CA 4D 00 uz RMMD _ ;IF “OK” IS N, JUMP TO |
1110	helplessly in the middle of the floor. 7 “READ MMD" |
1110	Indeed Rodney will seem to be completely crazy at first, but t 02D 3A 06 08 LDA PORT6 ELSE FETCH MMD
1110	within a few moments, even some of the spasms will take on higher & 030 E6 CO ANI COR. SOLAS VON: BINS
1110	; : : 032 FE CO CPI COH ““CONL=3"—Z IF YES, |
1110	confidence levels which will cause things to settle down gradually. - ‘NZ IF NO |
1110	There is a good chance that Rodney will not stop the first time he _ 034 CA 09 00 JZ FETEN IF YES, LOOP BACK |
1110	encounters the battery charger. He won’t stop because he doesn’t '@ fe be bly |
1110	know he is supposed to do so. Whatever initial response he makes to ' 087° 08. 40 ADI 40H ‘ELSE “INR CONL” |
1110	the battery charger will be remembered, however, and the second 039 4F MOV GA ‘SAVE CONL IN C
1110	time he finds it, he will see that a response (other than stopping) is '@ o al 08 ey foil 6 ee eee salvaraien
1110	not the correct one. Our “magic loop” through DCR CONL takes } ql pe BH ORA Cc ‘COMPOSE NEW MMD WORD
1110	care of that. i 7 040 32 06 08 ;SAMMD STA PORT.  ;“STORE AS MMDL”
1110	| a 043 00 NOP
1110	BETA RODNEY-ONE PROGRAMS i @ Pony Wee
1110	Study the following programs, comparing them with their cor- '¢ 046 00 NOP
1110	; : | 047 00 NOP
1110	responding flowcharts. A complete study of the programming steps @g Ge on NOP
1110	at this time will eliminate any unfortunate surprises that might 7 049 00 NOP
1111	04A C3 09 00 JMP FETEN  ;LOOP BACK TO START 7 |
1111	OF CYCLE .
1111	04D 3A 0608 :RMMD- LDA PORT6  ;FETCH MMD a |
1111	050 D6 40 sul 40H “DOR CONL” ie
1111	052 00 NOP RUAPX
1111	053 00 NOP _
1111	054 00 NOP |
1111	055 00 NOP
1111	ae ae FETCH ENVL
1111	058 00 NOP
1111	059 C3 1A 00 JMP SAVD JUMP BACK TO “BEFORE” 4
1111	05C 3A 04 08 ;FEDUP LDA PORT4  ;FETCH MMA/ENVL . a N
1111	O5F E6 80 ANI 80H ‘ISOLATE FEED BIT
1111	‘Z IF YES, NZ IF NO 'g
1111	061 C2 68 00 JNZ FETPL  ;IF NO, JUMP TO
1111	“FETCH - |
1111	‘PLEX”
1111	064 AF XRA A :CLEAR ACCUMULATOR '
1111	065 C3 6B 00 JMP OUACT JUMP TO “OUTPUT AS N
1111	ACTL”
1111	068 CD 2010 ;FETPL CALL  fFETR | a
1111	06B 77 ‘QUACT MOV M.A “OUTPUT AS ACTL” ia
1111	07C F6 80 ORI 80H “SET CONL=1” }
1111	07E C3 40 00 JMP SAMMD JUMP TO “STORE bE
1111	AS MMDL” q
1111	-END OF BETA1 :
1111	TOPS EQU 033FH; PORTO EQU 0800H; PORT4 EQU 0804H; FETR EQU O01)
1111	PORT6 EQU 0806H; CLRM EQU 0100H; RUAPX EQU 0150H {
1111	CLRM Subroutine ; Y
1111	This subroutine is responsible for initially clearing the main j
1111	memory of all data, e.g., setting all data to zeros. | @
1111	CLRM: ! 4
1111	100 06 FF MVI B, MMALT ;SET MMA POINTER TO
1111	‘TOP ADDRESS 1 a
1111	102 AF XRA A CLEAR A TO ALL ZEROS
1111	103 21 04 08 LXI H,PORT4 ;SET PORT POINTER TO <a> N
1111	‘MMAL.
1111	106 70 ‘NEWAD MOV MB
1111	107 21 06 08 LXI H,PORT6 ;SET PORT POINTER TO
1111	‘MMDL
1111	10A 77 MOV MA ‘MOVE 0’S TO MMD
1111	1 10B 05 DCR B ‘DECREMENT MMA POINTER ]
1111	10C C2 06 01 JNZ NEWAD _ IF NOT ZERO, DECREMENT
1111	‘TO A NEW ADDRESS
1111	10F 77 MOV MA ‘ELSE CLEAR BOTTOM MMA :
1111	110 C9 RET ‘RETURN TO MAIN PROGRAM RETURN NZ RETURN Z
1111	‘END TO CLRM
1111	MMALT EQU  FFH /
1111	FETR and TIME 1 Subroutines
1111	Although the specified addresses are different, the two sub- Fig. 11-8. Flowchart for the RUAPX subroutines.
1111	routines that follow are nearly identical to those used in the Alpha |
1111	196 197
1111	i]
1112	system of Chapter 10. They are thus presented without additional 4 173 C9 RET ‘RETURN WITH Y AS NZ
1112	comments. ] OR NASZ
1112	FETR: | 174 CD 00 02 ;RULM2 CALL ATLM
1112	120 3A 02 08 ;STRT LDA TSWR i 177 C2 66 01 JNZ RMN
1112	123 4F MOV CA . 17A C3 70 01 JMP FEED
1112	124 CD 00 02 CALL RTLM 17D C7 RST 0 ‘RESET ENTIRE PROGRAM
1112	127 CO RNZ iF
1112	128 79 MOV AC i “THINGS BLOW UP |
1112	129 CD 25 02 CALL = ATRM ;END OF RUAPX
1112	12C CO RNZ RTLM EQU 0200H
1112	12D C3 20 01 JMP STRT } RTRM EQU 0225H
1112	LMRN EQU 0250H
1112	RMRN EQU 0275H
1112	TIME1:
1112	3A0 06 FF MVI B,FFH i |
1112	3A2 1E FF ;SETE  MVI E, FFH | a RTLM: "
1112	3A4 1D ‘DCRE DCR E | @ 200 47 MOV BA
1112	3A5 C2 A4 03 JMP DCRE . 201 87 ADD A
1112	3A8 05 DCR B a 202 A8 XRA B
1112	38A9 C2 A203 JNZ SETE , 203 E6 02 ANI 02H
1112	3AC C9 RET ‘e 205 C9 RET
1112	1 | END OF RTLM
1112	RUAPX Subroutine q
1112	i \ RTRM:
1112	The RUAPX subroutine for Beta Rodney-One is a modified , | 225 47 Mov «BA
1112	version of the master program for Alpha Rodney-One. Since many of H | a a ai ‘
1112	| the details have been painstakingly described in Chapter 10, there is & 228 EG 08 ANI 08H
1112	little need for further commentary on the flowchart in Fig. 11-8 and | 230 C9 RET
1112	its corresponding subroutines. You might note how deeply the | teen Oe ORAM
1112	subroutines become nested in this scheme. There are subroutines if 250 7E "Mov AM
1112	calling subroutines that call other subroutines. It’s a good thing : 251 E6 EF ANI EFH
1112	Rodney has a built-in standby power system, hours of programming } an rd u ep ey i
1112	could be completely wiped out with a utility power failure lasting onl: )
1112	on y 256 16 08 MVI D,08H
1112	milliseconds. 'g 258 CD A003 ;CTIM CALL —‘TIME1
1112	RUAPX: = 25B 7E MOV AM
1112	150 7E MOV AM ;FETCH NEW ENVL semen Ma?
1112	151 CD 00 02 CALL -RTLM ij 25D E6 10 ANI 10H
1112	154 CA 60 01 Ay RURM 25F CA 6B 02 Jz DCONT
1112	157 CD 50 02 CALL LMRN 262 AQ XRA c
1112	15A 79 MOV A.C i 263 4F MOV CA
1112	15B E6 10 ANI 10H 264 E6 OF ANI OFH
1112	15D CA 70 01 uz FEED i 266 3D: DCR A
1112	160 CD 2502 ;RURM CALL RTRM y, 1 267 CA 76 02 Jz SETOK
1112	163 C2 74 01 JNZ RULM2 ' 26A OD DCR (0
1112	166 CD 7502;RMN CALL RMRN i 26B 15 ;DCONT DCR D
1112	169 79 MOV A.C | 26C C2 58 02 JNZ CTIM
1112	16A E6 10 ANI 10H j 26F O0E 00 ;SNOK_ MVI C,00H
1112	16C CA 70 01 JZ FEED | 271 7E TOFL MOV AM
1112	16F C9 RET ;RETURN WITH Y AS NZ | oe ro TY ii se
1112	170 7E FEED MOV AM i" 274 77 MOV MA
1112	171 E6 40 ANI 40H di 275 C9 RET
1112	i 276 0E 10 ;SETOK MVI C,10H
1112	/ :
1112	198 . 199
1112	}
1200	278 C3 71 02 JMP = TOFL
1200	‘END OF LMRN hn
1200	RMRN .
1200	275 7E MOV AM qi
1200	276 E6 DF ANI DFH ii |
1200	278 77 MOV M.A a |
1200	279 OE 04 MVI C,04H at :
1200	27B 16 08 MVI D,08H a |
1200	27D CD AQ 03 ;CTIM2 CALL  TIME1
1200	270 cr CAL TM _ __ An Elementary Gamma Rodney
1200	281 Ag XRA c a |
1200	282 E6 20 ANI 20H a :
1200	284 CA 90 02 uz DCONT2
1200	287 AQ XRA Cc
1200	288 4F MOV CA a
1200	289 E6 OF ANI OFH ' a fee |
1200	28B 3D DCR A | a So now it’s Gamma Rodney. Starting to work on a Gamma-Class |
1200	28C CA 9B 02 Juz SETOK2 4 machine is something like opening the door to a strange, dark room; !
1200	28F OD DCR Cc i ; ; :
1200	deg 4é ‘DCONT2 DCR E you are never quite sure what you are going to find in that room.
1200	291 C2 7D02 JNZ CTim2 } Whatever is there might turn out to be very exciting or, on the other
1200	294 OE 00 ~~ ;SNOK2 MVI C,00H q hand, it might be rather plain and uninspiring. Whether the whole
1200	po es TOF L2 pty ed a thing is exciting or not depends a lot on your own perspective.
1200	299 77 MOV MA ! From an experimenter’s point of view, Gamma-Class schemes
1200	29A C9 RET f | are intriguing because there are so many different ways to imple-
1200	298 0E 10 ;SETOK2 MVI C,10H | 7 F are se
1200	pon Ge ee Ae Shee i ; ment them. Even in the rather restrictive context of a motion
1200	‘END OF RMRN - expressing machine such as Rodney, there are at least a dozen
1200	F different ways to approach the Gamma-Class mode of operation.
1200	a The Gamma scheme presented in this chapter represents perhaps
1200	= the simplest that is possible with the hardware available.
1200	| 2 There is no real problem coming up with a scheme that satisfies
1200	|g the definition of a Gamma-Class machine. Just devise a system
1200	| 3 capable of sensing responses that have a high confidence level and
1200	5 generalizing these responses to similar environmental situations
1200	|g that carry lower confidence levels.
1200	4 The problem is coming up with a Gamma-Class scheme that
1200	imposes the fewest restrictions upon the machine’s behavior. A
1200	q Gamma-Class machine must be able to detect elements of the
1200	' response that are most relevant to a given set of environmental
1200	4 conditions. And, that’s no easy task, even for a wonderful, gee-whiz
1200	| ; microprocessor. Here’s the real question, though: How does the
1200	machine determine what is relevant and what is not?
1200	For the sake of getting a Gamma-Class machine rolling around
1200	the floor, we are going to settle for some definitions of “relevance”
1200	that have to be imposed by the program itself. One day we can hope
1200	q to let the machine set its own procedures and standards for “rele- |
1200	f vance.” This will be a matter of letting a secondary Gamma-Class |
1200	: mechanism build up the definitions for a primary Gamma scheme that
1200	200 201 |
1201	interacts more directly with the environment. At the present time, i Now this particular Alpha-Class machine, the one with a score
1201	‘however, we are going to settle for some definitions of “relevance” . of 0.64, will maintain the score, no matter what sorts of changes take
1201	‘that are dictated by a subroutine dubbed RELSET—RELevance ; place in its environment. Of course, there are limitations on the
1201	SET. nature of the changes. You could, for example, quickly reduce the
1201	Here is yet another unusual feature of Gamma Rodney and score to zero by trapping the machine in a small box, but this is really
1201	Gamma-Class machine behavior in general. It is not easy to deter- Py a matter of placing the machine into a situation beyond its ability to |
1201	ae yal not the Masse mechanism is really working. On cope. That’s not fair, even living intelligent creatures have such |
1201	‘the surface of things, your Gamma-Class Rodney machine won't i limitations. |
1201	appear to behave differently from the Beta version. You must study i The point is that an Alpha-Class machine adapts rather well to |
1201	the machine carefully to detect the differences, but once you recog- i changes in its environment. Its score rarely rises above its chance |
1201	nize them, you can begin to appreciate their true significance. In fact, i level, but it is a rather good adaptive mechanism. How do you
1201	if you a t know ie to look for, implementing the Gamma prog- 4 suppose so many primitive species of living matter have managed to
1201	ram will appear to be a great waste of time and effort. Thus, the \ survive millions of years of stress on earth? Functioning on an |
1201	matter must be put into some perspective from the outset. y Alpha-Class level makes them quite adaptive to changes in the
1201	a environment—they survive. It is a very rudimentary and inefficient
1201	HOW TO APPRECIATE GAMMA-CLASS BEHAVIOR : Eat eee hee eee Tene
1201	Rodney is an adaptive machine. He doesn’t do anything re- ii A Beta-Class machine is more efficient. Adding just a bit of
1201	motely practical, and other than stopping at his battery charger j memory does that. The learning curve for your Beta Rodney is
1201	Se One in a while, his actions seem to be entirely pointless. | different from the simpler Alpha version. Beta Rodney started his
1201	pias eee in life is to demonstrate the adaptive behavior ofa , existence by making random responses. His initial scoring was at the
1201	iene : re machine intelligence. ee we can show that f chance level and, perhaps, even below the chance level. But as the
1201	adaptive behavior is sidoae he to implementing machine intelli- + responses are refined, Beta Rodney’s score began rising above the
1201	sci Fo iced Saab ot nm ie act ei ue : chance level. And, if nothing in the environment changes, his ratio of
1201	my 3 good responses to total encounters rises toward 0.9.
1201	sans ie toa inbilbn mass of hardware which is apt to do 4g Infact, Beta Rodney can lock himself into a discernable pattern
1201	more harm tan gooa. i of responses. The pattern will be unique to every lifetime you give
1201	shy If you i a ona coh the Alpha and Beta versions of your i . him, but you should be able to see Beta Rodney trying to establish a
1201	: : a as ce ne apron pstiola sl Lonnie, hy pattern of pete that is peculiar to his developing character and the
1201	; ; . : Gg geometry of the environment.
1201	spends far less time blundering around corners and obstacles than j Rodney might even establish a very simple pattern such as
1201	the ee Babes: | bouncing back and forth between a set of parallel walls. That’s all
1201	right, he is doing his thing. He is executing a comfortable pattern of
1201	simulator shows some interesting contrasts between Alpha- and _ ca that SL. ieee shy Locking il a par-
1201	Beta-Class behavior. For one thing, an Alpha-Class machine scores , ticular pattern of motion is, itself, a demonstration of adaptive
1201	: i inane ; success is shown by the rising score. Kecall that an Alpha-Class
1201	is not 50-50 sien the number of “good Tesponses in a corner- | machine shows little, if any, change in response scores when its
1201	; ‘ . sti , | away at near-chance levels.
1201	edie available ive sansninaads the character of the environ- . Upset Beta Rodney’s pattern, however, andit takes some time
1201	ish dit Cabinet sabe the sake of argument, suppose the ratio of for him to recover. The score plunges downward as he encounters
1201	good” responses to total encounters is 0.64. | the new situation, but that’s merely an initial response. With time,
1202	the score begins rising toward 0.9 as he adapts to the new situation behavior. Its adaptive process requires some time and experience to
1202	and finds a comfortable pattern of responses. Beta Rodney is more show itself, but the end result is a more efficient machine.
1202	upset by changes in the environment than Alpha Rodney is. But Beta AGamma-Class machine is less upset by changes and recovers
1202	Rodney can adapt, and he soon begins outscoring the Alpha version. faster than the Beta-Class mechanism. This is due to its ability to
1202	The next step in the evolution of this kind of machine intelli- anticipate changes.
1202	gence is to come up with a scheme that reduces the drop in scoring
1202	as the environment is changed. Such a scheme would be one that can A GAMMA-RODNEY SCHEME
1202	anticipate change and develop some theories for dealing with them. . A Gamma-Class scheme is built upon the foundation of Alpha-
1202	The system would be one that generalizes first-hand experiences and Beta-Class behavior. Recall that most Alpha-Class features
1202	and the things it has learned with a high degree of success to were incorporated into the Beta Rodney-One program in Chapter
1202	situations not yet encountered. So when the environment is changed 11. Now, we are going to take that Beta Rodney program and add
1202	in some way, the machine does not have to deal with the new | the Gamma Scheme to it.
1202	features in a random fashion; rather, there will be some hard-won In fact, the whole Gamma scheme is a subroutine (albeit a very
1202	theories at its disposal. extensive one) that is added to Beta Rodney-One. You will be calling
1202	A Gamma-Class machine is one that has this ability to anticipate | the Gamma subroutine from just a couple of places in the Beta
1202	changes before they occur. Asa result of putting this mechanism into program. Compare the flowcharts in Figs. 11-7 and 12-1.
1202	your Rodney machine, you will find his learning curve doesn’t drop Since the Gamma routine is a rather extensive and time-
1202	very much when the environment is changed. And what’s more, the | consuming operation, it should be called only when it is absolutely
1202	drop that does occur doesn’t last very long. Gamma Rodney estab- needed. In this case, Gamma is called under two particular sets of
1202	lishes a new pattern of motion much more quickly than the Beta | circumstances: when some Beta-Class response shows a confidence
1202	version can. level rising from 2 to 3 and when a confidence level drops from 3 to 2.
1202	In order to see the Gamma-Class mechanism at work, you have Rodney generalizes information only when its confidence level
1202	to be prepared to compare the machine’s behavior with that of the is at the highest level—decimal 3. So whenever some response
1202	simpler Beta-Class machine. Let the Gamma Rodney establish a reaches that level, it is an indication Rodney has some new and
1202	high-scoring pattern of motion, then mess up his little world and see high-confidence data to formulate some reasonable theories.
1202	how long it takes for him to adapt. Gamma is kicked into the routine the moment a transition to level 3
1202	You will find in this chapter some procedures for bypassing the occurs.
1202	Gamma programming, leaving only the Alpha and Beta mechanisms. There are going to be many instances, however, where level-3
1202	So if you haven’t already studied Beta Rodney in the context of responses will suddenly fall out of favor, and any suppositions previ-
1202	adaptive learning curves, you'll be able to do so by eliminating a 4 ously based on that information has to be revised accordingly. After
1202	couple of steps in the program. Gg all, what good is a set of theories based on information known to be
1202	In summary, an Alpha-Class machine is highly adaptive to 4 faulty? The Gamma routine is thus called into play whenever any
1202	changes in its environment. It displays a rather flat and low learning ( response shows a change in confidence from 3 to 2.
1202	curve, but there is virtually no change in the curve when the envi- tf The mechanisms of accomplishing these tasks can be seen in
1202	ronment is altered. ' the flowchart in Fig. 12-1. Suppose the system has picked up a
1202	A Beta-Class machine demonstratesa rising learning curve that _ response that has a confidence level of 2. The basic information is
1202	eventually passes the scoring level of the best Alpha-Class picked up at BEFORE and later evaluated at CONL=3. If the
1202	machines. If the environment is static, the score eventually rises 7 confidence level is 3, a whole lot of operations are bypassed (includ-
1202	toward perfection. Change the environment, however, and a Beta- ing a GAMMA 1 routine) and control goes back to the first RUN
1202	Class machine suffers for a while, the learning curve drops down to \ ALPHA-PLEX operation. However, we have said that the confi-
1202	the chance level. However, the learning curve gradually rises toward t dence level in this example is 2, so the output of OK is Y and the
1202	perfection as the Beta-Class machine establishes a new pattern of } subsequent output of the subsequent CONL=3 operation is NO.
1202	204 205
1203	The confidence level is next incremented to 3 at INR CONL, ‘
1203	and then is updated in the main memory at STORE AS MMDL. Next i
1203	is another CONL=3 operation. If, at this point, the answer is YES, it (i
1203	must be because the confidence level has just gotten there from a
1203	level of 2—if it were a level 3 earlier, we would already be at the top i
1203	of the chart doing another RUN ALPHA-PLEX. "
1203	SoaRUN GAMMA I takesplaceafter CONL=3 if the response’s i SLEAB MM
1203	confidence level has just moved from 2 to 3. In any other sort of if
1203	increasing-confidence situation, control moves back to top of the iW RUNa-PLEX
1203	chart. This is the mechanism for calling Gamma whenever a re- fn sunt whe
1203	sponse moves from 2 to 3. A Go N
1203	The second Gamma operation appears on the NO loop of the >
1203	OK operation, the OK operation that follows a few steps after ' fSETsTALLTO1] [SETStTALLTOs]
1203	BEFORE. In this case, however, the routine is called up only if a : SETSTAR TON USeTerak Toe
1203	confidence level of 2 exists; the CONL=2 can be YES only if it is a
1203	! recently decremented to that level (from level 3) by DCR CONL. ¥
1203	GAMMA PROGRAM FLOWCHARTS | |
1203	Figure 12-2 is the flowchart for the GAMMA portion of the |
1203	revised Rodney system. As has been the practice in earlier chap- #§ KD N
1203	ters, we will first define some of the special terms and acronyms i / BEFORE |
1203	before looking at the function of the program in greater detail. A Ne <ee> Mi |
1203	i. |
1203	Definitions for the Gamma Subroutine ._
1203	RUN GAMMA-1—Thisis the entry point to the entire Gamma A
1203	scheme. Remember, it is called only when a Beta operation shows q
1203	either a confidence level reaching its highest point or one dropping a N
1203	from that point. - <>
1203	INIT GAM—“Tnitialize Gamma” to get things started right. i. Y
1203	Among other things, this step is responsible for saving all Beta i’ Y =
1203	status information in the RAM program stack until the control of all |
1203	operations returns to Beta once again. Rodney is also told to stop in
1203	his tracks at this point. :
1203	INIT CYCLE—The Gamma scheme includes a number of q
1203	loops which can be executed quite a few times. For the sake of this *
1203	discussion, the major loop is called a cycle, and each cycle begins by ih Kise:
1203	initializing certain counters and flags which will be described later in ia
1203	this section. |
1203	ADDR MMA—“Address the main memory” is the operation 4
1203	here. On the first major Gamma cycle, the main memory is addres- fi
1203	sed at its highest point, and as a secondary looping operation takes i
1203	place, the address is decremented until it reaches zero. The system, Wa
1203	in other words, looks at every main-memory address. q Fig. 12-1. Beta flowchart modified to call Gamma.
1203	206 q 207 |
1204	MMA REL—“Ts the main memory address relevant to the 7
1204	situation being generalized?” |
1204	FETCH MMD-—TIf the current main-memory address is in-
1204	deed relevant, the system then fetches the data contained in that
1204	memory location.
1204	CONL=3—“tIs the confidence level at that memory location at
1204	its highest point?” At this point, the system is searching for high-
1204	confidence responses. |
1204	MMD REL=0—This step actually evaluates the status of a bit
1204	deemed relevant in the high-confidence response code. The answer <>
1204	to the question determines which one of two counters is in- yi
1204	cremented.
1204	D COUNT—This is a relevant-bit counter that keeps track of
1204	the number of logic-0 bits in high-confidence main-memory data. 2 <Cont <>
1204	E COUNT—This is a relevant-bit counter that keeps track of Mie Y
1204	the number of logic-1 bits in high-confidence main-memory data. ee ae
1204	END MMA~—Has the system checked every main-memory RL a
1204	location during the present cycle? ( LOAD NEW
1204	DCR MMA-—TIf the system has not checked every main- MMe
1204	memory location during the on-going cycle, the main-memory ad- Y “ <A>
1204	dress is decremented and the check-out cycle is repeated. <>
1204	D=E—Do the D and E counters contain the same number? |
1204	DLT E—Is the D COUNT less than the E COUNT or, in other i <>
1204	words, was the number of relevant 1 bits greater than the number of ey
1204	relevant 0 bits? <>
1204	SET BIT 1—A register is set to insert logic-1 bits into low- i N
1204	confidence data that is, in some way, related to conditions having <Con>
1204	high-confidence responses. us
1204	SET BIT 0—A register is set to insert logic-0 bits into low- . etal
1204	confidence data. i
1204	INIT MMA—Once the system determines the values of bits i
1204	relevant to high-confidence responses, the main memory is again i
1204	recycled to insert these bits into low-confidence locations in the PT Fig. 12-2. The Gamma flowchart.
1204	Heanidia ce soon aate the main-memory adress is initialized to ‘ LOAD NEW MMD—Store the new data and confidence level
1204	S sequence. i : A
1204	CONL LT 2—Is the confidence level of the main-memory data i i ee eae the subroutine that dictates the nature of the
1204	ee than 2; in other words, isit 1 or 0? This step is searching for data i confidence and relevance searches. It is the weakest link in the
1204	having low confidence levels, presumably to upgrade them with ! system in the sense that it carries some of the experimenter’s |
1204	Te eee a an I ES SE ge ance i prejudices and limitations. If the experimenter isn’t careful in the
1204	ey ; \ design of this particular subroutine, the machine’s entire character
1204	responses that are built up by the generalizing procedure carry an i will es oe along the lines of programmed parabots.
1204	initial confidence level of 1. DONE—Is the Gamma subroutine done?
1204	208 4 209
1205	URN ? : | logic level occurred more often. If there were no responses meeting
1205	cot BETA—Machine control is returned to the Beta the relevance criteria, or if there were an equal number of 1s and 0s
1205	Peat responses, the results are discarded and another set of relevance
1205	General View of the Gamma Program criteriais established: ge
1205	Th ae : h Here} Assume, however, that there were some valid, high-
1205	Gp eystee) per Ee aol tild Sequence SG ave cle A 4 confidence responses and that there were more 1s than 0s meeting
1205	change in any high confidence level status. It makes i? difference at the criteria. This being the case, the system then scans the main-
1205	all what sort g f response and environmental condition caused the memory. address looking for low-confidence levels (1 or 0) that have
1205	a seaweed ow oy change in any eae: the same environmental criteria. When such a condition is found, a1
1205	nile eps iy ne : poe : 2 sal g ae for altering some bit is stored into the low-order response position and the confidence
1205	ilies Note! atm tae aa cs aias sis eg level is set to 1. There is generally a rather large number of such
1205	The particular Gamma program included in this chapter first | cath :
1205	hoo ih f dd ies 0 in the MMAO places in the main memory. _ .
1205	pate ee - Sk ro ae ce ee a - j So whenever most environmental conditions (having the
1205	(lowest-order) bit position and carrying Peehe ee aia Davin a | lowest-order ENVL bit equal to 0) are successfully solved, most of |
1205	confidence level of 3. Of course, : here are going to be a whole lot of the time, with a 1 bit in the lowest-order ACTL response, this 1 bitis |
1205	MMs ee a ce of the Mh, ieee Bas Psa ye a stored in ACTL response positions for ENVLs not successfully |
1205	ince F a sap tack ee ae d ae sone 4d solved when the lowest-order ENVL bit is 0. After loading these
1205	t oe Pi ee ay Liane A ae ee oe speculations into low-confidence response positions, the criteria for |
1205	i i ne rie Eat rr one a oe o t cE i iG 4 ye relevance is changed to the ENVL condition where the lowest-order
1205	ete a me diti . * ie ae ae een a pe bit is 1 instead of 0, and the whole process starts all over again. After
1205	Crpronmnent cee hans wuere ie : ils motor Suis that, the relevance bit is changed from the first to the second bit of
1205	Ey ES aioe 0) So What we ae doing ene ye? through MMA. It is run again, looking for 0s and then again looking for 1s.
1205	bey anne ie Sita ee ne oe es ee begs ; This process continues until most of the bit positions have been
1205	Ve eer ee ; checked for relevance, the results of high-confidence bits compiled
1205	that condition had occurred often enough, and if it has been success- h and stored in low-confidence positions, and Rodney's conjectures
1205	fully dealt with o least ire ee we by wea ae the response is concerning ways to respond to unfamiliar situations, are as complete
1205	worthy of being considered “relevant. ; as his high-confidence knowledge allows.
1205	The Gamma program scans the main memory, systematically i Indeed, this is something of an abstract process. It does not
1205	oe for addresses and data that a these eas : cause any immediate responses anyone can detect. Rather, it is
1205	pene ; see Ls discussion, suppose it finds eens J something akin to thought processes that cannot be detected or
1205	information that fits. Upon finding an MMA and response data which a evaluated until they take some overt form at a later time.
1205	meet the demands of the relevance DE EAEy the system looks at the a It probably seems sort of weird. We have no real control over it
1205	relevant bit position of the stored, high-confidence response. In this and we cannot see, ina direct way, exactly what is going on. That’s
1205	example, the Se looking at the lowest-order MMA bit; so 7 the nature: of this self-programming process. We could attach a
1205	when it - af a of ee 2 one the ed aie : printer or CRT to the memory and display the Gamma activity, but
1205	ni aa Bae e sean! ee di y Berea ves “ a we would be either buried in a mountain of paper or dazzled with a
1205	appens to be a logic (Gn cating t oN tion was met ee h blur of characters on the screen. If you like, you can attach a radio
1205	response code (ACTL) having a logic 1 in the LMR (D0) position, a . receiver to Rodney and pick up the r-f signals from the Gamma
1205	1s counter is incremented. If, on the other hand, the successful { program. The sound—the clicking and squealing—reminds one of
1205	response had a LMR bit of 0, a Os counter is incremented. i EEG activity monitored at the skull of living creatures.
1205	The system looks for environmental conditions, of a particular | The only way to get a handle on the operation of the Gamma
1205	type, having high-confidence responses and then keeps track of the i program is by testing Rodney’s adaptive behavior. Even then, there
1205	number of 1s or Os in the response codes. After this first phase of the is no way to tell exactly how he arrived at the conclusions he did, and
1205	operation is completed, the two counters are compared to see which i
1205	210 : : 211
1206	that’s what makes this scheme different from most on-going work in 7
1206	artificial intelligence. There is no such thing here as a programming |
1206	“tree.” The environment and Rodney’s initial responses to it set the
1206	pace, but each encounter with the environment further modifies and
1206	refines all activity.
1206	It must be pointed out that this is only a rudimentary ist
1206	relevance-checking procedure. It is workable, but it might not be the :
1206	best possible one for this system. If I had chosen to research Gamma
1206	relevance selection thoroughly before preparing this book manu-
1206	script, you probably wouldn’t be reading it for another year or so. e
1206	Gamma relevance-selection theory is a subject in its own right that <>
1206	might fill a book one day. I certainly intend to do more research along
1206	this line, and I would certainly encourage other experimenters to do :
1206	the same. !
1206	RELST Flowchart
1206	The keystone element in the relevance-selection operation is
1206	the RELST (relevance set) subroutine. This subroutine is blocked
1206	out in Fig. 12-3. While this is a workable scheme, I believe it could
1206	use more work. Any takers?
1206	The main Gamma program is initialized to look for a 0 bit in
1206	MMA. This bit is carried into RELST as PHBYT (PHase BYTe), and
1206	since this flag byte is set to 0 initially, it follows that the answer to
1206	PHBYT=1 will be N the first time around.
1206	With an N output from PHBYT, the system goes to SET
1206	PHBYT=1, where the phase byte is changed to 1, a not-zero flag is
1206	set at SET NZ (indicating the Gamma operation isn’t complete), and ji
1206	then the program returns to the main Gamma program. Fig. 12-3. Flowchart for the RELST Gamma subroutine.
1206	The Gamma program then cycles through the same sequence are going to check LMR, LMF, RMR and RMF of ENVL separately.
1206	as before, looking for a 1 bit in MMA instead of a0. When RELST is The hex count is: 0, 1, 4, and 8.
1206	called this time, the answer to PHBYT=1 is Y and it is time to shift The 3 higher-order bits used in this scheme will be checked
1206	the relevance bit position. The first RELST operation changed the systematically and often more than one at a time. The high-order
1206	value of the relevance bit from 0 to 1, but now the position of the HUNGRY bit will always be fixed at logic 1, so the upper nibble
1206	relevance bit is changed and the value is returned to 0. - relevance sequence follows the hex counting code: 8, 9, A, B, C, D,
1206	Since this program is being used in conjunction with a Beta E, F.
1206	format, which works with only the 8 lower bits of MMA, the MMA Putting together the upper and lower nibbles of the relevance
1206	bits tested for relevance include only the lower 8 bits or byte. Even byte, the relevance check'proceeds as shownin Table 12-1, where a
1206	then, there is nothing gained by checking relevance for all eight of logic-1 level signifies a bit being checked for relevance.
1206	them. Here, we are going to check the lower 7 which, translated into The system thus cycles through 32 different relevance bytes,
1206	terms of ENVL, means all environmental conditions except HUN- but remember that each LB is first tested for 0s and then for Is,
1206	oo effectively doubling the number of cycles to 64. This can consume a
1206	The 4 lower-order bits (or nibble) are checked for relevance lot of time, especially when the machine has to deal with a lot of
1206	one at a time, and never more than one at a time. In other words, we high-confidence situations.
1206	212 213
1206	al
1207	Table 12-1. Summary of relevance-select operations. j | The important Gamma subroutine is listed here as The Main
1207	Gamma-1 Program. This is all new programming.
1207	Bina’ i é :
1207	BETCG:
1207	B1 4000 0001 ti. UL Cie Oo 000 31 FF 03 LX! SP, TOPS ;SET STACK POINTER
1207	82 4000 0010 C2 4100 0010 003 CD 00 01 CALL CLRM ;“CLEAR MM”
1207	84 4000 0100 C4 4100 0100 006 21 00 08 LX! H,PORTC ;SET PORT POINTER
1207	88 1000 1000 100 1 ne
1207	Oe es Lee ae 009 CD 5001 ;FETEN CALL  RUAPX
1207	91 1001 0001 Di 1101 0001 00C 7E MOV A,M ‘FETCH ENVL
1207	92 1001 0010 D2 1101 0010 00D C2 15 00 JNZ SsBi IF “OK” IS Y, JUMP TO
1207	94 1001 0100 D4 1101 0100 “SET STALL TO 1”
1207	98 1001 1000 D8 1101 1000 | 010 E6 CF ANI CFH ‘ELSE SET STALL BITS
1207	TOO
1207	Ai 1010 0001 E14 1110 0001 012 C3 17 00 JMP AMM ‘AND JUMP TO “ADDRESS
1207	A2 1010 0010 E2 1110 0010 MM”
1207	A4 1010 0100 E4 1110 0100 015 F6 30 ;SSB1 ORI 30H ‘SET STALL BITS TO 1
1207	A8 1010 1000 E8 1110 1000 017 32 04 08 ;AMM STA PORT4  ;
1207	O1A 3A 0608 ;SAVD LDA PORT6 _ ;“READ MDL”
1207	Bi 1011 0001 FI 1111 0001 01D 47 MOV BA
1207	B2 1 1011 0010 F2 1111 0010 O1E E6 CO ANI COH SOLATE CONL BITS
1207	B4 1011 0100 F4 1111 0100 020 CA 5C 00 uz FEDUP IF “BEFORE” IS N,
1207	B8 1011 1000 F8 1111 1000 JUMP TO
1207	; : “FEED”
1207	Because of this time delay required for generalizing good re- 023 78 MOV A,B ;ELSE FETCH MMD FROM B
1207	sponses, I decided to insert a stop code at ACTL during the penn iy ot. ee ee
1207	Gamma-running interval. This isn’t absolutely necessary, one might 027 CD 50 01 CALL RUAPX — :CALL “RUN ALPHA-PLEX”
1207	have the system call up Beta at the end of each cycle to see if a stall 02A CA TP 00 Jz RMMD __ ;IF “OK” IS N, JUMP TO
1207	condition exists; ifi mm A a UAL os
1207	Sairi ue H nares current Ga ma status could be saved cep she ce tos ifm PORT6 :ELSE FETCH MMD
1207	memory stack until the stall condition is cleared. Gamma could 030 E6 CO ANI CoH ISOLATE CONL BITS
1207	then pick up where it left off. 032 FE CO CPI COH “CONL=3"—Z IF YES,
1207	I certainly enc i i iNZ IF NO
1207	: y encourage a knowledgeable experimenter to try this 034 CA 09 00 JZ FETEN :LOOP BACK TO START
1207	idea. It works much like a microprocessor interrupt sequence. We OF CYCLE
1207	cannot use an interrupt here, however, because the stall conditions IF YES
1207	are sensed by a software routine. 037 C6 40 AID 40H ‘ELSE “INR CONL”
1207	y bins 4 039 4F MOV CA
1207	03A 3A 06 08 LDA PORT6 ;FETCH MMD
1207	THE GAMMA PROGRAMS 03D E6 3F ANI 3FH SET CONL BITS TO ZERO
1207	: 03F Bt ORA C ;COMPOSE NEW MMD WORD
1207	The Gamma Rodney-One system can be considered an exten- 040 32 06 08 :SAMMD STA PORT6 “STORE AS MMDL”
1207	sion of the Beta version. Assuming you have already loaded the Beta 043 E6 CO ANI COH ISOLATE CONL BITS
1207	routines from Chapter 11 and have them working, you need only add 045 FE CO CPI COH eae aay IF YES,
1207	a few steps to the main Beta program and load the Gamma sub- 047 CC 00 02 cz -GAMMA(1 :IF YES, CALL GAMMA-1
1207	routine to get this new and exciting system going. SUBROUTINE
1207	The first program listed here is called Beta With Gamma Cal- 040 C3 09 00 JMP FETEN = ;LOOP BACK TO START
1207	: i OF CYCLE
1207	ling. Most of the steps are already loaded into the system as part of 04D 3A 08 08 :RMMD LDA PORT6  -FETCH MMD
1207	the main Beta program, but note the extra ones that replace the 050 D6 40 sul 40H “DCR CONL”
1207	NOPs (no-operations) which appeared in the main Beta program. 052 E6 CO ANI COH ISOLATE CONL BITS
1207	Just add the extra steps at address locations 043H through 049H eek a oy eens Se ses
1207	052H, and 058H to complete this part of the job.
1207	214 215 -
1208	056 CC 00 02 CZ GAMMA1_ ;IF YES, CALL GAMMA-1 ' | 327 21 06 08 LXI H,PORT4 :RETURN PORT POINTER TO
1208	;SUBROUTINE ‘MMA
1208	059 C3 1A 00 JMP SAVD -RETURN TO “BEFORE” 32A CA 31 03 ys DCON  ;IF Y, JUMP TO |
1208	05C 3A 04 08 ;FEDUP LDA PORT4 — :FETCH MMA/ENVL “INR D COUNT"
1208	O5F E6 80 ANI 80H ISOLATE FEED BIT 82b 16 INR E ‘ELSE “INR E COUNT"
1208	:Z IF YES, NZ IF NO 32E C3 32 03 JMP EDMA — JUMP TO “END MMA"
1208	061 C2 68 00 JNZ FETPL IF N, JUMP TO 331 14 ;DCON INR D “INR _D COUNT"
1208	“FETCH-PLEX” 332 AF -EDMA  XRA A
1208	064 AF XRA A ;CLEAR ACCUMULATOR 333 B9 CMP (© “END MMA"—IF Y, Z
1208	065 C3 6B 00 JMP QUACT JUMP TO “OUTPUT AS FN, NZ
1208	ACTL” 334 CA 3B 03 UZ DEQE ‘IF Y, JUMP TO “D=E"
1208	068 CD 20 10 ;FETPL CALL FETR 337 OD DCR (©) ELSE “DCR MMA"
1208	06B 77 ;OUACT MOV M,A ;OUTPUT AS ACTL” 338 C3 0D 03 JMP MMACK _ ;AND JUMP BACK TO
1208	06C F6 80 ORI 80H “SET CONL=1” “ADDR MMA"
1208	O06E C3 40 00 JMP SAMMD _ JUMP TO “STORE AS 33B 7A ;DEQE MOV A,D ‘FETCH D COUNT
1208	MMDL” 33C BB CMP E -COMPARE WITH E COUNT,
1208	-END OF BETCG PROGRAM. “D=E”
1208	INIT: HE Via
1208	071 3E FO MVI A,FOH ;SET STOP CODE SIF N, NZ
1208	073 32 00 08 STA PORTO  ;LOAD STOP CODE AS 33D C2 48 03 JNZ DLTE ‘IF N, JUMP TO “D LT E”
1208	ACT 340 CD ;RLST = CALL RELST  ;ELSE CALL “REL RESET”
1208	076 21 04 08 LXI H,PORT4 ;SET PORT POINTER TO 343 C2 06 03 JNZ STAR ‘IF NOT DONE, RESTART
1208	MMAL 346 F1 POP PSW ‘ELSE RECOVER
1208	079 C9 RET -RETURN BETA STATUS
1208	347 C9 RET ‘RETURN CONTROL TO BETA
1208	348 DA 5003 ;DLTE JC SB1 ‘IF Y, JUMP TO “SET BIT 1”
1208	34B 16 00 MVI D,00H ‘SET LOWER NIBBLE
1208	. OF D TOO'S
1208	The Main Gamma-1 Program 34D C3 JMP LOAD _ ;AND JUMP TO LOAD ROUTINE
1208	GAMMA1: 350 16 OF _ ;SBI1 MVI D,OFH — ;SET LOWER NIBBLE
1208	300 F5 PUSH PSW SSAVE BETA STATUS OF DTO1'S
1208	801 CD 71 00 CALL INIT ;CALL “INITIALIZE” 352 OE FF ‘LOAD MVI C,FFH
1208	304 06 81 MVi B,FREL — ;INITIALIZE RELEVANCE 354 CD ‘MACK2 CALL MARL ;CALL “MMA REL”
1208	BYTE 357 CA 5D 03 JZ FMMD2 _ ;IF Y, JUMP TO “CONL LT 2”
1208	306 AF ‘STAR =-XRA A 35A C3 JMP EDMA2 — :ELSE JMP TO “END MMA”
1208	307 32 FO 02 STA PHBYT  ;CLEAR PHASE BYTE 35D 3A 06 08 ;FMMD2 LDA PORT6 |
1208	TO ZERO ‘360 E6 CO ANI CCH ‘ISOLATE CONL BITS
1208	30A 57 MOV D,A ;CLEAR D COUNTER 362 FE 80 CPI 80H s“CONL LT 2”—IF Y, C
1208	30B 5F MOV E,A ;CLEAR E COUNTER ‘IFN, NC
1208	30C 0E MVI C,FFH _ ;INITIALIZE MMA POINTER 364 D2 JNC EDMA2 _ :IF N, JUMP TO “END MMA”
1208	30D CD ;MMACK CALL MARL. 367 78 MOV A,B ‘ELSE FETCH RELEVANCE
1208	310 CA 16 03 WZ FMMD _ ;IF Y, JUMP TO BYTE
1208	“FETCH MMD” 368 2F CMA ;COMPLEMENT
1208	313 C3 32 03 JMP EDMA — ;ELSE JUMP TO “END MMA” 369 F6 FO ORI FOH -SET UPPER NIBBLE TO 1’S
1208	316 3A 06 08 ;FMMD- LDA PORT6 36B 5F MOV EA ‘SAVE RESULT IN E
1208	319 E6 CO ANI COH ISOLATE CONL BITS 36C 3A 06 08 LDA PORT6  ;FETCH MMD
1208	31B FE CO CPI COH ;*CONL=3"—IF Y, Z 36F A3 ANA E -CLEAR THE BITS TO BE
1208	FN, NZ CHANGED
1208	31D C2 32 03 JNZ EDMA IF N, JUMP TO 370 32 06 08 STA PORT6  ;RETURN TO MMD
1208	“END MMA” 373 7A MOV A,D ;FETCH BIT STATUS
1208	320 78 MOV A,B ‘ELSE FETCH RELEVANCE 374 AO ANA B ISOLATE RELEVANT BIT
1208	BYTE 375 E6 OF ANI OFH ISOLATE LOWER NIBBLE
1208	321 E6 OF ANI OFH sISOLATE LOW-ORDER 377 F6 40 ORI 40H “SET CONL=1”" '
1208	NIBBLE 379 5F MOV E,A SSAVE INE
1208	323 21 06 08 LXI H,PORT6 ;SET PORT POINTER 37A 3A 06 08 LDA PORT6  ;FETCH MMD
1208	TO MMD 37D B3 ORA E ;CHANGE RELEVANT AND
1208	326 AG ANA M ““MMD REL=0"—IF Y, Z CONL BITS
1208	IF N, NZ
1208	216 217
1208	J
1208	eens
1300	37E 32 06 08 STA - PORT6___;“LOAD BITS” al
1300	381 AF ;EDMA2 XRA A
1300	382 BO CMP c END MMA—IF Y, Z
1300	IF N, NZ ,
1300	383 CA Juz RLST IF Y, JUMP TO
1300	386 0D DOR «| GELSE"DCRMMA :
1300	387 C3 54 03 _ JMP MACK2 — :AND JUMP BACK TO Adding A |
1300	38A C7 RST ) pes S “ee 7
1300	urea. Cassette Tape Interface
1300	REVERTING BACK TO BETA
1300	If, for experimental reasons, you ever want to eliminate the
1300	Gamma subroutine after entering it, do the following:
1300	LOAD 043 C3 4A 00 All the time you have spent entering programs into the program
1300	052 C3 59 00 RAM can be lost in.a fraction of a second if the power supply fails for
1300	These two unconditional JUMP operations bypass the Gamma any reason. Of course, you have a nice backup system if you keep
1300	portion of the program. Of course, getting back the Gamma opera- Rodney at the battery charger and running from the auxiliary power
1300	tion is a matter of replacing the data: supply most of the time, but just knowing that all the programming
1300	LOAD 043 E6 CO can be lost is a scary prospect.
1300	052 E6 CO _ One way to back up the backup system is by keeping the
1300	programs, the information in the program RAM, stored on magnetic
1300	tape. If there is any loss of program information, it can be reloaded
1300	from the tape in just a couple of minutes.
1300	The cassette tape interface described here was originally de-
1300	vised by Intel to demonstrate the value of the serial inputs and
1300	outputs that are uniquely available on the 8085 microprocessor chip.
1300	The procedure assumes the tape machine is of a rather low quality
1300	and uses a tone-burst/no-tone ratio to encode 1s and 0s. Thus, the
1300	tape can stretch, the machine can run at varying speeds, and yet the
1300	data can be retrieved reliably.
1300	The interface circuit is also very simple and inexpensive. It uses
1300	just one IC and a mere handful of ordinary resistors and capacitors.
1300	But here’s the catch—The scheme is so simple because it uses
1300	microprocessor software, or programming, to generate the tones, |
1300	decode the tones, and keep the data flowing back and forth between |
1300	the tape player and microprocessor in an orderly fashion. However,
1300	this type of system means you will have to burn a PROM to store the
1300	tape program. (Otherwise that program could get scrambled, too).
1300	The PROM suggested here is a 1702, 256X8 ROM. I selected
1300	this one because it is inexpensive and widely available, not because it
1300	happens to be the easiest to use. Most of the major electronics
1300	magazines though have published articles showing how to build a
1300	ROM programmer for the 1702.
1300	18 219
1300	it
1301	CASSETTE TAPE INTERFACE CIRCUIT ene gE eer
1301	The circuit for the cassette interface is shown in Fig. 13-1. This
1301	circuit can be added in some unused space on the I/O board. You can
1301	set up the pin numbers in any convenient way, but this diagram
1301	shows SOD going to pin L on the I/O board, then to the SOD line on i
1301	the CPU board via pin L on the CPU board. SID is likewise con-
1301	nected to pin B on both boards and to the SID pin on the micro-
1301	processor chip. ti is
1301	Pin K on the I/O board goes to the “hot” lead of a plug leading to 6% o
1301	the AUX input on the cassette tape machine. Ina similar way, pin C i * ei
1301	goes to the “hot” lead from the earphone jack on the tape machine. o< a 5
1301	Don’t forget to connect the COMM leads of these two plugs to e oe
1301	Rodney’s COMM. I" ae
1301	There is nothing at all tricky about this circuit. It is a set of | | eb sy =
1301	ordinary audio amplifiers which condition the signal levels and match Oy Th ol ne
1301	. wiles Os a 3} or
1301	impedances between the digital system and the cassette tape | & 30 a :
1301	machine. The microprocessor generates the burst tones, compiles a eles a oon > |
1301	leader, and all that sort of thing. A parts list for the tape interface q ae {! :
1301	circuit is shown in Table 13-1. — (ci
1301	(fe Cy “xD
1301	ES st ay eno y) - MN
1301	5 Oo Axi sess TOR Bars
1301	ADDING THE PROM TO THE CPU BOARD S foe TN oS a
1301	1 /
1301	We haven’t dealt with the tape program yet, but after you’ve S I ree be
1301	hada chance to try it out for yourself, you can “burn” it into the 1702 ! > =
1301	PROM. In the meantime, you can install the socket for this PROM a
1301	on the CPU board. Figure 13-2 shows the wiring diagram, and Fig. A 9
1301	13-3 shows where the PROM should be situated on the CPU board. N “
1301	S 2 q 3 fea} k
1301	Table 13-1. Parts list for the tape interface circuit and tape program ROM. i pane: N}od
1301	i Hf oe oO aR
1301	2210 LM324 quad operational amplifier (Jameco) : i 5 beac,
1301	1 ea. 14-pin WW socket (Jameco) i a Baa RE
1301	1 ea. 100 Ohm resistor 3 a dad elie
1301	1 ea. 220 Ohm resistor ces 25 =7-pRRe 8 pe
1301	1 ea. 820 Ohm resistor bi L Ee oc fo) eS 3
1301	3 ea. 1k resistor i foe os
1301	6 ea. 10k resistor i aoe Eg 2
1301	1 ea. 22k resistor ie Qas5 £
1301	1 ea. 1 Meg resistor i nol: gS
1301	1 ea. 0.001 uF mylar capacitor ni an £
1301	3 ea. 0.1 wF mylar capacitor f | 3
1301	2 ea. 1N458 rectifier diode (Jameco) b | .
1301	PROM Components to the Added to CPU Board (Board 100) j F
1301	Z131 1702 256x8 PROM (Jameco) °
1301	1 ea. 24-pin WW socket (Jameco) fo.)
1301	220 q 221
1302	A
1302	4. About 40 seconds later, the motor status lamps on the
1302	og power-distribution panel will begin flashing to indicate the
1302	entire contents of the program RAV is on the tape. Turn off
1302	Eee i —9V the tape recorder immediately.
1302	Poel pais { TO PIN Y OF 5, Return the system to PROGRAM and turn on the RESET
1302	A7 a CPU BOARD switch
1302	mE 6. Restore the first three instructions in the program (the
1302	7 20 | ones you “wrote over” in step 2), and you're back in
1302	ponies is —— 9V BATTERY business.
1302	A3 1702 :
1302	Vea Here’s how you can program the system RAM from the tape: |
1302	Ai—4 (—)BATC 1. Connect the tape machine to the interface circuit and con-
1302	ao—3 a nect the —9V supply to the PROM.
1302	4] 5] 6[ 7] 8] 9]t0[11 71.9 2. LOAD the following program in the program RAM
1302	000 C3 AO 04 JMP PRMPL; JUMP TO THE PLAYBACK
1302	DO D1 D2 D3 D4 D5 D6 D7 CROM ‘INSTRUCTION IN THE PROM
1302	SYSTEM DATA BUS ics Again, this step destroys the first three instructions in
1302	your program RAM. But, as before, you can restore them
1302	‘Fig. 13-2. The tape program ROM circuit on th : elf.
1302	: ce one. 3: Tat on the tape machine (in the PLAYBACK mode), set
1302	Ihave already mentioned that the 1702 isn’t the easiest ROM to the system to RUN, and turn off the RESET switch.
1302	use, and this fact shows up in the little battery circuit in Fig. 13-2.
1302	The PROM requires a —9V supply for normal operation. i
1302	You are free, of course, to devise a little power supply that
1302	supplies — 9V, but a 9V battery can be used just about as easily. The
1302	battery doesn’t have to be connected in the circuit at all times—just <<
1302	plug it in whenever you plan to use the tape interface.
1302	USING THE TAPE INTERFACE a C102 Ty
1302	Suppose you have some program information stored in the
1302	program RAM, and you want to save it on cassette tape. Assuming
1302	the ROM is “burned” and installed, here is the procedure: 2131
1302	
1302	1. Connect the tape machine to the interface circuit and con-
1302	nect the —9V supply to the PROM.
1302	
1302	2. To get the microprocessor running from the PROM you 2133
1302	must LOAD the following program: REGULATOR
1302	
1302	000 C3 00 04 JMP PROM; JUMP TO THE PROM ADDRESS
1302	Of course this “writes over” the first three instructions in nae re}
1302	your stored RAV program, but you can replace them after
1302	the recording operation is done.
1302	
1302	3. Turn on the tape recorder (in the RECORD mode, of CPU BOARD (BOARD 100)
1302	course), set the system to RUN and turn off the RESET |
1302	switch. Fig. 13-3. Layout of the program ROM on the CPU board.
1302	
1302	222 ; ‘a
1302	g
1303	4, When the playback job is done, the motor status lamps will | 436 C2 35 04 JNZ BU2
1303	flash. Turn off the tape machine right away. 439 EE 80 XRl 80H ‘COMPLEMENT SOD DATA BIT
1303	43B 15 DCR D
1303	5 Return the system to PROGRAM and turn on the RESET 43C C2 32 04 JNZ BU ‘CONTINUE UNTIL BURST OR
1303	switch. ;PAUSE IS FINISHED
1303	6. Program the first three instructions in your program for- be tad as pea
1303	mat, and the system is ready to go again. ee ae
1303	Both the recording and playback operations should be carried
1303	; : 440 F3 CASO: ODI ;DISABLE INTERRUPTS
1303	out,with the level control on the tape player set for maximum volume. 444 DS PUSH D “SAVE D IN STACK
1303	In case you're interested, the burst tone has a frequency of about 442 06 09 MvI BOSH —s;SET BYTE SIZE
1303	3kHz and the bit-transfer rate is about 100 bps. a8 Ne CO ae CLEAR Ae
1303	445 3E CO MVI A,COH — ;SET AFOR TONE BURST
1303	447 CD 30 04 CALL ~~ BURST
1303	THE TAPE-INTERFACE PROGRAM 44A 79 MOV A.C ‘FETCH NEXT BIT TO
1303	The following program is preset using ROM addresses. It can 448 1F RAR re OF eutiey
1303	be modified to operate in the RAM space, but if you want to try that 44C 4F MOV GA ;MAKE CARRY BIT THE SOD
1303	trick, remember to change all CALL and JUMP instructions to the sENABLE
1303	appropriate addresses. ae fe Ma hee Bs
1303	: 450 iF RAR
1303	Cassette Record—ROM Version 451 CD 30 04 CALL BURST
1303	400 31 03 FF RECO: LX! SP, TOPS ;SET STACK POINTER TO 454 AF XRA A CLEAR A
1303	;TOP OF RAM SPACE 455 CD 30 04 CALL BURST
1303	403 21 00 00 LXI H,0000H__ ; INITIALIZE MEMORY 458 05 DCR B ‘DECREMENT BIT COUNT
1303	POINTER 459 C2 44 04 JNZ Cot ;REPEAT UNTIL ALL BITS
1303	406 CD 10 04 CBKRD: CALL BKRCD ;CALL RECORD SEQUENCE IN THE BYTE ARE RECORDED
1303	409 23 INR H ‘INCREMENT H COUNTER 45C D1 POP D ‘RECOVER D STATUS FROM
1303	40A FE 03 CPI HMMAX — ; i STACK
1303	40C C2 06 04 JNZ CBKRD _ IF NOT DONE, JUMP BACK . 45D FB El sENABLE INTERRUPTS
1303	TO RECORD SEQUENCE 7 45E C9 RET ;RETURN
1303	40F CD 70 04 CALL FLASH —_;ELSE CALL FLASH TO ;END OF CASO SUBROUTINE
1303	;SIGNAL END OF RECORDING ;
1303	END 8 | |
1303	+ 470 21 00 08 FLASH: LXI H,PORTO ;SET PORT POINTER TO |
1303	| PORT 0, ACTL |
1303	410 OE FA  BKRCD: MVI C,FAH SET LEADER BURST LENGTH 473 36 FF MVI M,FFH  ;TURN ON STATUS LAMPS
1303	412 3E CO MVI A,COH | 475 1E OF CONT: MVI E,0FH INITIALIZE E COUNTER
1303	414 CD 30 04 BRI: CALL BURST  ;OUTPUT TONE 477 16 FF MVI D,FFH INITIALIZE D COUNTER
1303	417 0D DCR Cc 5 479 OE FF MVI C,FFH — ;INITIALIZE C COUNTER
1303	418 C2 14 04 JNZ BRI ;SUSTAIN LEADER TONE : 47B 0D DCC: DCR Cc ;COUNT C
1303	41B AF XRA A CLEAR ACCUMULATOR 7 47C C2 7B 04 JNZ pec IF NOT ZERO, JUMP BACK
1303	41C CD 30 04 CALL BURST ‘TO “COUNT C”
1303	41F 4E BR2: MOV CM ;FETCH DATA BYTE TO BE i 47F 0D DCR D ;COUNT D
1303	RECORDED 480 C2 7B 04 JNZ pec IF NOT ZERO, JUMP BACK TO
1303	420 CD 40 04 CALL CASO OUTPUT BYTE TO RECORDER COUNT C”
1303	423 2C INR L ;POINT TO NEXT BYTE 483 1D DCR E ‘ELSE COUNT E
1303	424 C2 1F 04 JNZ BR2 ] 484 C2 7B 04 JNZ pec ‘IF NOT ZERO, JUMP BACK TO
1303	427 C9 RET | ““COUNT C”
1303	;END OF BKRCD SUBROUTINE | 487 EE OF XRI OFH ‘ELSE COMPLEMENT
1303	| STATUS LAMPS
1303	489 C3 7B 04 JMP pcc ;AND RESTART COUNTING
1303	430 16 10 BURST: MVI D,10H_ —_;SET NUMBER OF CYCLES : CYCLE
1303	432 30 BUI: SIM i. ‘END OF FLASH SUBROUTINE
1303	433 1E 1E MvI E,1EH :
1303	435 1D BU2: DCR E ;REGULATE TONE FREQUENCY a
1303	.
1303	224 | 225
1400	Cassette Playback—ROM Version
1400	ee a on 00 PLBK: Pa eo “INITIALIZE MEMORY POINTER
1400	FA ;START CHECKING FOR
1400	445 CDCO04 PBI: CALL __BITIN come
1400	MigAu cia ice: ye PLBK — ;CONTINUE LOOKING FOR
1400	dnt be ae : ;LEADER ON THE TAPE (
1400	4AC C2 AS 04 JNZ PBI. GWAITFOREND Expanding the Rodney System
1400	4AF CD DO 04 PB2: CALL CASI ee antl BYTE TO BE
1400	ENTERED
1400	ee ane ‘STORE THE BYTE .
1400	i INCREMENT MEMORY
1400	4B4 C2 AF 04 JNZ PB2 oe
1400	4B7 24 INR H : : | The environmental inputs and action outputs on your Rodney sys-
1400	His bi a ve oe : PB2 tem have the capacity for working with 16 bits of information. The
1400	litanle aed a main-memory system is likewise outfitted for 16 bits of environmen-
1400	4CO 1E 16 BITIN: MVI E,16 : ae. tal addressing. The programs utilized in Chapters 10 through 13,
1400	pee i 2 pit BIT1 pan a however, only call upon the lower 8 bits in each case.
1400	4C6 20 RIM Legh ABE It might appear, in other words, that you are using only half the |
1400	4C7 17 RAL ‘MOVE BIT INTO system’s full capability. That isn’t quite the case. With an 8-bit
1400	ee nn Hibs Bead system, you are working with 256 possible environmental condi-
1400	THRE Ha seeintie tions, action combinations, and main-memory addressing. If you
1400	move to a 16-bit system, the combinations reach nearly 65,000 in
1400	4D4 15 oe Den thea So, you are really only using a tiny fraction of Rodney’s poten-
1400	4D5 CD CO 04 CALL _BITIN tial. You can stick on moveable arms and fingers, add 3-D sensing
1400	ped o D4 04 a A Tle “eyeballs” and maybe even make him talk. It’s all possible if you are
1400	4DC CD coos eal Big clever enough to figure it out.
1400	4DF D2 DB04 JNC TI3 None of the work described thus far uses ENVH, ACTH, and
1400	we Hi sa A,D MMAH (Ports 1 and 5 respectively). This is neither the time
1400	4E4 79 Het ae nor the place to embark upon a detailed set of instructions concern-
1400	4E5 1F RAR : ing the application of these unused ports. The time isn’t right,
1400	4E6 4F MOV CA because there is a need for more serious investigation into the
1400	ne ph D2 04 pi B properties of Rodney-class machine intelligence. This isn’t the place
1400	4EB C9 RET Vi ‘RETURN. END OF CASI to show more circuitry, even if we ignore further advances in
1400	machine intelligence—this book would simply be too large to be
1400	practical.
1400	
1400	So let’s assume by now that you are something of a Rodney
1400	expert. If you’ve been following the theories and instructions care-
1400	fully, you probably want to try some of your ownideas anyway. Have
1400	a ball—it’s all yours. |
1400	
1400	I will suggest a couple of simple add-on circuits that use the
1400	
1400	upper bytes in the system. These are only suggestions, however; do
1400	what you want with them.
1400	226 097
1401	| cc
1401	. <
1401	+12V 0 -+5V-C : . oe) o.
1401	| Waa an
1401	R221 R217 PZ201 ; © e a
1401	ot | IS PES, a Zeon | Moti =o
1401	| O
1401	9 6 33 e
1401	fy 2206-C } ol
1401	LOW POINT a of |
1401	ADJ. 10K 2201, 2206 AND PZ201 D7 OF |
1401	R213 ARE ALREADY ON THE ENVL Ww Ihe u,
1401	50K (0 BOARD—ONLY THE S23 x Sery
1401	RESISTORS HAVE TO BE ADDED Bt thee sa ai S
1401	= >
1401	Te) ©
1401	~ - -
1401	ie 14-1. A low-battery voltage sensing circuit. a a Ls
1401	LOW-BATTERY SENSING CIRCUIT
1401	It would be nice if Rodney had some way to sense a low battery se) 3
1401	condition. A low-voltage sensing circuit is shown in Fig. 14-1. The \ neon © Oo
1401	nice thing about this particular circuit is that it uses portions of ICs + 2
1401	already in use on the I/O board. All you have to addis a few resistors & w bie |
1401	and a potentiometer. i a |
1401	The circuit is connected as a voltage comparator, one that = OQ. ir |
1401	compares a regulated 2.5V level with a sample of the battery vol- Ni ¥ 9
1401	: | a
1401	+5V-C a .
1401	os ou aa
1401	470K Nae PZ201 ome =O |
1401	R270 Z201-D @g 2B ne a
1401	R210 Z206-D al w =
1401	un [e HE 10g ; i x :
1401	ae ee: ° 5 =
1401	QO = ®
1401	1M | 3 S175 5,
1401	ie o
1401	. + 6
1401	ree 2201, Z206 AND PZ201 pt OF | o a
1401	tok ARE ALREADY ONTHE ~— ENVH | ane s
1401	= (0 BOARD—ONLY THE i g wr =
1401	RESISTORS HAVE TO BE ADDED i N ©@) fe =
1401	Fig. 14-2. A light-sensing circuit. i i
1401	i
1401	228 229
1402	tage. The LOW POINT ADJ. pot should be adjusted so that the pin-9 is \
1402	output of Z201-C makes a transition from logic 0 to 1 when the NI
1402	battery voltage drops below 8V. The Schmitt-trigger inverter, | ‘a ral ts =
1402	Z206-C, inverts the phase of the signal and assures a clean, TTL- i al es e |
1402	compatible HUNGRY alarm. , Cr = A Ww
1402	Applied to pin 33 of PZ201, this HUGY alarm becomes D7 of } ug |
1402	ENVL. The following program sequence thus gives you access to } = IAN
1402	the low-voltage alarm: N aS
1402	aaa 3A 00 08 LDA PORTO ;FETCH ENVL } ° a S
1402	aaa E6 08 ANI 08H ISOLATE HUNGRY BIT i
1402	IF HUNGRY, Z
1402	IF NOT HUNGRY, NZ real
1402	ie t ™
1402	GIVING RODNEY AN “EYE” t v2 S |
1402	It is possible to make Rodney responsive to an external light , o Si N ies
1402	source by adding a phototransistor and suitable interfacing circuit. \ a |
1402	The circuit is actually identical to the ones used in the motor i Q x 4 © wy} =
1402	motion-sensing circuit. i Qa. #°e cr
1402	The amplifier circuit in Fig. 14-2 picks up the signal from the t a
1402	collector of a phototransistor at pin e on the edge-card assembly. } +
1402	The signal is amplified by Z201-D (a device already mounted on your | Se
1402	I/O board), “cleaned up” by Z206-D, and supplied to the bus system , fe =
1402	as D1 of ENVH. | | a ite 9 |
1402	You can compose software to “tune” the circuit for certain M4 S . os |
1402	flashing-light frequencies or simply to look for light/no-light condi- , Ws tid rs
1402	tions. The following program sequence places this LTIN bit into the { ™Y¥
1402	: roe)
1402	accumulator of the microprocessor: | es a
1402	aaa 3A 01 08 LDA = PORT1_ ;FETCH ENVH 5
1402	aaa E6 02 ANI 02H ‘ISOLATE LTIN BIT : os “
1402	Se : ) QS
1402	What you do with it after that is up to you. { (Be
1402	GIVING RODNEY A “BEEP-BEEP” VOICE 1 | ran re
1402	The circuit in Fig. 4-3 is a simple audio tone generator which q j a. 2
1402	produces a simple beeping signal. The circuit is silenced as long as » Be aos t& e hs
1402	pin 4 of Z204-A is held at logic 0. Allowing this point to be pulled up to 5 ie S Ss 2
1402	logic 1 starts the beeping tone. | a cer +N 2
1402	The enabling signal for this circuit comes from bit D1 of : oy. et pa [2
1402	ACTH—it is considered a valid action mode. The following program | al Se = 3) ao]
1402	sequence causes the circuit to generate its beep tone, assuming of , O+ © -
1402	course the SPKR output is connected to an ordinary 8-ohm | -
1402	{ Ola |t +
1402	loudspeaker: } 4 ise) iy +
1402	aaa 3A 0108 LDA PORT1  ;FETCH ENVH '} pe Q es
1402	aaa F6 02 ORI 02H SEO BEER BInt@ a g oc ed sires
1402	aaa 32 01 08 STA PORT1 ;OUTPUT AS ACTH / ‘
1402	} 231
1402	230 :
1402	)
1403	The first operation fetches the present ACTH status and the second |
1403	: : : aes ESSIN -BYTE MAIN-M E
1403	step sets BEEP to logic 1 without affecting the other bits in ACTH. ACCESSING A 2-BYTE MAIN FEDORY ADDR ae ie
1403	The third instruction outputs the revised ACTH byte to output Port As you expand the environment sensing capability of your
1403	1 and starts the beeping sound. Rodney machine, you will also want to make corresponding expan- |
1403	The next sequence turns off the beeping sound without affect- sions of the main-memory addressing. Rodney, as already described |
1403	ing the status of the other bits in ACTH: in this book, has a full 2-byte main-memory address. To this point, |
1403	aaa 3A 0108 LDA PORT1. -FETCH ENVH we have only used the lower byte. The following programs suggest |
1403	aaa E6 FD ANI FDH ‘SET “BEEP” BIT TO 0 one approach to addressing a 2-byte main memory and either loading
1403	aaa 32 0108 STA PORT1 ;OUTPUT AS ACTH j or reading a 1-byte data word.
1403	j aaa 21 04 08 LXi H, PORT4;SET PORT POINTER TO
1403	GIVING RODNEY AN “EAR” ;MMAL
1403	: ‘ 3 aaa 3E mm MVI A,mm ;LOAD LOWER-BYTE ADDR
1403	It is also possible to make Rodney responsive to an audio ‘INTO REGISTER A
1403	element of his environment. The circuit in Fig. 4-4 is simply an audio aaa 77 MOV MA Tea. ADDR
1403	: : : ee : ‘| le
1403	amplifier that picks up low level audio Signals from a microphone, | eee INR : ‘SET PORT POINTER TO |
1403	amplifies them in Z202, and “cleans up” the result in Z206-E before | ‘MMAH, PORT 5
1403	making it DO of ENVH. The volume control, R242, is an important aaa 3E nn MVI A,nn — ;LOAD UPPER-BYTE ADDR
1403	roe ; p ‘ | -INTO REGISTER A
1403	part of this circuit because you probably won’t want Rodney respond: aaa 77 MOV MA ‘LOAD UPPER-BYTE ADDR
1403	ing to the sound of his own motors. ‘INTO MMAH
1403	The following program illustrates one way to get access to the ' aaa 2C INR L -SET PORT POINTER TO
1403	+t. MMDL—
1403	ak a 08 LDA PORT1_ (FETCH ENVH eho
1403	E6 O01 4 ; aaa 3E dd MVL Add ~—:LOAD DATA INTO
1403	aaa ANI O1H ISOLATE SOND BIT . REGISTER A
1403	After isolating the SOND bit in the accumulator, you can work MOV M.A PNaoal eae
1403	out some software that makes the system respond to certain fre- i aaa 2D DCR Lt
1403	quencies. Again, there are a lot of interesting possibilities. aaa 2D DCR 5 UL ‘RETURN PORT POINTER
1403	TO
1403	—rr— eOlneetrt—~—~—“‘iOOWCONds”SCisCSCSsSCSiCti*C;UCiéCOUMC 4
1403	i ,rlhlUrUTlhmrtét~—.:«Ci‘ ey
1403	a  =3=—hmrmrm.ir..' 2. _._Cacsasad—_e4 sits : i
1403	_ . =<. 4 | SF ew — | ram merely reset the port pointer back to its original Port-4 level.
1403	| . rT a |. dl Storing a new byte of data in this memory scheme uses much the
1403	—rrt—“OsO—CSs—i—C—C;s<‘<siéi;s;C; CL yl | same procedure. MVIA, ddis omitted, however, and the MOV M,A
1403	i. .' = ii =F .  -. | : :
1403	_ ieee... = _,. i step that follows is replaced with MOV A,M.
1403	rr ll rrrs~t~<C:r;ri‘(C iésOCOCSCSCSCNCsirsié*sCié=S;‘(‘iCiCR.COCw
1403	i LLhLrrrr—OC—=é“*#RENCSC | i. 2 |
1403	Ce Fe a i. |
1403	ee DD =e
1403	Fig. 14-5. Two views of Rodney. : |
1500-Index	Cybernetics 13 1
1500-Index	Cyborg 13 INIT 206
1500-Index	CYCLE 206
1500-Index	| D GAM 206
1500-Index	Data bus 22 MMA 208
1500-Index	f D COUNT 166, 208 = INITIALIZE 157, 188
1500-Index	i D=E 208 INR CONL 190
1500-Index	i DpDC=O0O 166 Installing 132
1500-Index	DCR CONL 190 buffers 145
1500-Index	if MMA 208 microprocessor 145
1500-Index	i" DONE 209 motor-control system 132
1500-Index	" motor speed sense circuit 135
1500-Index	; E 100-pin connector 96
1500-Index	4s E COUNT 208 Rodney’s bumper 152
1500-Index	a END MMA 208 Rodney’s charge rings 152
1500-Index	I Eye 230, 232 Integrative behavior 13
1500-Index	index i 1/O board, additions 106
1500-Index	q F /O port O, checking 115
1500-Index	FEED 158 testing 112
1500-Index	y Feed sensing, adding the circuitry138  1/O ports on data bus 28 |
1500-Index	| FETCH ENVL 158  1/O port 2, testing 112 |
1500-Index	MMD 208 Is this for real fli, |
1500-Index	: PLEX 191
1500-Index	RAND 160 J
1500-Index	A reverting back to 218 Firing up Alpha Rodney-One 173 Jameco Electronics 41
1500-Index	Accessing a 2-byte main-memory Beta-Class robot 16, 204 a microprocessor 147
1500-Index	address 233 Beta Rodney-One programs 194 Front panel 34 K
1500-Index	Adding main memory to running 187 assembly 34 Keep track as you go along 40
1500-Index	CPU board 178 Book, read before | constructing 72
1500-Index	prom to CPU board 220 starting to build 39 . testing 72 L
1500-Index	the circuitry feed sensing 138 Buffers 144 tests 182 LM RUN 158
1500-Index	Address bus 23 circuits 144 Front panel system, LOAD NEW MMD 209
1500-Index	MM 190 installing 145 ; electrical components 64 Low-battery sensing circuit 228
1500-Index	ADDR MMA 206 static tests 45 be ee, 78 M
1500-Index	H AD7 141. Bus 22 unction-select circuitry, ee
1500-Index	pool get Ait’ 141 address 23 | theory of operation 83 ala pe 2
1500-Index	ALE 142 control 25 on address bus 32 Ha Mitel hie
1500-Index	Alpha Class robot 15, 204 data 22 flowchart analysis 160, 191
1500-Index	Rodney-One 157 _ Busses, origin 25 | . memory to CPU board,
1500-Index	Rodney-One, firing up 173 Gamma 16 adanee i 178
1500-Index	Rodney-One program 170 Cc programs 214 program 194
1500-Index	Alter response a7 CC.) 166 program flowcharts 206 iig neers addiese
1500-Index	Appreciate Gamma-Class Checking de program, general view 210 alias 4 ne 233
1500-Index	behavior 202 1/0 port O 115 Gamma-Class 16 pee 9 M (ee
1500-Index	| Assembling 93 meaireiiemnony system | srr ae appreciate a Saipan, Hecke 182
1500-Index	426 out program robo’ : UI f
1500-Index	useleblaly 126 random-number generator 116 Gamma-Rodney scheme 205 ag iehieoiile a
1500-Index	select circuitry 93 CLEAR MM 188 | Gathering Ai aero aes ma
1500-Index	Automatic 13 © COUNT 166 | eves oe an acres bus oe
1500-Index	Automation Sy ale bats shai bs on data bus 28
1500-Index	Autonomous 43 LT2 208 i General view Memory-mapped >A
1500-Index	Auxiliary power supply 49 CONL=3 190; 206 | Carne Pe ale Microprocessor 20
1500-Index	Constructing a front panel We | H orcs 141
1500-Index	i ela aAeing pro oe | Hexadecimal communication ove connie 20
1500-Index	ai : | system iring u 147
1500-Index	Battery-charger system 156 additions i . wath the system 113 inealIng 145
1500-Index	Beta 16 setting up | HOW more important than WHAT 14 more about role 32
1500-Index	234 { 235
1501-Index	PS 6 lll
1501-Index	MMA REL 208 iving an “eye” 230 1/0 port O Me v
1501-Index	MMD REL = O 208 fe airesl ooo 14 /0 port 2 ie Yee
1501-Index	Motor 117 mainframe 35 motor-control system 132
1501-Index	control circuit theory 117 nest 35 motor speed sense circuit 135 W
1501-Index	Motor-control system, installing 132 Rodney’s 22 program RAM 112 Wirin 76
1501-Index	testing 132 bumper, installing 152 the system _ 96 TF aes desler et
1501-Index	Motor speed sense circuit 122 charge rings, installing 152 Theory of operation 56 ole rae 76
1501-Index	sense circuit, installing nes) microprocessor system 22 _ detailed : 88 data section of the I/O board 76
1501-Index	sense circuit, testing 135 responses to motor-control Time delays in perspective 168 > irs pian 96
1501-Index	signals 124 TIME 1 166 100-pin connector ys
1501-Index	N RUN 158 Troubleshoot as you go along = 42 WR
1501-Index	Nest assembly 154 ALPHA-PLEX 188 Maree e
1501-Index	Noise problem, solving 150 wo 1 ao TURN OFF FSLX 166 x
1501-Index	0 TO RM 158 ON FSLX 166 XM RUN routine 164
1501-Index	OK 188 Running Beta Rodney 187 Turning point, critical 41. XMS SAVE ie
1501-Index	400-pin connector 96 XMS = XMS 141
1501-Index	installing 96 $ coe x1 a
1501-Index	wiring 96 Sears A Using tape interface 222 X2
1501-Index	Operation, theory 56 ‘Select circuitry, assembling 93 |
1501-Index	OUT MMD AS ACT 190 (SET 166
1501-Index	OUTPUT 160 BIT 1 208 i
1501-Index	AS ACTL 191 BIT O 208 ¥
1501-Index	NEW ACT 160 CONL = 1 191, 208 i
1501-Index	STOP ACT 160 NOT OK _ 166
1501-Index	OK 166 |
1501-Index	P STALL TO 1 190
1501-Index	Parabots 12 STALL TO 0 190
1501-Index	Parts, gathering 41 SID 141
1501-Index	Power-distribution section 124 SOD’ 143 ‘
1501-Index	Power panel, assembling 126 Solving the noise problem 150 (
1501-Index	Program RAM, checking out 114 ST 142 {
1501-Index	testing 112 Stars Wars 15
1501-Index	Programmed tests 183 Static tests buffers 145 ;
1501-Index	Project, justifying the cost 42 STORE AS MMDL 190 1
1501-Index	Project, what's so tough 9 Subroutines 171
1501-Index	CLRM 196 \
1501-Index	R FETR 173, 196
1501-Index	Radio Shack 41 LMRN TA
1501-Index	Random-number generator, RTLM 171
1501-Index	checking 116 RTRM aA ]
1501-Index	READ MMDL 190 RMRN 171
1501-Index	RELST 209 RUAPX 198 ;
1501-Index	flowchart 212 TIME 1 196
1501-Index	RESET IN 141 Surplus Center 41 :
1501-Index	RETURN 166 System 96 1
1501-Index	BETA 210 hexadecimal communication 113 |
1501-Index	Reverting back to Beta 218 testing 96 |
1501-Index	RD 142 troubleshooting 96 1
1501-Index	RM RUN 158
1501-Index	Robot 12 T 1
1501-Index	a matter of semantics 13  Tape-interface program 224
1501-Index	what is a 12 using 222
1501-Index	what isn’t 12 Test as you go along 42
1501-Index	Rodney 14 programmed 183 »
1501-Index	giving a “beep-beep” voice 230 Testing 82 j
1501-Index	giving an “ear” 232 a front panel Ve.
1501-Index	236 237
